ISO-10303-21;
HEADER;
FILE_DESCRIPTION(('Open CASCADE Model'),'2;1');
FILE_NAME('Open CASCADE Shape Model','2026-09-29T18:13:54',('Author'),(
    'Open CASCADE'),'Open CASCADE STEP processor 7.4','Open CASCADE 7.4'
  ,'Unknown');
FILE_SCHEMA(('AUTOMOTIVE_DESIGN { 1 0 10303 214 1 1 1 1 }'));
ENDSEC;
DATA;
#1 = APPLICATION_PROTOCOL_DEFINITION('international standard',
  'automotive_design',2000,#2);
#2 = APPLICATION_CONTEXT(
  'core data for automotive mechanical design processes');
#3 = SHAPE_DEFINITION_REPRESENTATION(#4,#10);
#4 = PRODUCT_DEFINITION_SHAPE('','',#5);
#5 = PRODUCT_DEFINITION('design','',#6,#9);
#6 = PRODUCT_DEFINITION_FORMATION('','',#7);
#7 = PRODUCT('Open CASCADE STEP translator 7.4 2',
  'Open CASCADE STEP translator 7.4 2','',(#8));
#8 = PRODUCT_CONTEXT('',#2,'mechanical');
#9 = PRODUCT_DEFINITION_CONTEXT('part definition',#2,'design');
#10 = ADVANCED_BREP_SHAPE_REPRESENTATION('',(#11,#15),#5845);
#11 = AXIS2_PLACEMENT_3D('',#12,#13,#14);
#12 = CARTESIAN_POINT('',(0.,0.,0.));
#13 = DIRECTION('',(0.,0.,1.));
#14 = DIRECTION('',(1.,0.,-0.));
#15 = MANIFOLD_SOLID_BREP('',#16);
#16 = CLOSED_SHELL('',(#17,#221,#335,#389,#471,#728,#1334,#1521,#1598,
    #2102,#2127,#2132,#2235,#2311,#2361,#2411,#2460,#2509,#2559,#2609,
    #2636,#2823,#2828,#2931,#3118,#3123,#3204,#3209,#3241,#3274,#3307,
    #3339,#3364,#3389,#3414,#3439,#3471,#3504,#3511,#3948,#4112,#4276,
    #4440,#4604,#4674,#4744,#4831,#4886,#4940,#5025,#5095,#5177,#5204,
    #5289,#5359,#5441,#5468,#5550,#5608,#5662,#5703,#5744,#5831,#5838));
#17 = ADVANCED_FACE('',(#18),#34,.F.);
#18 = FACE_BOUND('',#19,.F.);
#19 = EDGE_LOOP('',(#20,#70,#98,#124,#152,#195));
#20 = ORIENTED_EDGE('',*,*,#21,.F.);
#21 = EDGE_CURVE('',#22,#24,#26,.T.);
#22 = VERTEX_POINT('',#23);
#23 = CARTESIAN_POINT('',(46.326380815064,50.900942143734,8.427418760474
    ));
#24 = VERTEX_POINT('',#25);
#25 = CARTESIAN_POINT('',(40.42543867133,50.971699874745,8.528471272979)
  );
#26 = SURFACE_CURVE('',#27,(#33,#47),.PCURVE_S1.);
#27 = ( BOUNDED_CURVE() B_SPLINE_CURVE(4,(#28,#29,#30,#31,#32),
.UNSPECIFIED.,.F.,.F.) B_SPLINE_CURVE_WITH_KNOTS((5,5),(395.25526261286,
399.85000635444),.PIECEWISE_BEZIER_KNOTS.) CURVE() 
GEOMETRIC_REPRESENTATION_ITEM() RATIONAL_B_SPLINE_CURVE((1.,1.,1.,1.,1.)
) REPRESENTATION_ITEM('') );
#28 = CARTESIAN_POINT('',(46.326380815064,50.900942143734,8.427418760474
    ));
#29 = CARTESIAN_POINT('',(44.848653215212,50.938256570782,8.480709285086
    ));
#30 = CARTESIAN_POINT('',(43.380995583329,50.961087939147,8.513315858308
    ));
#31 = CARTESIAN_POINT('',(41.909906548227,50.971699874745,8.528471272979
    ));
#32 = CARTESIAN_POINT('',(40.42543867133,50.971699874745,8.528471272979)
  );
#33 = PCURVE('',#34,#39);
#34 = PLANE('',#35);
#35 = AXIS2_PLACEMENT_3D('',#36,#37,#38);
#36 = CARTESIAN_POINT('',(65.,45.,0.));
#37 = DIRECTION('',(0.,-0.819152044289,0.573576436351));
#38 = DIRECTION('',(-1.,0.,0.));
#39 = DEFINITIONAL_REPRESENTATION('',(#40),#46);
#40 = B_SPLINE_CURVE_WITH_KNOTS('',4,(#41,#42,#43,#44,#45),
  .UNSPECIFIED.,.F.,.F.,(5,5),(395.25526261286,399.85000635444),
  .PIECEWISE_BEZIER_KNOTS.);
#41 = CARTESIAN_POINT('',(18.673619184936,-10.28797867163));
#42 = CARTESIAN_POINT('',(20.151346784788,-10.3530343899));
#43 = CARTESIAN_POINT('',(21.619004416671,-10.39283966592));
#44 = CARTESIAN_POINT('',(23.090093451772,-10.41134101103));
#45 = CARTESIAN_POINT('',(24.57456132867,-10.41134101103));
#46 = ( GEOMETRIC_REPRESENTATION_CONTEXT(2) 
PARAMETRIC_REPRESENTATION_CONTEXT() REPRESENTATION_CONTEXT('2D SPACE',''
  ) );
#47 = PCURVE('',#48,#64);
#48 = ( BOUNDED_SURFACE() B_SPLINE_SURFACE(2,4,(
    (#49,#50,#51,#52,#53)
    ,(#54,#55,#56,#57,#58)
    ,(#59,#60,#61,#62,#63
)),.UNSPECIFIED.,.F.,.F.,.F.) B_SPLINE_SURFACE_WITH_KNOTS((3,3),(5,5),(
    0.,4.594743741582),(395.25526261286,399.85000635444),
.PIECEWISE_BEZIER_KNOTS.) GEOMETRIC_REPRESENTATION_ITEM() 
RATIONAL_B_SPLINE_SURFACE((
    (1.,1.,1.,1.,1.)
    ,(0.888433751603,0.887683969691,0.887224385532,0.887010833178
      ,0.887010833178)
,(1.,1.,1.,1.,1.))) REPRESENTATION_ITEM('') SURFACE() );
#49 = CARTESIAN_POINT('',(46.326380815064,50.900942143734,8.427418760474
    ));
#50 = CARTESIAN_POINT('',(44.848653215212,50.938256570782,8.480709285086
    ));
#51 = CARTESIAN_POINT('',(43.380995583329,50.961087939147,8.513315858308
    ));
#52 = CARTESIAN_POINT('',(41.909906548227,50.971699874745,8.528471272979
    ));
#53 = CARTESIAN_POINT('',(40.42543867133,50.971699874745,8.528471272979)
  );
#54 = CARTESIAN_POINT('',(45.363924002974,45.,-4.440892098501E-15));
#55 = CARTESIAN_POINT('',(44.136195950443,45.,-2.6645352591E-15));
#56 = CARTESIAN_POINT('',(42.913739444848,45.,8.881784197001E-15));
#57 = CARTESIAN_POINT('',(41.680433160225,45.,-1.7763568394E-15));
#58 = CARTESIAN_POINT('',(40.42543867133,45.,-4.440892098501E-15));
#59 = CARTESIAN_POINT('',(43.700584092594,34.801856609865,0.));
#60 = CARTESIAN_POINT('',(42.900078258139,34.690407579989,
    -1.7763568394E-15));
#61 = CARTESIAN_POINT('',(42.100712695186,34.620882310199,
    1.7763568394E-15));
#62 = CARTESIAN_POINT('',(41.280358517233,34.588658988965,
    -8.881784197001E-16));
#63 = CARTESIAN_POINT('',(40.42543867133,34.588658988965,0.));
#64 = DEFINITIONAL_REPRESENTATION('',(#65),#69);
#65 = LINE('',#66,#67);
#66 = CARTESIAN_POINT('',(0.,0.));
#67 = VECTOR('',#68,1.);
#68 = DIRECTION('',(0.,1.));
#69 = ( GEOMETRIC_REPRESENTATION_CONTEXT(2) 
PARAMETRIC_REPRESENTATION_CONTEXT() REPRESENTATION_CONTEXT('2D SPACE',''
  ) );
#70 = ORIENTED_EDGE('',*,*,#71,.T.);
#71 = EDGE_CURVE('',#22,#72,#74,.T.);
#72 = VERTEX_POINT('',#73);
#73 = CARTESIAN_POINT('',(62.832079894041,67.406641222711,32.));
#74 = SURFACE_CURVE('',#75,(#79,#86),.PCURVE_S1.);
#75 = LINE('',#76,#77);
#76 = CARTESIAN_POINT('',(46.508843065938,51.083404394608,8.688001860366
    ));
#77 = VECTOR('',#78,1.);
#78 = DIRECTION('',(0.497542812165,0.497542812165,0.710564775462));
#79 = PCURVE('',#34,#80);
#80 = DEFINITIONAL_REPRESENTATION('',(#81),#85);
#81 = LINE('',#82,#83);
#82 = CARTESIAN_POINT('',(18.491156934062,-10.60609189824));
#83 = VECTOR('',#84,1.);
#84 = DIRECTION('',(-0.497542812165,-0.867439421553));
#85 = ( GEOMETRIC_REPRESENTATION_CONTEXT(2) 
PARAMETRIC_REPRESENTATION_CONTEXT() REPRESENTATION_CONTEXT('2D SPACE',''
  ) );
#86 = PCURVE('',#87,#92);
#87 = CYLINDRICAL_SURFACE('',#88,30.);
#88 = AXIS2_PLACEMENT_3D('',#89,#90,#91);
#89 = CARTESIAN_POINT('',(46.508843065938,26.508843065938,
    25.895294950897));
#90 = DIRECTION('',(0.497542812165,0.497542812165,0.710564775462));
#91 = DIRECTION('',(-2.775557561563E-17,0.819152044289,-0.573576436351)
  );
#92 = DEFINITIONAL_REPRESENTATION('',(#93),#97);
#93 = LINE('',#94,#95);
#94 = CARTESIAN_POINT('',(-0.,0.));
#95 = VECTOR('',#96,1.);
#96 = DIRECTION('',(-0.,1.));
#97 = ( GEOMETRIC_REPRESENTATION_CONTEXT(2) 
PARAMETRIC_REPRESENTATION_CONTEXT() REPRESENTATION_CONTEXT('2D SPACE',''
  ) );
#98 = ORIENTED_EDGE('',*,*,#99,.T.);
#99 = EDGE_CURVE('',#72,#100,#102,.T.);
#100 = VERTEX_POINT('',#101);
#101 = CARTESIAN_POINT('',(-62.83207989404,67.406641222711,32.));
#102 = SURFACE_CURVE('',#103,(#107,#113),.PCURVE_S1.);
#103 = LINE('',#104,#105);
#104 = CARTESIAN_POINT('',(32.499991050675,67.406641222711,32.));
#105 = VECTOR('',#106,1.);
#106 = DIRECTION('',(-1.,0.,0.));
#107 = PCURVE('',#34,#108);
#108 = DEFINITIONAL_REPRESENTATION('',(#109),#112);
#109 = B_SPLINE_CURVE_WITH_KNOTS('',1,(#110,#111),.UNSPECIFIED.,.F.,.F.,
  (2,2),(-32.43271145799,97.432693559345),.PIECEWISE_BEZIER_KNOTS.);
#110 = CARTESIAN_POINT('',(6.729749132992E-02,-39.06478684036));
#111 = CARTESIAN_POINT('',(129.93270250867,-39.06478684036));
#112 = ( GEOMETRIC_REPRESENTATION_CONTEXT(2) 
PARAMETRIC_REPRESENTATION_CONTEXT() REPRESENTATION_CONTEXT('2D SPACE',''
  ) );
#113 = PCURVE('',#114,#119);
#114 = PLANE('',#115);
#115 = AXIS2_PLACEMENT_3D('',#116,#117,#118);
#116 = CARTESIAN_POINT('',(-1.789865035514E-05,2.014741506072E-05,32.));
#117 = DIRECTION('',(0.,0.,1.));
#118 = DIRECTION('',(1.,0.,-0.));
#119 = DEFINITIONAL_REPRESENTATION('',(#120),#123);
#120 = B_SPLINE_CURVE_WITH_KNOTS('',1,(#121,#122),.UNSPECIFIED.,.F.,.F.,
  (2,2),(-32.43271145799,97.432693559345),.PIECEWISE_BEZIER_KNOTS.);
#121 = CARTESIAN_POINT('',(64.93272040732,67.406621075296));
#122 = CARTESIAN_POINT('',(-64.93268461002,67.406621075296));
#123 = ( GEOMETRIC_REPRESENTATION_CONTEXT(2) 
PARAMETRIC_REPRESENTATION_CONTEXT() REPRESENTATION_CONTEXT('2D SPACE',''
  ) );
#124 = ORIENTED_EDGE('',*,*,#125,.F.);
#125 = EDGE_CURVE('',#126,#100,#128,.T.);
#126 = VERTEX_POINT('',#127);
#127 = CARTESIAN_POINT('',(-46.32638081506,50.900942143734,
    8.427418760474));
#128 = SURFACE_CURVE('',#129,(#133,#140),.PCURVE_S1.);
#129 = LINE('',#130,#131);
#130 = CARTESIAN_POINT('',(-46.50884306593,51.083404394608,
    8.688001860366));
#131 = VECTOR('',#132,1.);
#132 = DIRECTION('',(-0.497542812165,0.497542812165,0.710564775462));
#133 = PCURVE('',#34,#134);
#134 = DEFINITIONAL_REPRESENTATION('',(#135),#139);
#135 = LINE('',#136,#137);
#136 = CARTESIAN_POINT('',(111.50884306593,-10.60609189824));
#137 = VECTOR('',#138,1.);
#138 = DIRECTION('',(0.497542812165,-0.867439421553));
#139 = ( GEOMETRIC_REPRESENTATION_CONTEXT(2) 
PARAMETRIC_REPRESENTATION_CONTEXT() REPRESENTATION_CONTEXT('2D SPACE',''
  ) );
#140 = PCURVE('',#141,#146);
#141 = CYLINDRICAL_SURFACE('',#142,30.);
#142 = AXIS2_PLACEMENT_3D('',#143,#144,#145);
#143 = CARTESIAN_POINT('',(-46.50884306593,26.508843065938,
    25.895294950897));
#144 = DIRECTION('',(-0.497542812165,0.497542812165,0.710564775462));
#145 = DIRECTION('',(2.775557561563E-17,0.819152044289,-0.573576436351)
  );
#146 = DEFINITIONAL_REPRESENTATION('',(#147),#151);
#147 = LINE('',#148,#149);
#148 = CARTESIAN_POINT('',(0.,0.));
#149 = VECTOR('',#150,1.);
#150 = DIRECTION('',(0.,1.));
#151 = ( GEOMETRIC_REPRESENTATION_CONTEXT(2) 
PARAMETRIC_REPRESENTATION_CONTEXT() REPRESENTATION_CONTEXT('2D SPACE',''
  ) );
#152 = ORIENTED_EDGE('',*,*,#153,.F.);
#153 = EDGE_CURVE('',#154,#126,#156,.T.);
#154 = VERTEX_POINT('',#155);
#155 = CARTESIAN_POINT('',(-40.42543867133,50.971699874745,
    8.528471272979));
#156 = SURFACE_CURVE('',#157,(#163,#172),.PCURVE_S1.);
#157 = ( BOUNDED_CURVE() B_SPLINE_CURVE(4,(#158,#159,#160,#161,#162),
.UNSPECIFIED.,.F.,.F.) B_SPLINE_CURVE_WITH_KNOTS((5,5),(80.85087734266,
85.445621084243),.PIECEWISE_BEZIER_KNOTS.) CURVE() 
GEOMETRIC_REPRESENTATION_ITEM() RATIONAL_B_SPLINE_CURVE((1.,1.,1.,1.,1.)
) REPRESENTATION_ITEM('') );
#158 = CARTESIAN_POINT('',(-40.42543867133,50.971699874745,
    8.528471272979));
#159 = CARTESIAN_POINT('',(-41.90990654822,50.971699874745,
    8.528471272979));
#160 = CARTESIAN_POINT('',(-43.38099558332,50.961087939147,
    8.513315858308));
#161 = CARTESIAN_POINT('',(-44.84865321521,50.938256570782,
    8.480709285086));
#162 = CARTESIAN_POINT('',(-46.32638081506,50.900942143734,
    8.427418760474));
#163 = PCURVE('',#34,#164);
#164 = DEFINITIONAL_REPRESENTATION('',(#165),#171);
#165 = B_SPLINE_CURVE_WITH_KNOTS('',4,(#166,#167,#168,#169,#170),
  .UNSPECIFIED.,.F.,.F.,(5,5),(80.85087734266,85.445621084243),
  .PIECEWISE_BEZIER_KNOTS.);
#166 = CARTESIAN_POINT('',(105.42543867133,-10.41134101103));
#167 = CARTESIAN_POINT('',(106.90990654822,-10.41134101103));
#168 = CARTESIAN_POINT('',(108.38099558332,-10.39283966592));
#169 = CARTESIAN_POINT('',(109.84865321521,-10.3530343899));
#170 = CARTESIAN_POINT('',(111.32638081506,-10.28797867163));
#171 = ( GEOMETRIC_REPRESENTATION_CONTEXT(2) 
PARAMETRIC_REPRESENTATION_CONTEXT() REPRESENTATION_CONTEXT('2D SPACE',''
  ) );
#172 = PCURVE('',#173,#189);
#173 = ( BOUNDED_SURFACE() B_SPLINE_SURFACE(2,4,(
    (#174,#175,#176,#177,#178)
    ,(#179,#180,#181,#182,#183)
    ,(#184,#185,#186,#187,#188
)),.UNSPECIFIED.,.F.,.F.,.F.) B_SPLINE_SURFACE_WITH_KNOTS((3,3),(5,5),(
    0.,4.594743741582),(80.85087734266,85.445621084243),
.PIECEWISE_BEZIER_KNOTS.) GEOMETRIC_REPRESENTATION_ITEM() 
RATIONAL_B_SPLINE_SURFACE((
    (1.,1.,1.,1.,1.)
    ,(0.887010833178,0.887010833178,0.887224385532,0.887683969691
      ,0.888433751603)
,(1.,1.,1.,1.,1.))) REPRESENTATION_ITEM('') SURFACE() );
#174 = CARTESIAN_POINT('',(-40.42543867133,50.971699874745,
    8.528471272979));
#175 = CARTESIAN_POINT('',(-41.90990654822,50.971699874745,
    8.528471272979));
#176 = CARTESIAN_POINT('',(-43.38099558332,50.961087939147,
    8.513315858308));
#177 = CARTESIAN_POINT('',(-44.84865321521,50.938256570782,
    8.480709285086));
#178 = CARTESIAN_POINT('',(-46.32638081506,50.900942143734,
    8.427418760474));
#179 = CARTESIAN_POINT('',(-40.42543867133,45.,8.881784197001E-16));
#180 = CARTESIAN_POINT('',(-41.68043316022,45.,-2.6645352591E-15));
#181 = CARTESIAN_POINT('',(-42.91373944484,45.,4.440892098501E-15));
#182 = CARTESIAN_POINT('',(-44.13619595044,45.,-1.7763568394E-15));
#183 = CARTESIAN_POINT('',(-45.36392400297,45.,8.881784197001E-16));
#184 = CARTESIAN_POINT('',(-40.42543867133,34.588658988965,0.));
#185 = CARTESIAN_POINT('',(-41.28035851723,34.588658988965,
    2.6645352591E-15));
#186 = CARTESIAN_POINT('',(-42.10071269518,34.620882310199,
    -4.440892098501E-15));
#187 = CARTESIAN_POINT('',(-42.90007825813,34.690407579989,
    1.7763568394E-15));
#188 = CARTESIAN_POINT('',(-43.70058409259,34.801856609865,0.));
#189 = DEFINITIONAL_REPRESENTATION('',(#190),#194);
#190 = LINE('',#191,#192);
#191 = CARTESIAN_POINT('',(0.,0.));
#192 = VECTOR('',#193,1.);
#193 = DIRECTION('',(0.,1.));
#194 = ( GEOMETRIC_REPRESENTATION_CONTEXT(2) 
PARAMETRIC_REPRESENTATION_CONTEXT() REPRESENTATION_CONTEXT('2D SPACE',''
  ) );
#195 = ORIENTED_EDGE('',*,*,#196,.F.);
#196 = EDGE_CURVE('',#24,#154,#197,.T.);
#197 = SURFACE_CURVE('',#198,(#202,#209),.PCURVE_S1.);
#198 = LINE('',#199,#200);
#199 = CARTESIAN_POINT('',(40.42543867133,50.971699874745,8.528471272979
    ));
#200 = VECTOR('',#201,1.);
#201 = DIRECTION('',(-1.,0.,0.));
#202 = PCURVE('',#34,#203);
#203 = DEFINITIONAL_REPRESENTATION('',(#204),#208);
#204 = LINE('',#205,#206);
#205 = CARTESIAN_POINT('',(24.57456132867,-10.41134101103));
#206 = VECTOR('',#207,1.);
#207 = DIRECTION('',(1.,0.));
#208 = ( GEOMETRIC_REPRESENTATION_CONTEXT(2) 
PARAMETRIC_REPRESENTATION_CONTEXT() REPRESENTATION_CONTEXT('2D SPACE',''
  ) );
#209 = PCURVE('',#210,#215);
#210 = CYLINDRICAL_SURFACE('',#211,20.);
#211 = AXIS2_PLACEMENT_3D('',#212,#213,#214);
#212 = CARTESIAN_POINT('',(40.42543867133,34.588658988965,20.));
#213 = DIRECTION('',(-1.,0.,0.));
#214 = DIRECTION('',(0.,0.819152044289,-0.573576436351));
#215 = DEFINITIONAL_REPRESENTATION('',(#216),#220);
#216 = LINE('',#217,#218);
#217 = CARTESIAN_POINT('',(0.,0.));
#218 = VECTOR('',#219,1.);
#219 = DIRECTION('',(0.,1.));
#220 = ( GEOMETRIC_REPRESENTATION_CONTEXT(2) 
PARAMETRIC_REPRESENTATION_CONTEXT() REPRESENTATION_CONTEXT('2D SPACE',''
  ) );
#221 = ADVANCED_FACE('',(#222),#48,.T.);
#222 = FACE_BOUND('',#223,.T.);
#223 = EDGE_LOOP('',(#224,#276,#308,#334));
#224 = ORIENTED_EDGE('',*,*,#225,.T.);
#225 = EDGE_CURVE('',#22,#226,#228,.T.);
#226 = VERTEX_POINT('',#227);
#227 = CARTESIAN_POINT('',(43.700584092594,34.801856609865,0.));
#228 = SURFACE_CURVE('',#229,(#233,#239),.PCURVE_S1.);
#229 = ( BOUNDED_CURVE() B_SPLINE_CURVE(2,(#230,#231,#232),
.UNSPECIFIED.,.F.,.F.) B_SPLINE_CURVE_WITH_KNOTS((3,3),(0.,
29.922136762787),.PIECEWISE_BEZIER_KNOTS.) CURVE() 
GEOMETRIC_REPRESENTATION_ITEM() RATIONAL_B_SPLINE_CURVE((1.,
0.888433751603,1.)) REPRESENTATION_ITEM('') );
#230 = CARTESIAN_POINT('',(46.326380815064,50.900942143734,
    8.427418760474));
#231 = CARTESIAN_POINT('',(45.363924002974,45.,3.552713678801E-15));
#232 = CARTESIAN_POINT('',(43.700584092594,34.801856609865,0.));
#233 = PCURVE('',#48,#234);
#234 = DEFINITIONAL_REPRESENTATION('',(#235),#238);
#235 = B_SPLINE_CURVE_WITH_KNOTS('',1,(#236,#237),.UNSPECIFIED.,.F.,.F.,
  (2,2),(0.,29.922136762787),.PIECEWISE_BEZIER_KNOTS.);
#236 = CARTESIAN_POINT('',(0.,395.25526261286));
#237 = CARTESIAN_POINT('',(4.594743741582,395.25526261286));
#238 = ( GEOMETRIC_REPRESENTATION_CONTEXT(2) 
PARAMETRIC_REPRESENTATION_CONTEXT() REPRESENTATION_CONTEXT('2D SPACE',''
  ) );
#239 = PCURVE('',#240,#271);
#240 = ( BOUNDED_SURFACE() B_SPLINE_SURFACE(2,9,(
    (#241,#242,#243,#244,#245,#246,#247,#248,#249,#250)
    ,(#251,#252,#253,#254,#255,#256,#257,#258,#259,#260)
    ,(#261,#262,#263,#264,#265,#266,#267,#268,#269,#270
)),.UNSPECIFIED.,.F.,.F.,.F.) B_SPLINE_SURFACE_WITH_KNOTS((3,3),(10,10),
  (0.,29.922136762787),(365.33312585007,395.25526261286),
.PIECEWISE_BEZIER_KNOTS.) GEOMETRIC_REPRESENTATION_ITEM() 
RATIONAL_B_SPLINE_SURFACE((
    (1.,1.,1.,1.,1.,1.,1.,1.,1.,1.)
    ,(0.888433751603,0.904364780029,0.915776605551,0.923044220165
      ,0.926515298572,0.926515298572,0.923044220165,0.915776605551
      ,0.904364780029,0.888433751603)
,(1.,1.,1.,1.,1.,1.,1.,1.,1.,1.))) REPRESENTATION_ITEM('') SURFACE() );
#241 = CARTESIAN_POINT('',(70.900942143734,26.326380815064,
    8.427418760474));
#242 = CARTESIAN_POINT('',(70.108102001988,30.491720591251,
    7.295125692374));
#243 = CARTESIAN_POINT('',(68.677243058996,34.446806995959,
    6.461198731572));
#244 = CARTESIAN_POINT('',(66.688530250063,38.089249651,5.921141356405)
  );
#245 = CARTESIAN_POINT('',(64.222124948459,41.355058783489,
    5.661447993956));
#246 = CARTESIAN_POINT('',(61.355058783491,44.22212494846,5.661447993955
    ));
#247 = CARTESIAN_POINT('',(58.089249650999,46.688530250063,
    5.921141356406));
#248 = CARTESIAN_POINT('',(54.44680699596,48.677243058997,6.461198731572
    ));
#249 = CARTESIAN_POINT('',(50.491720591251,50.108102001988,
    7.295125692374));
#250 = CARTESIAN_POINT('',(46.326380815064,50.900942143734,
    8.427418760474));
#251 = CARTESIAN_POINT('',(65.,25.363924002974,3.552713678801E-15));
#252 = CARTESIAN_POINT('',(64.26347075689,28.731707945894,
    4.440892098501E-14));
#253 = CARTESIAN_POINT('',(63.140290552695,31.908425165639,
    -2.007283228522E-13));
#254 = CARTESIAN_POINT('',(61.620252673181,34.830175601765,
    4.360956040728E-13));
#255 = CARTESIAN_POINT('',(59.712655998575,37.443317725125,
    -5.622169396702E-13));
#256 = CARTESIAN_POINT('',(57.443317725126,39.712655998575,
    4.556355293062E-13));
#257 = CARTESIAN_POINT('',(54.830175601764,41.620252673181,
    -2.327027459614E-13));
#258 = CARTESIAN_POINT('',(51.908425165639,43.140290552695,
    9.592326932761E-14));
#259 = CARTESIAN_POINT('',(48.731707945894,44.26347075689,
    -2.6645352591E-14));
#260 = CARTESIAN_POINT('',(45.363924002974,45.,3.552713678801E-15));
#261 = CARTESIAN_POINT('',(54.801856609865,23.700584092594,0.));
#262 = CARTESIAN_POINT('',(55.124427433452,26.017516116096,
    -4.440892098501E-15));
#263 = CARTESIAN_POINT('',(54.994199212047,28.220939963108,
    1.50990331349E-14));
#264 = CARTESIAN_POINT('',(54.414345669566,30.234834731835,
    -3.907985046681E-14));
#265 = CARTESIAN_POINT('',(53.402868866925,31.986450171345,
    7.016609515631E-14));
#266 = CARTESIAN_POINT('',(51.986450171344,33.402868866925,
    -1.003641614261E-13));
#267 = CARTESIAN_POINT('',(50.234834731836,34.414345669567,
    9.503509090791E-14));
#268 = CARTESIAN_POINT('',(48.220939963108,34.994199212047,
    -5.595524044111E-14));
#269 = CARTESIAN_POINT('',(46.017516116096,35.124427433452,
    1.68753899743E-14));
#270 = CARTESIAN_POINT('',(43.700584092594,34.801856609865,0.));
#271 = DEFINITIONAL_REPRESENTATION('',(#272),#275);
#272 = B_SPLINE_CURVE_WITH_KNOTS('',1,(#273,#274),.UNSPECIFIED.,.F.,.F.,
  (2,2),(0.,29.922136762787),.PIECEWISE_BEZIER_KNOTS.);
#273 = CARTESIAN_POINT('',(0.,395.25526261286));
#274 = CARTESIAN_POINT('',(29.922136762787,395.25526261286));
#275 = ( GEOMETRIC_REPRESENTATION_CONTEXT(2) 
PARAMETRIC_REPRESENTATION_CONTEXT() REPRESENTATION_CONTEXT('2D SPACE',''
  ) );
#276 = ORIENTED_EDGE('',*,*,#277,.T.);
#277 = EDGE_CURVE('',#226,#278,#280,.T.);
#278 = VERTEX_POINT('',#279);
#279 = CARTESIAN_POINT('',(40.42543867133,34.588658988965,0.));
#280 = SURFACE_CURVE('',#281,(#287,#294),.PCURVE_S1.);
#281 = ( BOUNDED_CURVE() B_SPLINE_CURVE(4,(#282,#283,#284,#285,#286),
.UNSPECIFIED.,.F.,.F.) B_SPLINE_CURVE_WITH_KNOTS((5,5),(395.25526261286,
399.85000635444),.PIECEWISE_BEZIER_KNOTS.) CURVE() 
GEOMETRIC_REPRESENTATION_ITEM() RATIONAL_B_SPLINE_CURVE((1.,1.,1.,1.,1.)
) REPRESENTATION_ITEM('') );
#282 = CARTESIAN_POINT('',(43.700584092594,34.801856609865,0.));
#283 = CARTESIAN_POINT('',(42.900078258139,34.690407579989,
    -1.7763568394E-15));
#284 = CARTESIAN_POINT('',(42.100712695186,34.620882310199,
    1.7763568394E-15));
#285 = CARTESIAN_POINT('',(41.280358517233,34.588658988965,
    -8.881784197001E-16));
#286 = CARTESIAN_POINT('',(40.42543867133,34.588658988965,0.));
#287 = PCURVE('',#48,#288);
#288 = DEFINITIONAL_REPRESENTATION('',(#289),#293);
#289 = LINE('',#290,#291);
#290 = CARTESIAN_POINT('',(4.594743741582,0.));
#291 = VECTOR('',#292,1.);
#292 = DIRECTION('',(0.,1.));
#293 = ( GEOMETRIC_REPRESENTATION_CONTEXT(2) 
PARAMETRIC_REPRESENTATION_CONTEXT() REPRESENTATION_CONTEXT('2D SPACE',''
  ) );
#294 = PCURVE('',#295,#300);
#295 = PLANE('',#296);
#296 = AXIS2_PLACEMENT_3D('',#297,#298,#299);
#297 = CARTESIAN_POINT('',(0.,0.,0.));
#298 = DIRECTION('',(0.,0.,1.));
#299 = DIRECTION('',(1.,0.,-0.));
#300 = DEFINITIONAL_REPRESENTATION('',(#301),#307);
#301 = B_SPLINE_CURVE_WITH_KNOTS('',4,(#302,#303,#304,#305,#306),
  .UNSPECIFIED.,.F.,.F.,(5,5),(395.25526261286,399.85000635444),
  .PIECEWISE_BEZIER_KNOTS.);
#302 = CARTESIAN_POINT('',(43.700584092594,34.801856609865));
#303 = CARTESIAN_POINT('',(42.900078258139,34.690407579989));
#304 = CARTESIAN_POINT('',(42.100712695186,34.620882310199));
#305 = CARTESIAN_POINT('',(41.280358517233,34.588658988965));
#306 = CARTESIAN_POINT('',(40.42543867133,34.588658988965));
#307 = ( GEOMETRIC_REPRESENTATION_CONTEXT(2) 
PARAMETRIC_REPRESENTATION_CONTEXT() REPRESENTATION_CONTEXT('2D SPACE',''
  ) );
#308 = ORIENTED_EDGE('',*,*,#309,.F.);
#309 = EDGE_CURVE('',#24,#278,#310,.T.);
#310 = SURFACE_CURVE('',#311,(#316,#328),.PCURVE_S1.);
#311 = CIRCLE('',#312,20.);
#312 = AXIS2_PLACEMENT_3D('',#313,#314,#315);
#313 = CARTESIAN_POINT('',(40.42543867133,34.588658988965,20.));
#314 = DIRECTION('',(-1.,0.,0.));
#315 = DIRECTION('',(0.,0.819152044289,-0.573576436351));
#316 = PCURVE('',#48,#317);
#317 = DEFINITIONAL_REPRESENTATION('',(#318),#327);
#318 = B_SPLINE_CURVE_WITH_KNOTS('',7,(#319,#320,#321,#322,#323,#324,
    #325,#326),.UNSPECIFIED.,.F.,.F.,(8,8),(0.,0.959931088597),
  .PIECEWISE_BEZIER_KNOTS.);
#319 = CARTESIAN_POINT('',(4.440892098501E-16,399.85000635444));
#320 = CARTESIAN_POINT('',(0.682287974028,399.85000635444));
#321 = CARTESIAN_POINT('',(1.337865312197,399.85000635444));
#322 = CARTESIAN_POINT('',(1.979090652044,399.85000635445));
#323 = CARTESIAN_POINT('',(2.615653089538,399.85000635444));
#324 = CARTESIAN_POINT('',(3.256878429385,399.85000635444));
#325 = CARTESIAN_POINT('',(3.912455767554,399.85000635444));
#326 = CARTESIAN_POINT('',(4.594743741582,399.85000635444));
#327 = ( GEOMETRIC_REPRESENTATION_CONTEXT(2) 
PARAMETRIC_REPRESENTATION_CONTEXT() REPRESENTATION_CONTEXT('2D SPACE',''
  ) );
#328 = PCURVE('',#210,#329);
#329 = DEFINITIONAL_REPRESENTATION('',(#330),#333);
#330 = B_SPLINE_CURVE_WITH_KNOTS('',1,(#331,#332),.UNSPECIFIED.,.F.,.F.,
  (2,2),(0.,0.959931088597),.PIECEWISE_BEZIER_KNOTS.);
#331 = CARTESIAN_POINT('',(0.,0.));
#332 = CARTESIAN_POINT('',(0.959931088597,0.));
#333 = ( GEOMETRIC_REPRESENTATION_CONTEXT(2) 
PARAMETRIC_REPRESENTATION_CONTEXT() REPRESENTATION_CONTEXT('2D SPACE',''
  ) );
#334 = ORIENTED_EDGE('',*,*,#21,.F.);
#335 = ADVANCED_FACE('',(#336),#210,.T.);
#336 = FACE_BOUND('',#337,.T.);
#337 = EDGE_LOOP('',(#338,#339,#362,#388));
#338 = ORIENTED_EDGE('',*,*,#309,.T.);
#339 = ORIENTED_EDGE('',*,*,#340,.T.);
#340 = EDGE_CURVE('',#278,#341,#343,.T.);
#341 = VERTEX_POINT('',#342);
#342 = CARTESIAN_POINT('',(-40.42543867133,34.588658988965,0.));
#343 = SURFACE_CURVE('',#344,(#348,#355),.PCURVE_S1.);
#344 = LINE('',#345,#346);
#345 = CARTESIAN_POINT('',(40.42543867133,34.588658988965,0.));
#346 = VECTOR('',#347,1.);
#347 = DIRECTION('',(-1.,0.,0.));
#348 = PCURVE('',#210,#349);
#349 = DEFINITIONAL_REPRESENTATION('',(#350),#354);
#350 = LINE('',#351,#352);
#351 = CARTESIAN_POINT('',(0.959931088597,0.));
#352 = VECTOR('',#353,1.);
#353 = DIRECTION('',(0.,1.));
#354 = ( GEOMETRIC_REPRESENTATION_CONTEXT(2) 
PARAMETRIC_REPRESENTATION_CONTEXT() REPRESENTATION_CONTEXT('2D SPACE',''
  ) );
#355 = PCURVE('',#295,#356);
#356 = DEFINITIONAL_REPRESENTATION('',(#357),#361);
#357 = LINE('',#358,#359);
#358 = CARTESIAN_POINT('',(40.42543867133,34.588658988965));
#359 = VECTOR('',#360,1.);
#360 = DIRECTION('',(-1.,0.));
#361 = ( GEOMETRIC_REPRESENTATION_CONTEXT(2) 
PARAMETRIC_REPRESENTATION_CONTEXT() REPRESENTATION_CONTEXT('2D SPACE',''
  ) );
#362 = ORIENTED_EDGE('',*,*,#363,.F.);
#363 = EDGE_CURVE('',#154,#341,#364,.T.);
#364 = SURFACE_CURVE('',#365,(#370,#376),.PCURVE_S1.);
#365 = CIRCLE('',#366,20.);
#366 = AXIS2_PLACEMENT_3D('',#367,#368,#369);
#367 = CARTESIAN_POINT('',(-40.42543867133,34.588658988965,20.));
#368 = DIRECTION('',(-1.,0.,0.));
#369 = DIRECTION('',(0.,0.819152044289,-0.573576436351));
#370 = PCURVE('',#210,#371);
#371 = DEFINITIONAL_REPRESENTATION('',(#372),#375);
#372 = B_SPLINE_CURVE_WITH_KNOTS('',1,(#373,#374),.UNSPECIFIED.,.F.,.F.,
  (2,2),(0.,0.959931088597),.PIECEWISE_BEZIER_KNOTS.);
#373 = CARTESIAN_POINT('',(0.,80.85087734266));
#374 = CARTESIAN_POINT('',(0.959931088597,80.85087734266));
#375 = ( GEOMETRIC_REPRESENTATION_CONTEXT(2) 
PARAMETRIC_REPRESENTATION_CONTEXT() REPRESENTATION_CONTEXT('2D SPACE',''
  ) );
#376 = PCURVE('',#173,#377);
#377 = DEFINITIONAL_REPRESENTATION('',(#378),#387);
#378 = B_SPLINE_CURVE_WITH_KNOTS('',7,(#379,#380,#381,#382,#383,#384,
    #385,#386),.UNSPECIFIED.,.F.,.F.,(8,8),(0.,0.959931088597),
  .PIECEWISE_BEZIER_KNOTS.);
#379 = CARTESIAN_POINT('',(0.,80.85087734266));
#380 = CARTESIAN_POINT('',(0.682287974028,80.850877342661));
#381 = CARTESIAN_POINT('',(1.337865312197,80.850877342659));
#382 = CARTESIAN_POINT('',(1.979090652044,80.850877342663));
#383 = CARTESIAN_POINT('',(2.615653089538,80.850877342658));
#384 = CARTESIAN_POINT('',(3.256878429385,80.850877342662));
#385 = CARTESIAN_POINT('',(3.912455767554,80.85087734266));
#386 = CARTESIAN_POINT('',(4.594743741582,80.85087734266));
#387 = ( GEOMETRIC_REPRESENTATION_CONTEXT(2) 
PARAMETRIC_REPRESENTATION_CONTEXT() REPRESENTATION_CONTEXT('2D SPACE',''
  ) );
#388 = ORIENTED_EDGE('',*,*,#196,.F.);
#389 = ADVANCED_FACE('',(#390),#173,.T.);
#390 = FACE_BOUND('',#391,.T.);
#391 = EDGE_LOOP('',(#392,#393,#420,#470));
#392 = ORIENTED_EDGE('',*,*,#363,.T.);
#393 = ORIENTED_EDGE('',*,*,#394,.T.);
#394 = EDGE_CURVE('',#341,#395,#397,.T.);
#395 = VERTEX_POINT('',#396);
#396 = CARTESIAN_POINT('',(-43.70058409259,34.801856609865,0.));
#397 = SURFACE_CURVE('',#398,(#404,#411),.PCURVE_S1.);
#398 = ( BOUNDED_CURVE() B_SPLINE_CURVE(4,(#399,#400,#401,#402,#403),
.UNSPECIFIED.,.F.,.F.) B_SPLINE_CURVE_WITH_KNOTS((5,5),(80.85087734266,
85.445621084243),.PIECEWISE_BEZIER_KNOTS.) CURVE() 
GEOMETRIC_REPRESENTATION_ITEM() RATIONAL_B_SPLINE_CURVE((1.,1.,1.,1.,1.)
) REPRESENTATION_ITEM('') );
#399 = CARTESIAN_POINT('',(-40.42543867133,34.588658988965,0.));
#400 = CARTESIAN_POINT('',(-41.28035851723,34.588658988965,
    2.6645352591E-15));
#401 = CARTESIAN_POINT('',(-42.10071269518,34.620882310199,
    -4.440892098501E-15));
#402 = CARTESIAN_POINT('',(-42.90007825813,34.690407579989,
    1.7763568394E-15));
#403 = CARTESIAN_POINT('',(-43.70058409259,34.801856609865,0.));
#404 = PCURVE('',#173,#405);
#405 = DEFINITIONAL_REPRESENTATION('',(#406),#410);
#406 = LINE('',#407,#408);
#407 = CARTESIAN_POINT('',(4.594743741582,0.));
#408 = VECTOR('',#409,1.);
#409 = DIRECTION('',(0.,1.));
#410 = ( GEOMETRIC_REPRESENTATION_CONTEXT(2) 
PARAMETRIC_REPRESENTATION_CONTEXT() REPRESENTATION_CONTEXT('2D SPACE',''
  ) );
#411 = PCURVE('',#295,#412);
#412 = DEFINITIONAL_REPRESENTATION('',(#413),#419);
#413 = B_SPLINE_CURVE_WITH_KNOTS('',4,(#414,#415,#416,#417,#418),
  .UNSPECIFIED.,.F.,.F.,(5,5),(80.85087734266,85.445621084243),
  .PIECEWISE_BEZIER_KNOTS.);
#414 = CARTESIAN_POINT('',(-40.42543867133,34.588658988965));
#415 = CARTESIAN_POINT('',(-41.28035851723,34.588658988965));
#416 = CARTESIAN_POINT('',(-42.10071269518,34.620882310199));
#417 = CARTESIAN_POINT('',(-42.90007825813,34.690407579989));
#418 = CARTESIAN_POINT('',(-43.70058409259,34.801856609865));
#419 = ( GEOMETRIC_REPRESENTATION_CONTEXT(2) 
PARAMETRIC_REPRESENTATION_CONTEXT() REPRESENTATION_CONTEXT('2D SPACE',''
  ) );
#420 = ORIENTED_EDGE('',*,*,#421,.F.);
#421 = EDGE_CURVE('',#126,#395,#422,.T.);
#422 = SURFACE_CURVE('',#423,(#427,#433),.PCURVE_S1.);
#423 = ( BOUNDED_CURVE() B_SPLINE_CURVE(2,(#424,#425,#426),
.UNSPECIFIED.,.F.,.F.) B_SPLINE_CURVE_WITH_KNOTS((3,3),(0.,
4.594743741582),.PIECEWISE_BEZIER_KNOTS.) CURVE() 
GEOMETRIC_REPRESENTATION_ITEM() RATIONAL_B_SPLINE_CURVE((1.,
0.888433751603,1.)) REPRESENTATION_ITEM('') );
#424 = CARTESIAN_POINT('',(-46.32638081506,50.900942143734,
    8.427418760474));
#425 = CARTESIAN_POINT('',(-45.36392400297,45.,8.881784197001E-16));
#426 = CARTESIAN_POINT('',(-43.70058409259,34.801856609865,0.));
#427 = PCURVE('',#173,#428);
#428 = DEFINITIONAL_REPRESENTATION('',(#429),#432);
#429 = B_SPLINE_CURVE_WITH_KNOTS('',1,(#430,#431),.UNSPECIFIED.,.F.,.F.,
  (2,2),(0.,4.594743741582),.PIECEWISE_BEZIER_KNOTS.);
#430 = CARTESIAN_POINT('',(0.,85.445621084243));
#431 = CARTESIAN_POINT('',(4.594743741582,85.445621084243));
#432 = ( GEOMETRIC_REPRESENTATION_CONTEXT(2) 
PARAMETRIC_REPRESENTATION_CONTEXT() REPRESENTATION_CONTEXT('2D SPACE',''
  ) );
#433 = PCURVE('',#434,#465);
#434 = ( BOUNDED_SURFACE() B_SPLINE_SURFACE(2,9,(
    (#435,#436,#437,#438,#439,#440,#441,#442,#443,#444)
    ,(#445,#446,#447,#448,#449,#450,#451,#452,#453,#454)
    ,(#455,#456,#457,#458,#459,#460,#461,#462,#463,#464
)),.UNSPECIFIED.,.F.,.F.,.F.) B_SPLINE_SURFACE_WITH_KNOTS((3,3),(10,10),
  (0.,29.922136762787),(85.445621084243,115.36775784702),
.PIECEWISE_BEZIER_KNOTS.) GEOMETRIC_REPRESENTATION_ITEM() 
RATIONAL_B_SPLINE_SURFACE((
    (1.,1.,1.,1.,1.,1.,1.,1.,1.,1.)
    ,(0.888433751603,0.904364780029,0.915776605551,0.923044220164
      ,0.926515298573,0.926515298572,0.923044220165,0.915776605551
      ,0.904364780029,0.888433751603)
,(1.,1.,1.,1.,1.,1.,1.,1.,1.,1.))) REPRESENTATION_ITEM('') SURFACE() );
#435 = CARTESIAN_POINT('',(-46.32638081506,50.900942143734,
    8.427418760474));
#436 = CARTESIAN_POINT('',(-50.49172059125,50.108102001988,
    7.295125692374));
#437 = CARTESIAN_POINT('',(-54.44680699596,48.677243058996,
    6.461198731572));
#438 = CARTESIAN_POINT('',(-58.08924965099,46.688530250064,
    5.921141356406));
#439 = CARTESIAN_POINT('',(-61.35505878349,44.222124948459,
    5.661447993955));
#440 = CARTESIAN_POINT('',(-64.22212494846,41.35505878349,5.661447993955
    ));
#441 = CARTESIAN_POINT('',(-66.68853025006,38.089249651001,
    5.921141356405));
#442 = CARTESIAN_POINT('',(-68.67724305899,34.446806995959,
    6.461198731572));
#443 = CARTESIAN_POINT('',(-70.10810200198,30.491720591251,
    7.295125692374));
#444 = CARTESIAN_POINT('',(-70.90094214373,26.326380815064,
    8.427418760474));
#445 = CARTESIAN_POINT('',(-45.36392400297,45.,4.440892098501E-15));
#446 = CARTESIAN_POINT('',(-48.73170794589,44.26347075689,
    1.95399252334E-14));
#447 = CARTESIAN_POINT('',(-51.90842516564,43.140290552694,
    -9.414691248821E-14));
#448 = CARTESIAN_POINT('',(-54.83017560176,41.620252673181,
    1.705302565824E-13));
#449 = CARTESIAN_POINT('',(-57.44331772512,39.712655998575,
    -1.86517468137E-13));
#450 = CARTESIAN_POINT('',(-59.71265599857,37.443317725125,
    1.563194018672E-13));
#451 = CARTESIAN_POINT('',(-61.62025267318,34.830175601766,
    -1.127986593019E-13));
#452 = CARTESIAN_POINT('',(-63.14029055269,31.908425165638,
    7.638334409421E-14));
#453 = CARTESIAN_POINT('',(-64.26347075689,28.731707945894,
    -3.28626015289E-14));
#454 = CARTESIAN_POINT('',(-65.,25.363924002974,8.881784197001E-16));
#455 = CARTESIAN_POINT('',(-43.70058409259,34.801856609865,0.));
#456 = CARTESIAN_POINT('',(-46.01751611609,35.124427433452,
    2.30926389122E-14));
#457 = CARTESIAN_POINT('',(-48.2209399631,34.994199212047,
    -8.171241461241E-14));
#458 = CARTESIAN_POINT('',(-50.23483473183,34.414345669567,
    1.412203687323E-13));
#459 = CARTESIAN_POINT('',(-51.98645017134,33.402868866924,
    -1.190159082398E-13));
#460 = CARTESIAN_POINT('',(-53.40286886692,31.986450171345,
    9.769962616701E-15));
#461 = CARTESIAN_POINT('',(-54.41434566956,30.234834731835,
    7.549516567451E-14));
#462 = CARTESIAN_POINT('',(-54.99419921204,28.220939963108,
    -6.750155989721E-14));
#463 = CARTESIAN_POINT('',(-55.12442743345,26.017516116096,
    2.22044604925E-14));
#464 = CARTESIAN_POINT('',(-54.80185660986,23.700584092594,0.));
#465 = DEFINITIONAL_REPRESENTATION('',(#466),#469);
#466 = B_SPLINE_CURVE_WITH_KNOTS('',1,(#467,#468),.UNSPECIFIED.,.F.,.F.,
  (2,2),(0.,4.594743741582),.PIECEWISE_BEZIER_KNOTS.);
#467 = CARTESIAN_POINT('',(0.,85.445621084243));
#468 = CARTESIAN_POINT('',(29.922136762787,85.445621084243));
#469 = ( GEOMETRIC_REPRESENTATION_CONTEXT(2) 
PARAMETRIC_REPRESENTATION_CONTEXT() REPRESENTATION_CONTEXT('2D SPACE',''
  ) );
#470 = ORIENTED_EDGE('',*,*,#153,.F.);
#471 = ADVANCED_FACE('',(#472),#141,.T.);
#472 = FACE_BOUND('',#473,.T.);
#473 = EDGE_LOOP('',(#474,#475,#512,#540,#570,#700));
#474 = ORIENTED_EDGE('',*,*,#125,.F.);
#475 = ORIENTED_EDGE('',*,*,#476,.T.);
#476 = EDGE_CURVE('',#126,#477,#479,.T.);
#477 = VERTEX_POINT('',#478);
#478 = CARTESIAN_POINT('',(-70.90094214373,26.326380815064,
    8.427418760474));
#479 = SURFACE_CURVE('',#480,(#491,#505),.PCURVE_S1.);
#480 = ( BOUNDED_CURVE() B_SPLINE_CURVE(9,(#481,#482,#483,#484,#485,#486
    ,#487,#488,#489,#490),.UNSPECIFIED.,.F.,.F.) 
B_SPLINE_CURVE_WITH_KNOTS((10,10),(85.445621084243,115.36775784702),
.PIECEWISE_BEZIER_KNOTS.) CURVE() GEOMETRIC_REPRESENTATION_ITEM() 
RATIONAL_B_SPLINE_CURVE((1.,1.,1.,1.,1.,1.,1.,1.,1.,1.)) 
REPRESENTATION_ITEM('') );
#481 = CARTESIAN_POINT('',(-46.32638081506,50.900942143734,
    8.427418760474));
#482 = CARTESIAN_POINT('',(-50.49172059125,50.108102001988,
    7.295125692374));
#483 = CARTESIAN_POINT('',(-54.44680699596,48.677243058996,
    6.461198731572));
#484 = CARTESIAN_POINT('',(-58.08924965099,46.688530250064,
    5.921141356406));
#485 = CARTESIAN_POINT('',(-61.35505878349,44.222124948459,
    5.661447993955));
#486 = CARTESIAN_POINT('',(-64.22212494846,41.35505878349,5.661447993955
    ));
#487 = CARTESIAN_POINT('',(-66.68853025006,38.089249651001,
    5.921141356405));
#488 = CARTESIAN_POINT('',(-68.67724305899,34.446806995959,
    6.461198731572));
#489 = CARTESIAN_POINT('',(-70.10810200198,30.491720591251,
    7.295125692374));
#490 = CARTESIAN_POINT('',(-70.90094214373,26.326380815064,
    8.427418760474));
#491 = PCURVE('',#141,#492);
#492 = DEFINITIONAL_REPRESENTATION('',(#493),#504);
#493 = B_SPLINE_CURVE_WITH_KNOTS('',9,(#494,#495,#496,#497,#498,#499,
    #500,#501,#502,#503),.UNSPECIFIED.,.F.,.F.,(10,10),(85.445621084243,
    115.36775784702),.PIECEWISE_BEZIER_KNOTS.);
#494 = CARTESIAN_POINT('',(3.907434453825E-16,-0.366726734692));
#495 = CARTESIAN_POINT('',(0.143364023999,0.50666864776));
#496 = CARTESIAN_POINT('',(0.282665462348,1.170019811772));
#497 = CARTESIAN_POINT('',(0.418495529353,1.609078602734));
#498 = CARTESIAN_POINT('',(0.551755569567,1.8222837711));
#499 = CARTESIAN_POINT('',(0.68380699501,1.822283771096));
#500 = CARTESIAN_POINT('',(0.817067035225,1.609078602736));
#501 = CARTESIAN_POINT('',(0.95289710223,1.17001981177));
#502 = CARTESIAN_POINT('',(1.092198540579,0.506668647761));
#503 = CARTESIAN_POINT('',(1.235562564578,-0.366726734692));
#504 = ( GEOMETRIC_REPRESENTATION_CONTEXT(2) 
PARAMETRIC_REPRESENTATION_CONTEXT() REPRESENTATION_CONTEXT('2D SPACE',''
  ) );
#505 = PCURVE('',#434,#506);
#506 = DEFINITIONAL_REPRESENTATION('',(#507),#511);
#507 = LINE('',#508,#509);
#508 = CARTESIAN_POINT('',(0.,0.));
#509 = VECTOR('',#510,1.);
#510 = DIRECTION('',(0.,1.));
#511 = ( GEOMETRIC_REPRESENTATION_CONTEXT(2) 
PARAMETRIC_REPRESENTATION_CONTEXT() REPRESENTATION_CONTEXT('2D SPACE',''
  ) );
#512 = ORIENTED_EDGE('',*,*,#513,.T.);
#513 = EDGE_CURVE('',#477,#514,#516,.T.);
#514 = VERTEX_POINT('',#515);
#515 = CARTESIAN_POINT('',(-87.40664122271,42.832079894041,32.));
#516 = SURFACE_CURVE('',#517,(#521,#528),.PCURVE_S1.);
#517 = LINE('',#518,#519);
#518 = CARTESIAN_POINT('',(-71.0834043946,26.508843065938,8.688001860366
    ));
#519 = VECTOR('',#520,1.);
#520 = DIRECTION('',(-0.497542812165,0.497542812165,0.710564775462));
#521 = PCURVE('',#141,#522);
#522 = DEFINITIONAL_REPRESENTATION('',(#523),#527);
#523 = LINE('',#524,#525);
#524 = CARTESIAN_POINT('',(1.235562564578,0.));
#525 = VECTOR('',#526,1.);
#526 = DIRECTION('',(0.,1.));
#527 = ( GEOMETRIC_REPRESENTATION_CONTEXT(2) 
PARAMETRIC_REPRESENTATION_CONTEXT() REPRESENTATION_CONTEXT('2D SPACE',''
  ) );
#528 = PCURVE('',#529,#534);
#529 = PLANE('',#530);
#530 = AXIS2_PLACEMENT_3D('',#531,#532,#533);
#531 = CARTESIAN_POINT('',(-65.,45.,0.));
#532 = DIRECTION('',(0.819152044289,0.,0.573576436351));
#533 = DIRECTION('',(0.,-1.,0.));
#534 = DEFINITIONAL_REPRESENTATION('',(#535),#539);
#535 = LINE('',#536,#537);
#536 = CARTESIAN_POINT('',(18.491156934062,-10.60609189824));
#537 = VECTOR('',#538,1.);
#538 = DIRECTION('',(-0.497542812165,-0.867439421553));
#539 = ( GEOMETRIC_REPRESENTATION_CONTEXT(2) 
PARAMETRIC_REPRESENTATION_CONTEXT() REPRESENTATION_CONTEXT('2D SPACE',''
  ) );
#540 = ORIENTED_EDGE('',*,*,#541,.F.);
#541 = EDGE_CURVE('',#542,#514,#544,.T.);
#542 = VERTEX_POINT('',#543);
#543 = CARTESIAN_POINT('',(-86.88333419878,48.485508841672,32.));
#544 = SURFACE_CURVE('',#545,(#550,#563),.PCURVE_S1.);
#545 = ELLIPSE('',#546,42.219936923428,30.);
#546 = AXIS2_PLACEMENT_3D('',#547,#548,#549);
#547 = CARTESIAN_POINT('',(-50.78340355986,30.783403559867,32.));
#548 = DIRECTION('',(0.,0.,1.));
#549 = DIRECTION('',(-0.707106781187,0.707106781187,0.));
#550 = PCURVE('',#141,#551);
#551 = DEFINITIONAL_REPRESENTATION('',(#552),#562);
#552 = B_SPLINE_CURVE_WITH_KNOTS('',8,(#553,#554,#555,#556,#557,#558,
    #559,#560,#561),.UNSPECIFIED.,.F.,.F.,(9,9),(5.665404024891,
    6.900966589468),.PIECEWISE_BEZIER_KNOTS.);
#553 = CARTESIAN_POINT('',(-8.881784197001E-16,32.807703033814));
#554 = CARTESIAN_POINT('',(0.154445320572,35.465288931361));
#555 = CARTESIAN_POINT('',(0.308890641144,37.462713118312));
#556 = CARTESIAN_POINT('',(0.463335961714,38.703377631988));
#557 = CARTESIAN_POINT('',(0.617781282289,39.124278979405));
#558 = CARTESIAN_POINT('',(0.77222660286,38.7033776319));
#559 = CARTESIAN_POINT('',(0.926671923433,37.462713118315));
#560 = CARTESIAN_POINT('',(1.081117244005,35.465288931361));
#561 = CARTESIAN_POINT('',(1.235562564578,32.807703033814));
#562 = ( GEOMETRIC_REPRESENTATION_CONTEXT(2) 
PARAMETRIC_REPRESENTATION_CONTEXT() REPRESENTATION_CONTEXT('2D SPACE',''
  ) );
#563 = PCURVE('',#114,#564);
#564 = DEFINITIONAL_REPRESENTATION('',(#565),#569);
#565 = ELLIPSE('',#566,42.219936923428,30.);
#566 = AXIS2_PLACEMENT_2D('',#567,#568);
#567 = CARTESIAN_POINT('',(-50.78338566121,30.783383412452));
#568 = DIRECTION('',(-0.707106781187,0.707106781187));
#569 = ( GEOMETRIC_REPRESENTATION_CONTEXT(2) 
PARAMETRIC_REPRESENTATION_CONTEXT() REPRESENTATION_CONTEXT('2D SPACE',''
  ) );
#570 = ORIENTED_EDGE('',*,*,#571,.F.);
#571 = EDGE_CURVE('',#572,#542,#574,.T.);
#572 = VERTEX_POINT('',#573);
#573 = CARTESIAN_POINT('',(-68.4855088417,66.883334198774,32.));
#574 = SURFACE_CURVE('',#575,(#613,#654),.PCURVE_S1.);
#575 = B_SPLINE_CURVE_WITH_KNOTS('',6,(#576,#577,#578,#579,#580,#581,
    #582,#583,#584,#585,#586,#587,#588,#589,#590,#591,#592,#593,#594,
    #595,#596,#597,#598,#599,#600,#601,#602,#603,#604,#605,#606,#607,
    #608,#609,#610,#611,#612),.UNSPECIFIED.,.F.,.F.,(7,5,5,5,5,5,5,7),(
    0.,0.203240429469,0.302489193975,0.499994739838,0.636681173304,
    0.697494074959,0.796734602204,1.),.UNSPECIFIED.);
#576 = CARTESIAN_POINT('',(-68.48549861101,66.883335666353,31.9999994));
#577 = CARTESIAN_POINT('',(-69.36122395225,66.757714277732,
    32.051358133424));
#578 = CARTESIAN_POINT('',(-70.24386375539,66.58737418848,
    32.089705160559));
#579 = CARTESIAN_POINT('',(-71.12951350092,66.370429425034,
    32.117205361916));
#580 = CARTESIAN_POINT('',(-72.01411300357,66.105488050401,
    32.136080045437));
#581 = CARTESIAN_POINT('',(-72.89355331547,65.791638100086,
    32.148380761513));
#582 = CARTESIAN_POINT('',(-74.18868175937,65.250964033392,
    32.159561982406));
#583 = CARTESIAN_POINT('',(-74.61110623482,65.061908051172,
    32.162086076519));
#584 = CARTESIAN_POINT('',(-75.03043285777,64.861213548397,
    32.163675808726));
#585 = CARTESIAN_POINT('',(-75.44608678016,64.648942544492,
    32.164526126499));
#586 = CARTESIAN_POINT('',(-75.85750120122,64.425201591365,
    32.16481322391));
#587 = CARTESIAN_POINT('',(-77.07328868389,63.722374923793,
    32.164447831997));
#588 = CARTESIAN_POINT('',(-77.86355948822,63.209730830357,
    32.162583798245));
#589 = CARTESIAN_POINT('',(-78.63027737869,62.653535408309,
    32.160312457196));
#590 = CARTESIAN_POINT('',(-79.36908026642,62.055866750033,
    32.158507161493));
#591 = CARTESIAN_POINT('',(-80.07603668842,61.419489233545,
    32.157604274855));
#592 = CARTESIAN_POINT('',(-81.21264037977,60.282885542248,
    32.157604274855));
#593 = CARTESIAN_POINT('',(-81.66061056044,59.801110980493,
    32.15803654548));
#594 = CARTESIAN_POINT('',(-82.09053912254,59.303577289685,
    32.158901813174));
#595 = CARTESIAN_POINT('',(-82.50144410008,58.791534890262,
    32.160098345366));
#596 = CARTESIAN_POINT('',(-82.89249532913,58.266344728174,
    32.161427257283));
#597 = CARTESIAN_POINT('',(-83.42786052142,57.490619321914,
    32.163118611051));
#598 = CARTESIAN_POINT('',(-83.58864669814,57.249445120145,
    32.163608144466));
#599 = CARTESIAN_POINT('',(-83.74531494119,57.006079671106,
    32.16404076896));
#600 = CARTESIAN_POINT('',(-83.89781483135,56.760650439578,
    32.164387523219));
#601 = CARTESIAN_POINT('',(-84.04610295505,56.513286472295,
    32.164616134667));
#602 = CARTESIAN_POINT('',(-84.42520158641,55.857501209829,
    32.164813223909));
#603 = CARTESIAN_POINT('',(-84.64894254567,55.446086779111,
    32.164526126532));
#604 = CARTESIAN_POINT('',(-84.86121355191,55.030432850687,
    32.163675808697));
#605 = CARTESIAN_POINT('',(-85.06190805126,54.611106233315,
    32.162086076477));
#606 = CARTESIAN_POINT('',(-85.25096402966,54.188681768256,
    32.159561982482));
#607 = CARTESIAN_POINT('',(-85.79171289206,52.893374159176,
    32.148379214809));
#608 = CARTESIAN_POINT('',(-86.10552558019,52.013970573513,
    32.136076886527));
#609 = CARTESIAN_POINT('',(-86.37041325888,51.129518557069,
    32.117202886495));
#610 = CARTESIAN_POINT('',(-86.58733482309,50.244013099984,
    32.089708406292));
#611 = CARTESIAN_POINT('',(-86.75768852625,49.361403469643,
    32.051368661596));
#612 = CARTESIAN_POINT('',(-86.88333566636,48.485498610977,31.9999994));
#613 = PCURVE('',#141,#614);
#614 = DEFINITIONAL_REPRESENTATION('',(#615),#653);
#615 = B_SPLINE_CURVE_WITH_KNOTS('',6,(#616,#617,#618,#619,#620,#621,
    #622,#623,#624,#625,#626,#627,#628,#629,#630,#631,#632,#633,#634,
    #635,#636,#637,#638,#639,#640,#641,#642,#643,#644,#645,#646,#647,
    #648,#649,#650,#651,#652),.UNSPECIFIED.,.F.,.F.,(7,5,5,5,5,5,5,7),(
    0.,0.203240429469,0.302489193975,0.499994739838,0.636681173304,
    0.697494074959,0.796734602204,1.),.UNSPECIFIED.);
#616 = CARTESIAN_POINT('',(0.169251536822,35.360153536129));
#617 = CARTESIAN_POINT('',(0.195444350877,35.769856073017));
#618 = CARTESIAN_POINT('',(0.222591572195,36.151503722494));
#619 = CARTESIAN_POINT('',(0.250618583801,36.503753754193));
#620 = CARTESIAN_POINT('',(0.279450721069,36.825471887043));
#621 = CARTESIAN_POINT('',(0.309017977048,37.115617761634));
#622 = CARTESIAN_POINT('',(0.354022646028,37.498936095834));
#623 = CARTESIAN_POINT('',(0.368938258265,37.616840444593));
#624 = CARTESIAN_POINT('',(0.383991379529,37.726748892202));
#625 = CARTESIAN_POINT('',(0.3991703465,37.82854480727));
#626 = CARTESIAN_POINT('',(0.414463480641,37.922124393578));
#627 = CARTESIAN_POINT('',(0.460496076464,38.177084725433));
#628 = CARTESIAN_POINT('',(0.491542236323,38.313891383178));
#629 = CARTESIAN_POINT('',(0.522895038471,38.417021389198));
#630 = CARTESIAN_POINT('',(0.554453115146,38.485958931077));
#631 = CARTESIAN_POINT('',(0.586115802127,38.520433398764));
#632 = CARTESIAN_POINT('',(0.639695813971,38.520433398788));
#633 = CARTESIAN_POINT('',(0.661610106431,38.50392142824));
#634 = CARTESIAN_POINT('',(0.683489548996,38.470899811133));
#635 = CARTESIAN_POINT('',(0.705300452518,38.421429827459));
#636 = CARTESIAN_POINT('',(0.727009076238,38.355634243497));
#637 = CARTESIAN_POINT('',(0.758178024689,38.237246563113));
#638 = CARTESIAN_POINT('',(0.767748486621,38.197597924269));
#639 = CARTESIAN_POINT('',(0.777289129096,38.154769760322));
#640 = CARTESIAN_POINT('',(0.786797078543,38.108779825847));
#641 = CARTESIAN_POINT('',(0.796269499194,38.059647795253));
#642 = CARTESIAN_POINT('',(0.821099083611,37.922124395397));
#643 = CARTESIAN_POINT('',(0.836392218128,37.828544807356));
#644 = CARTESIAN_POINT('',(0.851571185305,37.726748890406));
#645 = CARTESIAN_POINT('',(0.866624306354,37.616840443858));
#646 = CARTESIAN_POINT('',(0.881539918241,37.498936098452));
#647 = CARTESIAN_POINT('',(0.926550813067,37.115564736886));
#648 = CARTESIAN_POINT('',(0.956116384409,36.825417450055));
#649 = CARTESIAN_POINT('',(0.984943565748,36.50374646754));
#650 = CARTESIAN_POINT('',(1.012966218653,36.151560748161));
#651 = CARTESIAN_POINT('',(1.040112844362,35.769940059088));
#652 = CARTESIAN_POINT('',(1.066311027757,35.360153536115));
#653 = ( GEOMETRIC_REPRESENTATION_CONTEXT(2) 
PARAMETRIC_REPRESENTATION_CONTEXT() REPRESENTATION_CONTEXT('2D SPACE',''
  ) );
#654 = PCURVE('',#655,#660);
#655 = CYLINDRICAL_SURFACE('',#656,21.698823396531);
#656 = AXIS2_PLACEMENT_3D('',#657,#658,#659);
#657 = CARTESIAN_POINT('',(-65.40437779354,45.404377793542,32.));
#658 = DIRECTION('',(-0.,-0.,-1.));
#659 = DIRECTION('',(1.,0.,-0.));
#660 = DEFINITIONAL_REPRESENTATION('',(#661),#699);
#661 = B_SPLINE_CURVE_WITH_KNOTS('',6,(#662,#663,#664,#665,#666,#667,
    #668,#669,#670,#671,#672,#673,#674,#675,#676,#677,#678,#679,#680,
    #681,#682,#683,#684,#685,#686,#687,#688,#689,#690,#691,#692,#693,
    #694,#695,#696,#697,#698),.UNSPECIFIED.,.F.,.F.,(7,5,5,5,5,5,5,7),(
    0.,0.203240429469,0.302489193975,0.499994739838,0.636681173304,
    0.697494074959,0.796734602204,1.),.UNSPECIFIED.);
#662 = CARTESIAN_POINT('',(-1.713272705019,5.999999999895E-07));
#663 = CARTESIAN_POINT('',(-1.754044019557,-5.13581334235E-02));
#664 = CARTESIAN_POINT('',(-1.795423399221,-8.970516055865E-02));
#665 = CARTESIAN_POINT('',(-1.837367037777,-0.117205361916));
#666 = CARTESIAN_POINT('',(-1.879839092127,-0.136080045437));
#667 = CARTESIAN_POINT('',(-1.92281235827,-0.148380761513));
#668 = CARTESIAN_POINT('',(-1.987491214078,-0.159561982406));
#669 = CARTESIAN_POINT('',(-2.008812749919,-0.162086076519));
#670 = CARTESIAN_POINT('',(-2.030226373405,-0.163675808726));
#671 = CARTESIAN_POINT('',(-2.051724552622,-0.164526126499));
#672 = CARTESIAN_POINT('',(-2.073299877967,-0.16481322391));
#673 = CARTESIAN_POINT('',(-2.138018428181,-0.164447831997));
#674 = CARTESIAN_POINT('',(-2.181373006569,-0.162583798245));
#675 = CARTESIAN_POINT('',(-2.224936204029,-0.160312457196));
#676 = CARTESIAN_POINT('',(-2.268639284511,-0.158507161493));
#677 = CARTESIAN_POINT('',(-2.312414954892,-0.157604274855));
#678 = CARTESIAN_POINT('',(-2.386492720582,-0.157604274855));
#679 = CARTESIAN_POINT('',(-2.416790622101,-0.15803654548));
#680 = CARTESIAN_POINT('',(-2.447064208266,-0.158901813174));
#681 = CARTESIAN_POINT('',(-2.477290780953,-0.160098345366));
#682 = CARTESIAN_POINT('',(-2.507447432033,-0.161427257283));
#683 = CARTESIAN_POINT('',(-2.550884422653,-0.163118611051));
#684 = CARTESIAN_POINT('',(-2.564240891407,-0.163608144466));
#685 = CARTESIAN_POINT('',(-2.577576994381,-0.16404076896));
#686 = CARTESIAN_POINT('',(-2.590890814638,-0.164387523219));
#687 = CARTESIAN_POINT('',(-2.60418047521,-0.164616134667));
#688 = CARTESIAN_POINT('',(-2.63908910196,-0.164813223909));
#689 = CARTESIAN_POINT('',(-2.66066442783,-0.164526126532));
#690 = CARTESIAN_POINT('',(-2.682162607345,-0.163675808697));
#691 = CARTESIAN_POINT('',(-2.70357623053,-0.162086076477));
#692 = CARTESIAN_POINT('',(-2.724897765863,-0.159561982482));
#693 = CARTESIAN_POINT('',(-2.789585569201,-0.148379214809));
#694 = CARTESIAN_POINT('',(-2.832556611934,-0.136076886527));
#695 = CARTESIAN_POINT('',(-2.875021531508,-0.117202886495));
#696 = CARTESIAN_POINT('',(-2.916958510563,-8.970840629238E-02));
#697 = CARTESIAN_POINT('',(-2.958336603002,-5.13686615962E-02));
#698 = CARTESIAN_POINT('',(-2.999116275367,5.999999999895E-07));
#699 = ( GEOMETRIC_REPRESENTATION_CONTEXT(2) 
PARAMETRIC_REPRESENTATION_CONTEXT() REPRESENTATION_CONTEXT('2D SPACE',''
  ) );
#700 = ORIENTED_EDGE('',*,*,#701,.F.);
#701 = EDGE_CURVE('',#100,#572,#702,.T.);
#702 = SURFACE_CURVE('',#703,(#708,#721),.PCURVE_S1.);
#703 = ELLIPSE('',#704,42.219936923428,30.);
#704 = AXIS2_PLACEMENT_3D('',#705,#706,#707);
#705 = CARTESIAN_POINT('',(-50.78340355986,30.783403559867,32.));
#706 = DIRECTION('',(0.,0.,1.));
#707 = DIRECTION('',(-0.707106781187,0.707106781187,0.));
#708 = PCURVE('',#141,#709);
#709 = DEFINITIONAL_REPRESENTATION('',(#710),#720);
#710 = B_SPLINE_CURVE_WITH_KNOTS('',8,(#711,#712,#713,#714,#715,#716,
    #717,#718,#719),.UNSPECIFIED.,.F.,.F.,(9,9),(5.665404024891,
    6.900966589468),.PIECEWISE_BEZIER_KNOTS.);
#711 = CARTESIAN_POINT('',(-8.881784197001E-16,32.807703033814));
#712 = CARTESIAN_POINT('',(0.154445320572,35.465288931361));
#713 = CARTESIAN_POINT('',(0.308890641144,37.462713118312));
#714 = CARTESIAN_POINT('',(0.463335961714,38.703377631988));
#715 = CARTESIAN_POINT('',(0.617781282289,39.124278979405));
#716 = CARTESIAN_POINT('',(0.77222660286,38.7033776319));
#717 = CARTESIAN_POINT('',(0.926671923433,37.462713118315));
#718 = CARTESIAN_POINT('',(1.081117244005,35.465288931361));
#719 = CARTESIAN_POINT('',(1.235562564578,32.807703033814));
#720 = ( GEOMETRIC_REPRESENTATION_CONTEXT(2) 
PARAMETRIC_REPRESENTATION_CONTEXT() REPRESENTATION_CONTEXT('2D SPACE',''
  ) );
#721 = PCURVE('',#114,#722);
#722 = DEFINITIONAL_REPRESENTATION('',(#723),#727);
#723 = ELLIPSE('',#724,42.219936923428,30.);
#724 = AXIS2_PLACEMENT_2D('',#725,#726);
#725 = CARTESIAN_POINT('',(-50.78338566121,30.783383412452));
#726 = DIRECTION('',(-0.707106781187,0.707106781187));
#727 = ( GEOMETRIC_REPRESENTATION_CONTEXT(2) 
PARAMETRIC_REPRESENTATION_CONTEXT() REPRESENTATION_CONTEXT('2D SPACE',''
  ) );
#728 = ADVANCED_FACE('',(#729,#959),#114,.F.);
#729 = FACE_BOUND('',#730,.F.);
#730 = EDGE_LOOP('',(#731,#761,#790,#818,#847,#875,#904,#932));
#731 = ORIENTED_EDGE('',*,*,#732,.T.);
#732 = EDGE_CURVE('',#733,#735,#737,.T.);
#733 = VERTEX_POINT('',#734);
#734 = CARTESIAN_POINT('',(73.506550605082,75.50726382124,32.));
#735 = VERTEX_POINT('',#736);
#736 = CARTESIAN_POINT('',(-73.5087163802,75.507263793559,32.));
#737 = SURFACE_CURVE('',#738,(#742,#749),.PCURVE_S1.);
#738 = LINE('',#739,#740);
#739 = CARTESIAN_POINT('',(73.506550605082,75.50726382389,32.));
#740 = VECTOR('',#741,1.);
#741 = DIRECTION('',(-1.,-1.255241072318E-10,0.));
#742 = PCURVE('',#114,#743);
#743 = DEFINITIONAL_REPRESENTATION('',(#744),#748);
#744 = LINE('',#745,#746);
#745 = CARTESIAN_POINT('',(73.506568503732,75.507243676474));
#746 = VECTOR('',#747,1.);
#747 = DIRECTION('',(-1.,-1.255241072318E-10));
#748 = ( GEOMETRIC_REPRESENTATION_CONTEXT(2) 
PARAMETRIC_REPRESENTATION_CONTEXT() REPRESENTATION_CONTEXT('2D SPACE',''
  ) );
#749 = PCURVE('',#750,#755);
#750 = PLANE('',#751);
#751 = AXIS2_PLACEMENT_3D('',#752,#753,#754);
#752 = CARTESIAN_POINT('',(73.506550605082,75.50726382389,32.));
#753 = DIRECTION('',(1.255241072318E-10,-1.,0.));
#754 = DIRECTION('',(-1.,-1.255241072318E-10,0.));
#755 = DEFINITIONAL_REPRESENTATION('',(#756),#760);
#756 = LINE('',#757,#758);
#757 = CARTESIAN_POINT('',(0.,0.));
#758 = VECTOR('',#759,1.);
#759 = DIRECTION('',(1.,0.));
#760 = ( GEOMETRIC_REPRESENTATION_CONTEXT(2) 
PARAMETRIC_REPRESENTATION_CONTEXT() REPRESENTATION_CONTEXT('2D SPACE',''
  ) );
#761 = ORIENTED_EDGE('',*,*,#762,.T.);
#762 = EDGE_CURVE('',#735,#763,#765,.T.);
#763 = VERTEX_POINT('',#764);
#764 = CARTESIAN_POINT('',(-95.50726379535,53.508667197318,32.));
#765 = SURFACE_CURVE('',#766,(#771,#778),.PCURVE_S1.);
#766 = CIRCLE('',#767,22.);
#767 = AXIS2_PLACEMENT_3D('',#768,#769,#770);
#768 = CARTESIAN_POINT('',(-73.507263829,53.507263829634,32.));
#769 = DIRECTION('',(0.,0.,1.));
#770 = DIRECTION('',(1.,0.,-0.));
#771 = PCURVE('',#114,#772);
#772 = DEFINITIONAL_REPRESENTATION('',(#773),#777);
#773 = CIRCLE('',#774,22.);
#774 = AXIS2_PLACEMENT_2D('',#775,#776);
#775 = CARTESIAN_POINT('',(-73.50724593035,53.507243682219));
#776 = DIRECTION('',(1.,0.));
#777 = ( GEOMETRIC_REPRESENTATION_CONTEXT(2) 
PARAMETRIC_REPRESENTATION_CONTEXT() REPRESENTATION_CONTEXT('2D SPACE',''
  ) );
#778 = PCURVE('',#779,#784);
#779 = CYLINDRICAL_SURFACE('',#780,22.);
#780 = AXIS2_PLACEMENT_3D('',#781,#782,#783);
#781 = CARTESIAN_POINT('',(-73.507263829,53.507263829634,32.));
#782 = DIRECTION('',(-0.,-0.,-1.));
#783 = DIRECTION('',(1.,0.,-0.));
#784 = DEFINITIONAL_REPRESENTATION('',(#785),#789);
#785 = LINE('',#786,#787);
#786 = CARTESIAN_POINT('',(-0.,0.));
#787 = VECTOR('',#788,1.);
#788 = DIRECTION('',(-1.,0.));
#789 = ( GEOMETRIC_REPRESENTATION_CONTEXT(2) 
PARAMETRIC_REPRESENTATION_CONTEXT() REPRESENTATION_CONTEXT('2D SPACE',''
  ) );
#790 = ORIENTED_EDGE('',*,*,#791,.T.);
#791 = EDGE_CURVE('',#763,#792,#794,.T.);
#792 = VERTEX_POINT('',#793);
#793 = CARTESIAN_POINT('',(-95.50726382137,-53.50659721773,32.));
#794 = SURFACE_CURVE('',#795,(#799,#806),.PCURVE_S1.);
#795 = LINE('',#796,#797);
#796 = CARTESIAN_POINT('',(-95.50726380645,53.508667197318,32.));
#797 = VECTOR('',#798,1.);
#798 = DIRECTION('',(-1.621463612984E-10,-1.,0.));
#799 = PCURVE('',#114,#800);
#800 = DEFINITIONAL_REPRESENTATION('',(#801),#805);
#801 = LINE('',#802,#803);
#802 = CARTESIAN_POINT('',(-95.5072459078,53.508647049903));
#803 = VECTOR('',#804,1.);
#804 = DIRECTION('',(-1.621463612984E-10,-1.));
#805 = ( GEOMETRIC_REPRESENTATION_CONTEXT(2) 
PARAMETRIC_REPRESENTATION_CONTEXT() REPRESENTATION_CONTEXT('2D SPACE',''
  ) );
#806 = PCURVE('',#807,#812);
#807 = PLANE('',#808);
#808 = AXIS2_PLACEMENT_3D('',#809,#810,#811);
#809 = CARTESIAN_POINT('',(-95.50726380645,53.508667197318,32.));
#810 = DIRECTION('',(1.,-1.621463612984E-10,0.));
#811 = DIRECTION('',(-1.621463612984E-10,-1.,0.));
#812 = DEFINITIONAL_REPRESENTATION('',(#813),#817);
#813 = LINE('',#814,#815);
#814 = CARTESIAN_POINT('',(0.,0.));
#815 = VECTOR('',#816,1.);
#816 = DIRECTION('',(1.,0.));
#817 = ( GEOMETRIC_REPRESENTATION_CONTEXT(2) 
PARAMETRIC_REPRESENTATION_CONTEXT() REPRESENTATION_CONTEXT('2D SPACE',''
  ) );
#818 = ORIENTED_EDGE('',*,*,#819,.T.);
#819 = EDGE_CURVE('',#792,#820,#822,.T.);
#820 = VERTEX_POINT('',#821);
#821 = CARTESIAN_POINT('',(-73.50730745303,-75.50726383728,32.));
#822 = SURFACE_CURVE('',#823,(#828,#835),.PCURVE_S1.);
#823 = CIRCLE('',#824,22.);
#824 = AXIS2_PLACEMENT_3D('',#825,#826,#827);
#825 = CARTESIAN_POINT('',(-73.50726382905,-53.50726383734,32.));
#826 = DIRECTION('',(0.,0.,1.));
#827 = DIRECTION('',(1.,0.,-0.));
#828 = PCURVE('',#114,#829);
#829 = DEFINITIONAL_REPRESENTATION('',(#830),#834);
#830 = CIRCLE('',#831,22.);
#831 = AXIS2_PLACEMENT_2D('',#832,#833);
#832 = CARTESIAN_POINT('',(-73.5072459304,-53.50728398475));
#833 = DIRECTION('',(1.,0.));
#834 = ( GEOMETRIC_REPRESENTATION_CONTEXT(2) 
PARAMETRIC_REPRESENTATION_CONTEXT() REPRESENTATION_CONTEXT('2D SPACE',''
  ) );
#835 = PCURVE('',#836,#841);
#836 = CYLINDRICAL_SURFACE('',#837,22.);
#837 = AXIS2_PLACEMENT_3D('',#838,#839,#840);
#838 = CARTESIAN_POINT('',(-73.50726382905,-53.50726383734,32.));
#839 = DIRECTION('',(-0.,-0.,-1.));
#840 = DIRECTION('',(1.,0.,-0.));
#841 = DEFINITIONAL_REPRESENTATION('',(#842),#846);
#842 = LINE('',#843,#844);
#843 = CARTESIAN_POINT('',(-0.,0.));
#844 = VECTOR('',#845,1.);
#845 = DIRECTION('',(-1.,0.));
#846 = ( GEOMETRIC_REPRESENTATION_CONTEXT(2) 
PARAMETRIC_REPRESENTATION_CONTEXT() REPRESENTATION_CONTEXT('2D SPACE',''
  ) );
#847 = ORIENTED_EDGE('',*,*,#848,.T.);
#848 = EDGE_CURVE('',#820,#849,#851,.T.);
#849 = VERTEX_POINT('',#850);
#850 = CARTESIAN_POINT('',(73.507351514036,-75.50726383718,32.));
#851 = SURFACE_CURVE('',#852,(#856,#863),.PCURVE_S1.);
#852 = LINE('',#853,#854);
#853 = CARTESIAN_POINT('',(-73.50730745303,-75.50726383726,32.));
#854 = VECTOR('',#855,1.);
#855 = DIRECTION('',(1.,4.471623059524E-13,0.));
#856 = PCURVE('',#114,#857);
#857 = DEFINITIONAL_REPRESENTATION('',(#858),#862);
#858 = LINE('',#859,#860);
#859 = CARTESIAN_POINT('',(-73.50728955438,-75.50728398467));
#860 = VECTOR('',#861,1.);
#861 = DIRECTION('',(1.,4.471623059524E-13));
#862 = ( GEOMETRIC_REPRESENTATION_CONTEXT(2) 
PARAMETRIC_REPRESENTATION_CONTEXT() REPRESENTATION_CONTEXT('2D SPACE',''
  ) );
#863 = PCURVE('',#864,#869);
#864 = PLANE('',#865);
#865 = AXIS2_PLACEMENT_3D('',#866,#867,#868);
#866 = CARTESIAN_POINT('',(-73.50730745303,-75.50726383726,32.));
#867 = DIRECTION('',(-4.471623059524E-13,1.,0.));
#868 = DIRECTION('',(1.,4.471623059524E-13,0.));
#869 = DEFINITIONAL_REPRESENTATION('',(#870),#874);
#870 = LINE('',#871,#872);
#871 = CARTESIAN_POINT('',(0.,0.));
#872 = VECTOR('',#873,1.);
#873 = DIRECTION('',(1.,0.));
#874 = ( GEOMETRIC_REPRESENTATION_CONTEXT(2) 
PARAMETRIC_REPRESENTATION_CONTEXT() REPRESENTATION_CONTEXT('2D SPACE',''
  ) );
#875 = ORIENTED_EDGE('',*,*,#876,.T.);
#876 = EDGE_CURVE('',#849,#877,#879,.T.);
#877 = VERTEX_POINT('',#878);
#878 = CARTESIAN_POINT('',(95.507263820062,-53.50620818335,32.));
#879 = SURFACE_CURVE('',#880,(#885,#892),.PCURVE_S1.);
#880 = CIRCLE('',#881,22.);
#881 = AXIS2_PLACEMENT_3D('',#882,#883,#884);
#882 = CARTESIAN_POINT('',(73.507263838828,-53.50726383734,32.));
#883 = DIRECTION('',(0.,0.,1.));
#884 = DIRECTION('',(1.,0.,-0.));
#885 = PCURVE('',#114,#886);
#886 = DEFINITIONAL_REPRESENTATION('',(#887),#891);
#887 = CIRCLE('',#888,22.);
#888 = AXIS2_PLACEMENT_2D('',#889,#890);
#889 = CARTESIAN_POINT('',(73.507281737479,-53.50728398475));
#890 = DIRECTION('',(1.,0.));
#891 = ( GEOMETRIC_REPRESENTATION_CONTEXT(2) 
PARAMETRIC_REPRESENTATION_CONTEXT() REPRESENTATION_CONTEXT('2D SPACE',''
  ) );
#892 = PCURVE('',#893,#898);
#893 = CYLINDRICAL_SURFACE('',#894,22.);
#894 = AXIS2_PLACEMENT_3D('',#895,#896,#897);
#895 = CARTESIAN_POINT('',(73.507263838828,-53.50726383734,32.));
#896 = DIRECTION('',(-0.,-0.,-1.));
#897 = DIRECTION('',(1.,0.,-0.));
#898 = DEFINITIONAL_REPRESENTATION('',(#899),#903);
#899 = LINE('',#900,#901);
#900 = CARTESIAN_POINT('',(-0.,0.));
#901 = VECTOR('',#902,1.);
#902 = DIRECTION('',(-1.,0.));
#903 = ( GEOMETRIC_REPRESENTATION_CONTEXT(2) 
PARAMETRIC_REPRESENTATION_CONTEXT() REPRESENTATION_CONTEXT('2D SPACE',''
  ) );
#904 = ORIENTED_EDGE('',*,*,#905,.T.);
#905 = EDGE_CURVE('',#877,#906,#908,.T.);
#906 = VERTEX_POINT('',#907);
#907 = CARTESIAN_POINT('',(95.507263828663,53.508053176417,32.));
#908 = SURFACE_CURVE('',#909,(#913,#920),.PCURVE_S1.);
#909 = LINE('',#910,#911);
#910 = CARTESIAN_POINT('',(95.507263826624,-53.50620818335,32.));
#911 = VECTOR('',#912,1.);
#912 = DIRECTION('',(5.357920284844E-11,1.,0.));
#913 = PCURVE('',#114,#914);
#914 = DEFINITIONAL_REPRESENTATION('',(#915),#919);
#915 = LINE('',#916,#917);
#916 = CARTESIAN_POINT('',(95.507281725274,-53.50622833076));
#917 = VECTOR('',#918,1.);
#918 = DIRECTION('',(5.357920284844E-11,1.));
#919 = ( GEOMETRIC_REPRESENTATION_CONTEXT(2) 
PARAMETRIC_REPRESENTATION_CONTEXT() REPRESENTATION_CONTEXT('2D SPACE',''
  ) );
#920 = PCURVE('',#921,#926);
#921 = PLANE('',#922);
#922 = AXIS2_PLACEMENT_3D('',#923,#924,#925);
#923 = CARTESIAN_POINT('',(95.507263826624,-53.50620818335,32.));
#924 = DIRECTION('',(-1.,5.357920284844E-11,0.));
#925 = DIRECTION('',(5.357920284844E-11,1.,0.));
#926 = DEFINITIONAL_REPRESENTATION('',(#927),#931);
#927 = LINE('',#928,#929);
#928 = CARTESIAN_POINT('',(0.,0.));
#929 = VECTOR('',#930,1.);
#930 = DIRECTION('',(1.,0.));
#931 = ( GEOMETRIC_REPRESENTATION_CONTEXT(2) 
PARAMETRIC_REPRESENTATION_CONTEXT() REPRESENTATION_CONTEXT('2D SPACE',''
  ) );
#932 = ORIENTED_EDGE('',*,*,#933,.T.);
#933 = EDGE_CURVE('',#906,#733,#934,.T.);
#934 = SURFACE_CURVE('',#935,(#940,#947),.PCURVE_S1.);
#935 = CIRCLE('',#936,22.);
#936 = AXIS2_PLACEMENT_3D('',#937,#938,#939);
#937 = CARTESIAN_POINT('',(73.507263839129,53.507263830151,32.));
#938 = DIRECTION('',(0.,0.,1.));
#939 = DIRECTION('',(1.,0.,-0.));
#940 = PCURVE('',#114,#941);
#941 = DEFINITIONAL_REPRESENTATION('',(#942),#946);
#942 = CIRCLE('',#943,22.);
#943 = AXIS2_PLACEMENT_2D('',#944,#945);
#944 = CARTESIAN_POINT('',(73.507281737779,53.507243682736));
#945 = DIRECTION('',(1.,0.));
#946 = ( GEOMETRIC_REPRESENTATION_CONTEXT(2) 
PARAMETRIC_REPRESENTATION_CONTEXT() REPRESENTATION_CONTEXT('2D SPACE',''
  ) );
#947 = PCURVE('',#948,#953);
#948 = CYLINDRICAL_SURFACE('',#949,22.);
#949 = AXIS2_PLACEMENT_3D('',#950,#951,#952);
#950 = CARTESIAN_POINT('',(73.507263839129,53.507263830151,32.));
#951 = DIRECTION('',(-0.,-0.,-1.));
#952 = DIRECTION('',(1.,0.,-0.));
#953 = DEFINITIONAL_REPRESENTATION('',(#954),#958);
#954 = LINE('',#955,#956);
#955 = CARTESIAN_POINT('',(-0.,0.));
#956 = VECTOR('',#957,1.);
#957 = DIRECTION('',(-1.,0.));
#958 = ( GEOMETRIC_REPRESENTATION_CONTEXT(2) 
PARAMETRIC_REPRESENTATION_CONTEXT() REPRESENTATION_CONTEXT('2D SPACE',''
  ) );
#959 = FACE_BOUND('',#960,.F.);
#960 = EDGE_LOOP('',(#961,#983,#984,#985,#1015,#1044,#1074,#1100,#1135,
    #1164,#1194,#1220,#1255,#1284,#1314,#1333));
#961 = ORIENTED_EDGE('',*,*,#962,.F.);
#962 = EDGE_CURVE('',#572,#542,#963,.T.);
#963 = SURFACE_CURVE('',#964,(#969,#976),.PCURVE_S1.);
#964 = CIRCLE('',#965,21.698823396531);
#965 = AXIS2_PLACEMENT_3D('',#966,#967,#968);
#966 = CARTESIAN_POINT('',(-65.40437779354,45.404377793542,32.));
#967 = DIRECTION('',(0.,0.,1.));
#968 = DIRECTION('',(1.,0.,-0.));
#969 = PCURVE('',#114,#970);
#970 = DEFINITIONAL_REPRESENTATION('',(#971),#975);
#971 = CIRCLE('',#972,21.698823396531);
#972 = AXIS2_PLACEMENT_2D('',#973,#974);
#973 = CARTESIAN_POINT('',(-65.40435989489,45.404357646127));
#974 = DIRECTION('',(1.,0.));
#975 = ( GEOMETRIC_REPRESENTATION_CONTEXT(2) 
PARAMETRIC_REPRESENTATION_CONTEXT() REPRESENTATION_CONTEXT('2D SPACE',''
  ) );
#976 = PCURVE('',#655,#977);
#977 = DEFINITIONAL_REPRESENTATION('',(#978),#982);
#978 = LINE('',#979,#980);
#979 = CARTESIAN_POINT('',(-0.,0.));
#980 = VECTOR('',#981,1.);
#981 = DIRECTION('',(-1.,0.));
#982 = ( GEOMETRIC_REPRESENTATION_CONTEXT(2) 
PARAMETRIC_REPRESENTATION_CONTEXT() REPRESENTATION_CONTEXT('2D SPACE',''
  ) );
#983 = ORIENTED_EDGE('',*,*,#701,.F.);
#984 = ORIENTED_EDGE('',*,*,#99,.F.);
#985 = ORIENTED_EDGE('',*,*,#986,.F.);
#986 = EDGE_CURVE('',#987,#72,#989,.T.);
#987 = VERTEX_POINT('',#988);
#988 = CARTESIAN_POINT('',(68.485508841708,66.883334198774,32.));
#989 = SURFACE_CURVE('',#990,(#995,#1002),.PCURVE_S1.);
#990 = ELLIPSE('',#991,42.219936923428,30.);
#991 = AXIS2_PLACEMENT_3D('',#992,#993,#994);
#992 = CARTESIAN_POINT('',(50.783403559867,30.783403559867,32.));
#993 = DIRECTION('',(0.,0.,1.));
#994 = DIRECTION('',(0.707106781187,0.707106781187,-0.));
#995 = PCURVE('',#114,#996);
#996 = DEFINITIONAL_REPRESENTATION('',(#997),#1001);
#997 = ELLIPSE('',#998,42.219936923428,30.);
#998 = AXIS2_PLACEMENT_2D('',#999,#1000);
#999 = CARTESIAN_POINT('',(50.783421458517,30.783383412452));
#1000 = DIRECTION('',(0.707106781187,0.707106781187));
#1001 = ( GEOMETRIC_REPRESENTATION_CONTEXT(2) 
PARAMETRIC_REPRESENTATION_CONTEXT() REPRESENTATION_CONTEXT('2D SPACE',''
  ) );
#1002 = PCURVE('',#87,#1003);
#1003 = DEFINITIONAL_REPRESENTATION('',(#1004),#1014);
#1004 = B_SPLINE_CURVE_WITH_KNOTS('',8,(#1005,#1006,#1007,#1008,#1009,
    #1010,#1011,#1012,#1013),.UNSPECIFIED.,.F.,.F.,(9,9),(5.665404024891
    ,6.900966589468),.PIECEWISE_BEZIER_KNOTS.);
#1005 = CARTESIAN_POINT('',(-1.235562564578,32.807703033814));
#1006 = CARTESIAN_POINT('',(-1.081117244005,35.465288931361));
#1007 = CARTESIAN_POINT('',(-0.926671923434,37.462713118282));
#1008 = CARTESIAN_POINT('',(-0.772226602856,38.703377631988));
#1009 = CARTESIAN_POINT('',(-0.617781282291,39.124278979172));
#1010 = CARTESIAN_POINT('',(-0.463335961713,38.703377632017));
#1011 = CARTESIAN_POINT('',(-0.308890641145,37.462713118301));
#1012 = CARTESIAN_POINT('',(-0.154445320572,35.465288931361));
#1013 = CARTESIAN_POINT('',(-3.552713678801E-16,32.807703033814));
#1014 = ( GEOMETRIC_REPRESENTATION_CONTEXT(2) 
PARAMETRIC_REPRESENTATION_CONTEXT() REPRESENTATION_CONTEXT('2D SPACE',''
  ) );
#1015 = ORIENTED_EDGE('',*,*,#1016,.F.);
#1016 = EDGE_CURVE('',#1017,#987,#1019,.T.);
#1017 = VERTEX_POINT('',#1018);
#1018 = CARTESIAN_POINT('',(86.883334198781,48.48550884167,32.));
#1019 = SURFACE_CURVE('',#1020,(#1025,#1032),.PCURVE_S1.);
#1020 = CIRCLE('',#1021,21.698823396531);
#1021 = AXIS2_PLACEMENT_3D('',#1022,#1023,#1024);
#1022 = CARTESIAN_POINT('',(65.404377793544,45.404377793542,32.));
#1023 = DIRECTION('',(0.,0.,1.));
#1024 = DIRECTION('',(1.,0.,-0.));
#1025 = PCURVE('',#114,#1026);
#1026 = DEFINITIONAL_REPRESENTATION('',(#1027),#1031);
#1027 = CIRCLE('',#1028,21.698823396531);
#1028 = AXIS2_PLACEMENT_2D('',#1029,#1030);
#1029 = CARTESIAN_POINT('',(65.404395692194,45.404357646126));
#1030 = DIRECTION('',(1.,0.));
#1031 = ( GEOMETRIC_REPRESENTATION_CONTEXT(2) 
PARAMETRIC_REPRESENTATION_CONTEXT() REPRESENTATION_CONTEXT('2D SPACE',''
  ) );
#1032 = PCURVE('',#1033,#1038);
#1033 = CYLINDRICAL_SURFACE('',#1034,21.698823396531);
#1034 = AXIS2_PLACEMENT_3D('',#1035,#1036,#1037);
#1035 = CARTESIAN_POINT('',(65.404377793544,45.404377793542,32.));
#1036 = DIRECTION('',(-0.,-0.,-1.));
#1037 = DIRECTION('',(1.,0.,-0.));
#1038 = DEFINITIONAL_REPRESENTATION('',(#1039),#1043);
#1039 = LINE('',#1040,#1041);
#1040 = CARTESIAN_POINT('',(-0.,0.));
#1041 = VECTOR('',#1042,1.);
#1042 = DIRECTION('',(-1.,0.));
#1043 = ( GEOMETRIC_REPRESENTATION_CONTEXT(2) 
PARAMETRIC_REPRESENTATION_CONTEXT() REPRESENTATION_CONTEXT('2D SPACE',''
  ) );
#1044 = ORIENTED_EDGE('',*,*,#1045,.F.);
#1045 = EDGE_CURVE('',#1046,#1017,#1048,.T.);
#1046 = VERTEX_POINT('',#1047);
#1047 = CARTESIAN_POINT('',(87.406641222711,42.832079894041,32.));
#1048 = SURFACE_CURVE('',#1049,(#1054,#1061),.PCURVE_S1.);
#1049 = ELLIPSE('',#1050,42.219936923428,30.);
#1050 = AXIS2_PLACEMENT_3D('',#1051,#1052,#1053);
#1051 = CARTESIAN_POINT('',(50.783403559867,30.783403559867,32.));
#1052 = DIRECTION('',(0.,0.,1.));
#1053 = DIRECTION('',(0.707106781187,0.707106781187,-0.));
#1054 = PCURVE('',#114,#1055);
#1055 = DEFINITIONAL_REPRESENTATION('',(#1056),#1060);
#1056 = ELLIPSE('',#1057,42.219936923428,30.);
#1057 = AXIS2_PLACEMENT_2D('',#1058,#1059);
#1058 = CARTESIAN_POINT('',(50.783421458517,30.783383412452));
#1059 = DIRECTION('',(0.707106781187,0.707106781187));
#1060 = ( GEOMETRIC_REPRESENTATION_CONTEXT(2) 
PARAMETRIC_REPRESENTATION_CONTEXT() REPRESENTATION_CONTEXT('2D SPACE',''
  ) );
#1061 = PCURVE('',#87,#1062);
#1062 = DEFINITIONAL_REPRESENTATION('',(#1063),#1073);
#1063 = B_SPLINE_CURVE_WITH_KNOTS('',8,(#1064,#1065,#1066,#1067,#1068,
    #1069,#1070,#1071,#1072),.UNSPECIFIED.,.F.,.F.,(9,9),(5.665404024891
    ,6.900966589468),.PIECEWISE_BEZIER_KNOTS.);
#1064 = CARTESIAN_POINT('',(-1.235562564578,32.807703033814));
#1065 = CARTESIAN_POINT('',(-1.081117244005,35.465288931361));
#1066 = CARTESIAN_POINT('',(-0.926671923434,37.462713118282));
#1067 = CARTESIAN_POINT('',(-0.772226602856,38.703377631988));
#1068 = CARTESIAN_POINT('',(-0.617781282291,39.124278979172));
#1069 = CARTESIAN_POINT('',(-0.463335961713,38.703377632017));
#1070 = CARTESIAN_POINT('',(-0.308890641145,37.462713118301));
#1071 = CARTESIAN_POINT('',(-0.154445320572,35.465288931361));
#1072 = CARTESIAN_POINT('',(-3.552713678801E-16,32.807703033814));
#1073 = ( GEOMETRIC_REPRESENTATION_CONTEXT(2) 
PARAMETRIC_REPRESENTATION_CONTEXT() REPRESENTATION_CONTEXT('2D SPACE',''
  ) );
#1074 = ORIENTED_EDGE('',*,*,#1075,.F.);
#1075 = EDGE_CURVE('',#1076,#1046,#1078,.T.);
#1076 = VERTEX_POINT('',#1077);
#1077 = CARTESIAN_POINT('',(87.406641222711,-42.83207989404,32.));
#1078 = SURFACE_CURVE('',#1079,(#1083,#1089),.PCURVE_S1.);
#1079 = LINE('',#1080,#1081);
#1080 = CARTESIAN_POINT('',(87.406641222711,-22.49998992629,32.));
#1081 = VECTOR('',#1082,1.);
#1082 = DIRECTION('',(0.,1.,-0.));
#1083 = PCURVE('',#114,#1084);
#1084 = DEFINITIONAL_REPRESENTATION('',(#1085),#1088);
#1085 = B_SPLINE_CURVE_WITH_KNOTS('',1,(#1086,#1087),.UNSPECIFIED.,.F.,
  .F.,(2,2),(-22.43271258237,67.432692434963),.PIECEWISE_BEZIER_KNOTS.);
#1086 = CARTESIAN_POINT('',(87.406659121361,-44.93272265608));
#1087 = CARTESIAN_POINT('',(87.406659121361,44.932682361255));
#1088 = ( GEOMETRIC_REPRESENTATION_CONTEXT(2) 
PARAMETRIC_REPRESENTATION_CONTEXT() REPRESENTATION_CONTEXT('2D SPACE',''
  ) );
#1089 = PCURVE('',#1090,#1095);
#1090 = PLANE('',#1091);
#1091 = AXIS2_PLACEMENT_3D('',#1092,#1093,#1094);
#1092 = CARTESIAN_POINT('',(65.,-45.,0.));
#1093 = DIRECTION('',(-0.819152044289,0.,0.573576436351));
#1094 = DIRECTION('',(0.,1.,0.));
#1095 = DEFINITIONAL_REPRESENTATION('',(#1096),#1099);
#1096 = B_SPLINE_CURVE_WITH_KNOTS('',1,(#1097,#1098),.UNSPECIFIED.,.F.,
  .F.,(2,2),(-22.43271258237,67.432692434963),.PIECEWISE_BEZIER_KNOTS.);
#1097 = CARTESIAN_POINT('',(6.729749132992E-02,-39.06478684036));
#1098 = CARTESIAN_POINT('',(89.93270250867,-39.06478684036));
#1099 = ( GEOMETRIC_REPRESENTATION_CONTEXT(2) 
PARAMETRIC_REPRESENTATION_CONTEXT() REPRESENTATION_CONTEXT('2D SPACE',''
  ) );
#1100 = ORIENTED_EDGE('',*,*,#1101,.F.);
#1101 = EDGE_CURVE('',#1102,#1076,#1104,.T.);
#1102 = VERTEX_POINT('',#1103);
#1103 = CARTESIAN_POINT('',(86.883334198775,-48.4855088417,32.));
#1104 = SURFACE_CURVE('',#1105,(#1110,#1117),.PCURVE_S1.);
#1105 = ELLIPSE('',#1106,42.219936923428,30.);
#1106 = AXIS2_PLACEMENT_3D('',#1107,#1108,#1109);
#1107 = CARTESIAN_POINT('',(50.783403559867,-30.78340355986,32.));
#1108 = DIRECTION('',(0.,0.,1.));
#1109 = DIRECTION('',(0.707106781187,-0.707106781187,0.));
#1110 = PCURVE('',#114,#1111);
#1111 = DEFINITIONAL_REPRESENTATION('',(#1112),#1116);
#1112 = ELLIPSE('',#1113,42.219936923428,30.);
#1113 = AXIS2_PLACEMENT_2D('',#1114,#1115);
#1114 = CARTESIAN_POINT('',(50.783421458517,-30.78342370728));
#1115 = DIRECTION('',(0.707106781187,-0.707106781187));
#1116 = ( GEOMETRIC_REPRESENTATION_CONTEXT(2) 
PARAMETRIC_REPRESENTATION_CONTEXT() REPRESENTATION_CONTEXT('2D SPACE',''
  ) );
#1117 = PCURVE('',#1118,#1123);
#1118 = CYLINDRICAL_SURFACE('',#1119,30.);
#1119 = AXIS2_PLACEMENT_3D('',#1120,#1121,#1122);
#1120 = CARTESIAN_POINT('',(46.508843065938,-26.50884306593,
    25.895294950897));
#1121 = DIRECTION('',(0.497542812165,-0.497542812165,0.710564775462));
#1122 = DIRECTION('',(-2.775557561563E-17,-0.819152044289,
    -0.573576436351));
#1123 = DEFINITIONAL_REPRESENTATION('',(#1124),#1134);
#1124 = B_SPLINE_CURVE_WITH_KNOTS('',8,(#1125,#1126,#1127,#1128,#1129,
    #1130,#1131,#1132,#1133),.UNSPECIFIED.,.F.,.F.,(9,9),(5.665404024891
    ,6.900966589468),.PIECEWISE_BEZIER_KNOTS.);
#1125 = CARTESIAN_POINT('',(-8.881784197001E-16,32.807703033814));
#1126 = CARTESIAN_POINT('',(0.154445320572,35.465288931361));
#1127 = CARTESIAN_POINT('',(0.308890641144,37.462713118312));
#1128 = CARTESIAN_POINT('',(0.463335961714,38.703377631988));
#1129 = CARTESIAN_POINT('',(0.617781282289,39.124278979405));
#1130 = CARTESIAN_POINT('',(0.77222660286,38.7033776319));
#1131 = CARTESIAN_POINT('',(0.926671923433,37.462713118315));
#1132 = CARTESIAN_POINT('',(1.081117244005,35.465288931361));
#1133 = CARTESIAN_POINT('',(1.235562564578,32.807703033814));
#1134 = ( GEOMETRIC_REPRESENTATION_CONTEXT(2) 
PARAMETRIC_REPRESENTATION_CONTEXT() REPRESENTATION_CONTEXT('2D SPACE',''
  ) );
#1135 = ORIENTED_EDGE('',*,*,#1136,.F.);
#1136 = EDGE_CURVE('',#1137,#1102,#1139,.T.);
#1137 = VERTEX_POINT('',#1138);
#1138 = CARTESIAN_POINT('',(68.485508841705,-66.88333419877,32.));
#1139 = SURFACE_CURVE('',#1140,(#1145,#1152),.PCURVE_S1.);
#1140 = CIRCLE('',#1141,21.698823396527);
#1141 = AXIS2_PLACEMENT_3D('',#1142,#1143,#1144);
#1142 = CARTESIAN_POINT('',(65.404377793545,-45.40437779354,32.));
#1143 = DIRECTION('',(0.,0.,1.));
#1144 = DIRECTION('',(1.,0.,-0.));
#1145 = PCURVE('',#114,#1146);
#1146 = DEFINITIONAL_REPRESENTATION('',(#1147),#1151);
#1147 = CIRCLE('',#1148,21.698823396527);
#1148 = AXIS2_PLACEMENT_2D('',#1149,#1150);
#1149 = CARTESIAN_POINT('',(65.404395692196,-45.40439794096));
#1150 = DIRECTION('',(1.,0.));
#1151 = ( GEOMETRIC_REPRESENTATION_CONTEXT(2) 
PARAMETRIC_REPRESENTATION_CONTEXT() REPRESENTATION_CONTEXT('2D SPACE',''
  ) );
#1152 = PCURVE('',#1153,#1158);
#1153 = CYLINDRICAL_SURFACE('',#1154,21.698823396527);
#1154 = AXIS2_PLACEMENT_3D('',#1155,#1156,#1157);
#1155 = CARTESIAN_POINT('',(65.404377793545,-45.40437779354,32.));
#1156 = DIRECTION('',(-0.,-0.,-1.));
#1157 = DIRECTION('',(1.,0.,-0.));
#1158 = DEFINITIONAL_REPRESENTATION('',(#1159),#1163);
#1159 = LINE('',#1160,#1161);
#1160 = CARTESIAN_POINT('',(-0.,0.));
#1161 = VECTOR('',#1162,1.);
#1162 = DIRECTION('',(-1.,0.));
#1163 = ( GEOMETRIC_REPRESENTATION_CONTEXT(2) 
PARAMETRIC_REPRESENTATION_CONTEXT() REPRESENTATION_CONTEXT('2D SPACE',''
  ) );
#1164 = ORIENTED_EDGE('',*,*,#1165,.F.);
#1165 = EDGE_CURVE('',#1166,#1137,#1168,.T.);
#1166 = VERTEX_POINT('',#1167);
#1167 = CARTESIAN_POINT('',(62.832079894041,-67.40664122271,32.));
#1168 = SURFACE_CURVE('',#1169,(#1174,#1181),.PCURVE_S1.);
#1169 = ELLIPSE('',#1170,42.219936923428,30.);
#1170 = AXIS2_PLACEMENT_3D('',#1171,#1172,#1173);
#1171 = CARTESIAN_POINT('',(50.783403559867,-30.78340355986,32.));
#1172 = DIRECTION('',(0.,0.,1.));
#1173 = DIRECTION('',(0.707106781187,-0.707106781187,0.));
#1174 = PCURVE('',#114,#1175);
#1175 = DEFINITIONAL_REPRESENTATION('',(#1176),#1180);
#1176 = ELLIPSE('',#1177,42.219936923428,30.);
#1177 = AXIS2_PLACEMENT_2D('',#1178,#1179);
#1178 = CARTESIAN_POINT('',(50.783421458517,-30.78342370728));
#1179 = DIRECTION('',(0.707106781187,-0.707106781187));
#1180 = ( GEOMETRIC_REPRESENTATION_CONTEXT(2) 
PARAMETRIC_REPRESENTATION_CONTEXT() REPRESENTATION_CONTEXT('2D SPACE',''
  ) );
#1181 = PCURVE('',#1118,#1182);
#1182 = DEFINITIONAL_REPRESENTATION('',(#1183),#1193);
#1183 = B_SPLINE_CURVE_WITH_KNOTS('',8,(#1184,#1185,#1186,#1187,#1188,
    #1189,#1190,#1191,#1192),.UNSPECIFIED.,.F.,.F.,(9,9),(5.665404024891
    ,6.900966589468),.PIECEWISE_BEZIER_KNOTS.);
#1184 = CARTESIAN_POINT('',(-8.881784197001E-16,32.807703033814));
#1185 = CARTESIAN_POINT('',(0.154445320572,35.465288931361));
#1186 = CARTESIAN_POINT('',(0.308890641144,37.462713118312));
#1187 = CARTESIAN_POINT('',(0.463335961714,38.703377631988));
#1188 = CARTESIAN_POINT('',(0.617781282289,39.124278979405));
#1189 = CARTESIAN_POINT('',(0.77222660286,38.7033776319));
#1190 = CARTESIAN_POINT('',(0.926671923433,37.462713118315));
#1191 = CARTESIAN_POINT('',(1.081117244005,35.465288931361));
#1192 = CARTESIAN_POINT('',(1.235562564578,32.807703033814));
#1193 = ( GEOMETRIC_REPRESENTATION_CONTEXT(2) 
PARAMETRIC_REPRESENTATION_CONTEXT() REPRESENTATION_CONTEXT('2D SPACE',''
  ) );
#1194 = ORIENTED_EDGE('',*,*,#1195,.F.);
#1195 = EDGE_CURVE('',#1196,#1166,#1198,.T.);
#1196 = VERTEX_POINT('',#1197);
#1197 = CARTESIAN_POINT('',(-62.83207989404,-67.40664122271,32.));
#1198 = SURFACE_CURVE('',#1199,(#1203,#1209),.PCURVE_S1.);
#1199 = LINE('',#1200,#1201);
#1200 = CARTESIAN_POINT('',(-32.50000894932,-67.40664122271,32.));
#1201 = VECTOR('',#1202,1.);
#1202 = DIRECTION('',(1.,0.,0.));
#1203 = PCURVE('',#114,#1204);
#1204 = DEFINITIONAL_REPRESENTATION('',(#1205),#1208);
#1205 = B_SPLINE_CURVE_WITH_KNOTS('',1,(#1206,#1207),.UNSPECIFIED.,.F.,
  .F.,(2,2),(-32.43269355934,97.432711457995),.PIECEWISE_BEZIER_KNOTS.);
#1206 = CARTESIAN_POINT('',(-64.93268461002,-67.40666137012));
#1207 = CARTESIAN_POINT('',(64.93272040732,-67.40666137012));
#1208 = ( GEOMETRIC_REPRESENTATION_CONTEXT(2) 
PARAMETRIC_REPRESENTATION_CONTEXT() REPRESENTATION_CONTEXT('2D SPACE',''
  ) );
#1209 = PCURVE('',#1210,#1215);
#1210 = PLANE('',#1211);
#1211 = AXIS2_PLACEMENT_3D('',#1212,#1213,#1214);
#1212 = CARTESIAN_POINT('',(-65.,-45.,0.));
#1213 = DIRECTION('',(0.,0.819152044289,0.573576436351));
#1214 = DIRECTION('',(1.,0.,0.));
#1215 = DEFINITIONAL_REPRESENTATION('',(#1216),#1219);
#1216 = B_SPLINE_CURVE_WITH_KNOTS('',1,(#1217,#1218),.UNSPECIFIED.,.F.,
  .F.,(2,2),(-32.43269355934,97.432711457995),.PIECEWISE_BEZIER_KNOTS.);
#1217 = CARTESIAN_POINT('',(6.729749132992E-02,-39.06478684036));
#1218 = CARTESIAN_POINT('',(129.93270250867,-39.06478684036));
#1219 = ( GEOMETRIC_REPRESENTATION_CONTEXT(2) 
PARAMETRIC_REPRESENTATION_CONTEXT() REPRESENTATION_CONTEXT('2D SPACE',''
  ) );
#1220 = ORIENTED_EDGE('',*,*,#1221,.F.);
#1221 = EDGE_CURVE('',#1222,#1196,#1224,.T.);
#1222 = VERTEX_POINT('',#1223);
#1223 = CARTESIAN_POINT('',(-68.48550884171,-66.88333419877,32.));
#1224 = SURFACE_CURVE('',#1225,(#1230,#1237),.PCURVE_S1.);
#1225 = ELLIPSE('',#1226,42.219936923428,30.);
#1226 = AXIS2_PLACEMENT_3D('',#1227,#1228,#1229);
#1227 = CARTESIAN_POINT('',(-50.78340355986,-30.78340355986,32.));
#1228 = DIRECTION('',(0.,0.,1.));
#1229 = DIRECTION('',(-0.707106781187,-0.707106781187,0.));
#1230 = PCURVE('',#114,#1231);
#1231 = DEFINITIONAL_REPRESENTATION('',(#1232),#1236);
#1232 = ELLIPSE('',#1233,42.219936923428,30.);
#1233 = AXIS2_PLACEMENT_2D('',#1234,#1235);
#1234 = CARTESIAN_POINT('',(-50.78338566121,-30.78342370728));
#1235 = DIRECTION('',(-0.707106781187,-0.707106781187));
#1236 = ( GEOMETRIC_REPRESENTATION_CONTEXT(2) 
PARAMETRIC_REPRESENTATION_CONTEXT() REPRESENTATION_CONTEXT('2D SPACE',''
  ) );
#1237 = PCURVE('',#1238,#1243);
#1238 = CYLINDRICAL_SURFACE('',#1239,30.);
#1239 = AXIS2_PLACEMENT_3D('',#1240,#1241,#1242);
#1240 = CARTESIAN_POINT('',(-46.50884306593,-26.50884306593,
    25.895294950897));
#1241 = DIRECTION('',(-0.497542812165,-0.497542812165,0.710564775462));
#1242 = DIRECTION('',(-0.819152044289,2.775557561563E-17,-0.573576436351
    ));
#1243 = DEFINITIONAL_REPRESENTATION('',(#1244),#1254);
#1244 = B_SPLINE_CURVE_WITH_KNOTS('',8,(#1245,#1246,#1247,#1248,#1249,
    #1250,#1251,#1252,#1253),.UNSPECIFIED.,.F.,.F.,(9,9),(5.665404024891
    ,6.900966589468),.PIECEWISE_BEZIER_KNOTS.);
#1245 = CARTESIAN_POINT('',(-8.881784197001E-16,32.807703033814));
#1246 = CARTESIAN_POINT('',(0.154445320572,35.465288931361));
#1247 = CARTESIAN_POINT('',(0.308890641145,37.462713118282));
#1248 = CARTESIAN_POINT('',(0.463335961714,38.703377631988));
#1249 = CARTESIAN_POINT('',(0.617781282289,39.124278979172));
#1250 = CARTESIAN_POINT('',(0.772226602859,38.703377632017));
#1251 = CARTESIAN_POINT('',(0.926671923433,37.462713118301));
#1252 = CARTESIAN_POINT('',(1.081117244005,35.465288931361));
#1253 = CARTESIAN_POINT('',(1.235562564578,32.807703033814));
#1254 = ( GEOMETRIC_REPRESENTATION_CONTEXT(2) 
PARAMETRIC_REPRESENTATION_CONTEXT() REPRESENTATION_CONTEXT('2D SPACE',''
  ) );
#1255 = ORIENTED_EDGE('',*,*,#1256,.F.);
#1256 = EDGE_CURVE('',#1257,#1222,#1259,.T.);
#1257 = VERTEX_POINT('',#1258);
#1258 = CARTESIAN_POINT('',(-86.88333419877,-48.4855088417,32.));
#1259 = SURFACE_CURVE('',#1260,(#1265,#1272),.PCURVE_S1.);
#1260 = CIRCLE('',#1261,21.698823396526);
#1261 = AXIS2_PLACEMENT_3D('',#1262,#1263,#1264);
#1262 = CARTESIAN_POINT('',(-65.40437779354,-45.40437779354,32.));
#1263 = DIRECTION('',(0.,0.,1.));
#1264 = DIRECTION('',(1.,0.,-0.));
#1265 = PCURVE('',#114,#1266);
#1266 = DEFINITIONAL_REPRESENTATION('',(#1267),#1271);
#1267 = CIRCLE('',#1268,21.698823396526);
#1268 = AXIS2_PLACEMENT_2D('',#1269,#1270);
#1269 = CARTESIAN_POINT('',(-65.40435989489,-45.40439794096));
#1270 = DIRECTION('',(1.,0.));
#1271 = ( GEOMETRIC_REPRESENTATION_CONTEXT(2) 
PARAMETRIC_REPRESENTATION_CONTEXT() REPRESENTATION_CONTEXT('2D SPACE',''
  ) );
#1272 = PCURVE('',#1273,#1278);
#1273 = CYLINDRICAL_SURFACE('',#1274,21.698823396526);
#1274 = AXIS2_PLACEMENT_3D('',#1275,#1276,#1277);
#1275 = CARTESIAN_POINT('',(-65.40437779354,-45.40437779354,32.));
#1276 = DIRECTION('',(-0.,-0.,-1.));
#1277 = DIRECTION('',(1.,0.,-0.));
#1278 = DEFINITIONAL_REPRESENTATION('',(#1279),#1283);
#1279 = LINE('',#1280,#1281);
#1280 = CARTESIAN_POINT('',(-0.,0.));
#1281 = VECTOR('',#1282,1.);
#1282 = DIRECTION('',(-1.,0.));
#1283 = ( GEOMETRIC_REPRESENTATION_CONTEXT(2) 
PARAMETRIC_REPRESENTATION_CONTEXT() REPRESENTATION_CONTEXT('2D SPACE',''
  ) );
#1284 = ORIENTED_EDGE('',*,*,#1285,.F.);
#1285 = EDGE_CURVE('',#1286,#1257,#1288,.T.);
#1286 = VERTEX_POINT('',#1287);
#1287 = CARTESIAN_POINT('',(-87.40664122271,-42.83207989404,32.));
#1288 = SURFACE_CURVE('',#1289,(#1294,#1301),.PCURVE_S1.);
#1289 = ELLIPSE('',#1290,42.219936923428,30.);
#1290 = AXIS2_PLACEMENT_3D('',#1291,#1292,#1293);
#1291 = CARTESIAN_POINT('',(-50.78340355986,-30.78340355986,32.));
#1292 = DIRECTION('',(0.,0.,1.));
#1293 = DIRECTION('',(-0.707106781187,-0.707106781187,0.));
#1294 = PCURVE('',#114,#1295);
#1295 = DEFINITIONAL_REPRESENTATION('',(#1296),#1300);
#1296 = ELLIPSE('',#1297,42.219936923428,30.);
#1297 = AXIS2_PLACEMENT_2D('',#1298,#1299);
#1298 = CARTESIAN_POINT('',(-50.78338566121,-30.78342370728));
#1299 = DIRECTION('',(-0.707106781187,-0.707106781187));
#1300 = ( GEOMETRIC_REPRESENTATION_CONTEXT(2) 
PARAMETRIC_REPRESENTATION_CONTEXT() REPRESENTATION_CONTEXT('2D SPACE',''
  ) );
#1301 = PCURVE('',#1238,#1302);
#1302 = DEFINITIONAL_REPRESENTATION('',(#1303),#1313);
#1303 = B_SPLINE_CURVE_WITH_KNOTS('',8,(#1304,#1305,#1306,#1307,#1308,
    #1309,#1310,#1311,#1312),.UNSPECIFIED.,.F.,.F.,(9,9),(5.665404024891
    ,6.900966589468),.PIECEWISE_BEZIER_KNOTS.);
#1304 = CARTESIAN_POINT('',(-8.881784197001E-16,32.807703033814));
#1305 = CARTESIAN_POINT('',(0.154445320572,35.465288931361));
#1306 = CARTESIAN_POINT('',(0.308890641145,37.462713118282));
#1307 = CARTESIAN_POINT('',(0.463335961714,38.703377631988));
#1308 = CARTESIAN_POINT('',(0.617781282289,39.124278979172));
#1309 = CARTESIAN_POINT('',(0.772226602859,38.703377632017));
#1310 = CARTESIAN_POINT('',(0.926671923433,37.462713118301));
#1311 = CARTESIAN_POINT('',(1.081117244005,35.465288931361));
#1312 = CARTESIAN_POINT('',(1.235562564578,32.807703033814));
#1313 = ( GEOMETRIC_REPRESENTATION_CONTEXT(2) 
PARAMETRIC_REPRESENTATION_CONTEXT() REPRESENTATION_CONTEXT('2D SPACE',''
  ) );
#1314 = ORIENTED_EDGE('',*,*,#1315,.F.);
#1315 = EDGE_CURVE('',#514,#1286,#1316,.T.);
#1316 = SURFACE_CURVE('',#1317,(#1321,#1327),.PCURVE_S1.);
#1317 = LINE('',#1318,#1319);
#1318 = CARTESIAN_POINT('',(-87.40664122271,22.500010073708,32.));
#1319 = VECTOR('',#1320,1.);
#1320 = DIRECTION('',(0.,-1.,0.));
#1321 = PCURVE('',#114,#1322);
#1322 = DEFINITIONAL_REPRESENTATION('',(#1323),#1326);
#1323 = B_SPLINE_CURVE_WITH_KNOTS('',1,(#1324,#1325),.UNSPECIFIED.,.F.,
  .F.,(2,2),(-22.43269243496,67.432712582378),.PIECEWISE_BEZIER_KNOTS.);
#1324 = CARTESIAN_POINT('',(-87.40662332406,44.932682361255));
#1325 = CARTESIAN_POINT('',(-87.40662332406,-44.93272265608));
#1326 = ( GEOMETRIC_REPRESENTATION_CONTEXT(2) 
PARAMETRIC_REPRESENTATION_CONTEXT() REPRESENTATION_CONTEXT('2D SPACE',''
  ) );
#1327 = PCURVE('',#529,#1328);
#1328 = DEFINITIONAL_REPRESENTATION('',(#1329),#1332);
#1329 = B_SPLINE_CURVE_WITH_KNOTS('',1,(#1330,#1331),.UNSPECIFIED.,.F.,
  .F.,(2,2),(-22.43269243496,67.432712582378),.PIECEWISE_BEZIER_KNOTS.);
#1330 = CARTESIAN_POINT('',(6.729749132992E-02,-39.06478684036));
#1331 = CARTESIAN_POINT('',(89.93270250867,-39.06478684036));
#1332 = ( GEOMETRIC_REPRESENTATION_CONTEXT(2) 
PARAMETRIC_REPRESENTATION_CONTEXT() REPRESENTATION_CONTEXT('2D SPACE',''
  ) );
#1333 = ORIENTED_EDGE('',*,*,#541,.F.);
#1334 = ADVANCED_FACE('',(#1335),#87,.T.);
#1335 = FACE_BOUND('',#1336,.F.);
#1336 = EDGE_LOOP('',(#1337,#1338,#1375,#1396,#1397,#1520));
#1337 = ORIENTED_EDGE('',*,*,#71,.F.);
#1338 = ORIENTED_EDGE('',*,*,#1339,.F.);
#1339 = EDGE_CURVE('',#1340,#22,#1342,.T.);
#1340 = VERTEX_POINT('',#1341);
#1341 = CARTESIAN_POINT('',(70.900942143734,26.326380815064,
    8.427418760474));
#1342 = SURFACE_CURVE('',#1343,(#1354,#1368),.PCURVE_S1.);
#1343 = ( BOUNDED_CURVE() B_SPLINE_CURVE(9,(#1344,#1345,#1346,#1347,
    #1348,#1349,#1350,#1351,#1352,#1353),.UNSPECIFIED.,.F.,.F.) 
B_SPLINE_CURVE_WITH_KNOTS((10,10),(365.33312585007,395.25526261286),
.PIECEWISE_BEZIER_KNOTS.) CURVE() GEOMETRIC_REPRESENTATION_ITEM() 
RATIONAL_B_SPLINE_CURVE((1.,1.,1.,1.,1.,1.,1.,1.,1.,1.)) 
REPRESENTATION_ITEM('') );
#1344 = CARTESIAN_POINT('',(70.900942143734,26.326380815064,
    8.427418760474));
#1345 = CARTESIAN_POINT('',(70.108102001988,30.491720591251,
    7.295125692374));
#1346 = CARTESIAN_POINT('',(68.677243058996,34.446806995959,
    6.461198731572));
#1347 = CARTESIAN_POINT('',(66.688530250063,38.089249651,5.921141356405)
  );
#1348 = CARTESIAN_POINT('',(64.222124948459,41.355058783489,
    5.661447993956));
#1349 = CARTESIAN_POINT('',(61.355058783491,44.22212494846,
    5.661447993955));
#1350 = CARTESIAN_POINT('',(58.089249650999,46.688530250063,
    5.921141356406));
#1351 = CARTESIAN_POINT('',(54.44680699596,48.677243058997,
    6.461198731572));
#1352 = CARTESIAN_POINT('',(50.491720591251,50.108102001988,
    7.295125692374));
#1353 = CARTESIAN_POINT('',(46.326380815064,50.900942143734,
    8.427418760474));
#1354 = PCURVE('',#87,#1355);
#1355 = DEFINITIONAL_REPRESENTATION('',(#1356),#1367);
#1356 = B_SPLINE_CURVE_WITH_KNOTS('',9,(#1357,#1358,#1359,#1360,#1361,
    #1362,#1363,#1364,#1365,#1366),.UNSPECIFIED.,.F.,.F.,(10,10),(
    365.33312585007,395.25526261286),.PIECEWISE_BEZIER_KNOTS.);
#1357 = CARTESIAN_POINT('',(-1.235562564578,-0.366726734692));
#1358 = CARTESIAN_POINT('',(-1.092198540579,0.50666864776));
#1359 = CARTESIAN_POINT('',(-0.95289710223,1.170019811771));
#1360 = CARTESIAN_POINT('',(-0.817067035225,1.609078602735));
#1361 = CARTESIAN_POINT('',(-0.683806995011,1.822283771098));
#1362 = CARTESIAN_POINT('',(-0.551755569567,1.822283771099));
#1363 = CARTESIAN_POINT('',(-0.418495529353,1.609078602734));
#1364 = CARTESIAN_POINT('',(-0.282665462348,1.170019811771));
#1365 = CARTESIAN_POINT('',(-0.143364023999,0.50666864776));
#1366 = CARTESIAN_POINT('',(-1.33226762955E-15,-0.366726734692));
#1367 = ( GEOMETRIC_REPRESENTATION_CONTEXT(2) 
PARAMETRIC_REPRESENTATION_CONTEXT() REPRESENTATION_CONTEXT('2D SPACE',''
  ) );
#1368 = PCURVE('',#240,#1369);
#1369 = DEFINITIONAL_REPRESENTATION('',(#1370),#1374);
#1370 = LINE('',#1371,#1372);
#1371 = CARTESIAN_POINT('',(0.,0.));
#1372 = VECTOR('',#1373,1.);
#1373 = DIRECTION('',(0.,1.));
#1374 = ( GEOMETRIC_REPRESENTATION_CONTEXT(2) 
PARAMETRIC_REPRESENTATION_CONTEXT() REPRESENTATION_CONTEXT('2D SPACE',''
  ) );
#1375 = ORIENTED_EDGE('',*,*,#1376,.T.);
#1376 = EDGE_CURVE('',#1340,#1046,#1377,.T.);
#1377 = SURFACE_CURVE('',#1378,(#1382,#1389),.PCURVE_S1.);
#1378 = LINE('',#1379,#1380);
#1379 = CARTESIAN_POINT('',(71.083404394608,26.508843065938,
    8.688001860366));
#1380 = VECTOR('',#1381,1.);
#1381 = DIRECTION('',(0.497542812165,0.497542812165,0.710564775462));
#1382 = PCURVE('',#87,#1383);
#1383 = DEFINITIONAL_REPRESENTATION('',(#1384),#1388);
#1384 = LINE('',#1385,#1386);
#1385 = CARTESIAN_POINT('',(-1.235562564578,0.));
#1386 = VECTOR('',#1387,1.);
#1387 = DIRECTION('',(-0.,1.));
#1388 = ( GEOMETRIC_REPRESENTATION_CONTEXT(2) 
PARAMETRIC_REPRESENTATION_CONTEXT() REPRESENTATION_CONTEXT('2D SPACE',''
  ) );
#1389 = PCURVE('',#1090,#1390);
#1390 = DEFINITIONAL_REPRESENTATION('',(#1391),#1395);
#1391 = LINE('',#1392,#1393);
#1392 = CARTESIAN_POINT('',(71.508843065938,-10.60609189824));
#1393 = VECTOR('',#1394,1.);
#1394 = DIRECTION('',(0.497542812165,-0.867439421553));
#1395 = ( GEOMETRIC_REPRESENTATION_CONTEXT(2) 
PARAMETRIC_REPRESENTATION_CONTEXT() REPRESENTATION_CONTEXT('2D SPACE',''
  ) );
#1396 = ORIENTED_EDGE('',*,*,#1045,.T.);
#1397 = ORIENTED_EDGE('',*,*,#1398,.T.);
#1398 = EDGE_CURVE('',#1017,#987,#1399,.T.);
#1399 = SURFACE_CURVE('',#1400,(#1438,#1479),.PCURVE_S1.);
#1400 = B_SPLINE_CURVE_WITH_KNOTS('',6,(#1401,#1402,#1403,#1404,#1405,
    #1406,#1407,#1408,#1409,#1410,#1411,#1412,#1413,#1414,#1415,#1416,
    #1417,#1418,#1419,#1420,#1421,#1422,#1423,#1424,#1425,#1426,#1427,
    #1428,#1429,#1430,#1431,#1432,#1433,#1434,#1435,#1436,#1437),
  .UNSPECIFIED.,.F.,.F.,(7,5,5,5,5,5,5,7),(0.,0.203395339347,
    0.302632907115,0.500121621327,0.636800739902,0.697611511667,
    0.796850023183,1.),.UNSPECIFIED.);
#1401 = CARTESIAN_POINT('',(86.88333566636,48.485498610974,31.9999994));
#1402 = CARTESIAN_POINT('',(86.757609293134,49.361955815492,
    32.051401055067));
#1403 = CARTESIAN_POINT('',(86.587042459063,50.24566672546,
    32.089788484191));
#1404 = CARTESIAN_POINT('',(86.369703958246,51.132570265474,
    32.117304406975));
#1405 = CARTESIAN_POINT('',(86.104206108066,52.018419340793,
    32.136172038943));
#1406 = CARTESIAN_POINT('',(85.789708852822,52.898908049015,
    32.148454016906));
#1407 = CARTESIAN_POINT('',(85.248322634922,54.194647332529,
    32.159600159223));
#1408 = CARTESIAN_POINT('',(85.05913858128,54.617017261291,
    32.162112683381));
#1409 = CARTESIAN_POINT('',(84.858317537495,55.036284260752,
    32.16369279821));
#1410 = CARTESIAN_POINT('',(84.645921846641,55.451873558369,
    32.164535298784));
#1411 = CARTESIAN_POINT('',(84.422058387285,55.863218442956,
    32.164816214439));
#1412 = CARTESIAN_POINT('',(83.718860025145,57.078805962864,
    32.164436704628));
#1413 = CARTESIAN_POINT('',(83.205971739648,57.868930941423,
    32.162568973292));
#1414 = CARTESIAN_POINT('',(82.649542278754,58.635483609853,
    32.160298376997));
#1415 = CARTESIAN_POINT('',(82.05165227197,59.37410312622,
    32.158496817146));
#1416 = CARTESIAN_POINT('',(81.415068446938,60.080859666242,
    32.15759912995));
#1417 = CARTESIAN_POINT('',(80.27812991314,61.217115315122,
    32.157607865542));
#1418 = CARTESIAN_POINT('',(79.796216789313,61.664943877498,
    32.158043718683));
#1419 = CARTESIAN_POINT('',(79.298552301298,62.094723538987,
    32.15891208127));
#1420 = CARTESIAN_POINT('',(78.786387448982,62.50547308164,
    32.160110718902));
#1421 = CARTESIAN_POINT('',(78.26108367245,62.896363139894,
    32.161440257883));
#1422 = CARTESIAN_POINT('',(77.485203041011,63.431491434155,
    32.163129728799));
#1423 = CARTESIAN_POINT('',(77.243979719282,63.59220566142,
    32.163618304631));
#1424 = CARTESIAN_POINT('',(77.000566920844,63.748800913991,
    32.164049545089));
#1425 = CARTESIAN_POINT('',(76.755092142557,63.901226846742,
    32.164394448063));
#1426 = CARTESIAN_POINT('',(76.507684458557,64.049440121277,
    32.164620701352));
#1427 = CARTESIAN_POINT('',(75.851783030987,64.42834306739,
    32.16481015065));
#1428 = CARTESIAN_POINT('',(75.440299090379,64.651961505064,
    32.164516852697));
#1429 = CARTESIAN_POINT('',(75.024580568408,64.864107807063,
    32.163658697006));
#1430 = CARTESIAN_POINT('',(74.605194371316,65.064675744238,
    32.162059325091));
#1431 = CARTESIAN_POINT('',(74.182715408982,65.253603631574,
    32.159523637293));
#1432 = CARTESIAN_POINT('',(72.887733900945,65.793759593803,
    32.148303286844));
#1433 = CARTESIAN_POINT('',(72.00942563634,66.106871277257,
    32.135979578359));
#1434 = CARTESIAN_POINT('',(71.126458785664,66.371114739111,
    32.117099521562));
#1435 = CARTESIAN_POINT('',(70.242454110515,66.587600718752,
    32.08962992542));
#1436 = CARTESIAN_POINT('',(69.360979912698,66.757749284813,
    32.051343821216));
#1437 = CARTESIAN_POINT('',(68.485498611013,66.883335666353,31.9999994)
  );
#1438 = PCURVE('',#87,#1439);
#1439 = DEFINITIONAL_REPRESENTATION('',(#1440),#1478);
#1440 = B_SPLINE_CURVE_WITH_KNOTS('',6,(#1441,#1442,#1443,#1444,#1445,
    #1446,#1447,#1448,#1449,#1450,#1451,#1452,#1453,#1454,#1455,#1456,
    #1457,#1458,#1459,#1460,#1461,#1462,#1463,#1464,#1465,#1466,#1467,
    #1468,#1469,#1470,#1471,#1472,#1473,#1474,#1475,#1476,#1477),
  .UNSPECIFIED.,.F.,.F.,(7,5,5,5,5,5,5,7),(0.,0.203395339347,
    0.302632907115,0.500121621327,0.636800739902,0.697611511667,
    0.796850023183,1.),.UNSPECIFIED.);
#1441 = CARTESIAN_POINT('',(-1.066311027757,35.360153536114));
#1442 = CARTESIAN_POINT('',(-1.04009632378,35.770198470585));
#1443 = CARTESIAN_POINT('',(-1.012915816295,36.152294934541));
#1444 = CARTESIAN_POINT('',(-0.984847645208,36.504984052564));
#1445 = CARTESIAN_POINT('',(-0.955971640854,36.827042020323));
#1446 = CARTESIAN_POINT('',(-0.926364218543,37.117374140412));
#1447 = CARTESIAN_POINT('',(-0.88132980743,37.500617142156));
#1448 = CARTESIAN_POINT('',(-0.866413240249,37.618422409384));
#1449 = CARTESIAN_POINT('',(-0.85135928465,37.728231398415));
#1450 = CARTESIAN_POINT('',(-0.836179604098,37.829927568169));
#1451 = CARTESIAN_POINT('',(-0.820885877647,37.923407212477));
#1452 = CARTESIAN_POINT('',(-0.774851031056,38.178073088652));
#1453 = CARTESIAN_POINT('',(-0.743803556198,38.314683068456));
#1454 = CARTESIAN_POINT('',(-0.712449909887,38.417614954287));
#1455 = CARTESIAN_POINT('',(-0.680891463348,38.486353785269));
#1456 = CARTESIAN_POINT('',(-0.64922888558,38.520629850321));
#1457 = CARTESIAN_POINT('',(-0.595649183597,38.520296293043));
#1458 = CARTESIAN_POINT('',(-0.573734837437,38.503647466377));
#1459 = CARTESIAN_POINT('',(-0.551855569874,38.47048888675));
#1460 = CARTESIAN_POINT('',(-0.530045068886,38.420882138063));
#1461 = CARTESIAN_POINT('',(-0.508337074194,38.354950282245));
#1462 = CARTESIAN_POINT('',(-0.477169182824,38.236366165893));
#1463 = CARTESIAN_POINT('',(-0.467598968807,38.196656609405));
#1464 = CARTESIAN_POINT('',(-0.45805861938,38.153767587768));
#1465 = CARTESIAN_POINT('',(-0.448551007963,38.107716879395));
#1466 = CARTESIAN_POINT('',(-0.439078970148,38.058524181577));
#1467 = CARTESIAN_POINT('',(-0.414250284213,37.920840194145));
#1468 = CARTESIAN_POINT('',(-0.398957742407,37.827160656313));
#1469 = CARTESIAN_POINT('',(-0.383779489399,37.725264986304));
#1470 = CARTESIAN_POINT('',(-0.368727203713,37.615257076565));
#1471 = CARTESIAN_POINT('',(-0.353812547954,37.497253647496));
#1472 = CARTESIAN_POINT('',(-0.308821492259,37.113722836944));
#1473 = CARTESIAN_POINT('',(-0.27929835298,36.82375654738));
#1474 = CARTESIAN_POINT('',(-0.250522991666,36.502499669235));
#1475 = CARTESIAN_POINT('',(-0.222548994313,36.150861612885));
#1476 = CARTESIAN_POINT('',(-0.195437051691,35.769741900659));
#1477 = CARTESIAN_POINT('',(-0.169251536822,35.36015353613));
#1478 = ( GEOMETRIC_REPRESENTATION_CONTEXT(2) 
PARAMETRIC_REPRESENTATION_CONTEXT() REPRESENTATION_CONTEXT('2D SPACE',''
  ) );
#1479 = PCURVE('',#1033,#1480);
#1480 = DEFINITIONAL_REPRESENTATION('',(#1481),#1519);
#1481 = B_SPLINE_CURVE_WITH_KNOTS('',6,(#1482,#1483,#1484,#1485,#1486,
    #1487,#1488,#1489,#1490,#1491,#1492,#1493,#1494,#1495,#1496,#1497,
    #1498,#1499,#1500,#1501,#1502,#1503,#1504,#1505,#1506,#1507,#1508,
    #1509,#1510,#1511,#1512,#1513,#1514,#1515,#1516,#1517,#1518),
  .UNSPECIFIED.,.F.,.F.,(7,5,5,5,5,5,5,7),(0.,0.203395339347,
    0.302632907115,0.500121621327,0.636800739902,0.697611511667,
    0.796850023183,1.),.UNSPECIFIED.);
#1482 = CARTESIAN_POINT('',(-6.425661685402,5.999999999895E-07));
#1483 = CARTESIAN_POINT('',(-6.46646707344,-5.14010550671E-02));
#1484 = CARTESIAN_POINT('',(-6.507896798964,-8.978848419097E-02));
#1485 = CARTESIAN_POINT('',(-6.549900517245,-0.117304406975));
#1486 = CARTESIAN_POINT('',(-6.592434651798,-0.136172038943));
#1487 = CARTESIAN_POINT('',(-6.635463316694,-0.148454016906));
#1488 = CARTESIAN_POINT('',(-6.700180797068,-0.159600159223));
#1489 = CARTESIAN_POINT('',(-6.721502450249,-0.162112683381));
#1490 = CARTESIAN_POINT('',(-6.742916113686,-0.16369279821));
#1491 = CARTESIAN_POINT('',(-6.764414255066,-0.164535298784));
#1492 = CARTESIAN_POINT('',(-6.78598946366,-0.16481621444));
#1493 = CARTESIAN_POINT('',(-6.85070861159,-0.164436704628));
#1494 = CARTESIAN_POINT('',(-6.894063674764,-0.162568973292));
#1495 = CARTESIAN_POINT('',(-6.937627042121,-0.160298376997));
#1496 = CARTESIAN_POINT('',(-6.98132997206,-0.158496817146));
#1497 = CARTESIAN_POINT('',(-7.025105162935,-0.15759912995));
#1498 = CARTESIAN_POINT('',(-7.099182501815,-0.157607865542));
#1499 = CARTESIAN_POINT('',(-7.129480636041,-0.158043718683));
#1500 = CARTESIAN_POINT('',(-7.159754297413,-0.15891208127));
#1501 = CARTESIAN_POINT('',(-7.189980789941,-0.160110718902));
#1502 = CARTESIAN_POINT('',(-7.22013720698,-0.161440257883));
#1503 = CARTESIAN_POINT('',(-7.263573885904,-0.163129728799));
#1504 = CARTESIAN_POINT('',(-7.276930399427,-0.163618304631));
#1505 = CARTESIAN_POINT('',(-7.290266516986,-0.164049545089));
#1506 = CARTESIAN_POINT('',(-7.303580321912,-0.164394448063));
#1507 = CARTESIAN_POINT('',(-7.316869937529,-0.164620701352));
#1508 = CARTESIAN_POINT('',(-7.351778687253,-0.16481015065));
#1509 = CARTESIAN_POINT('',(-7.373354130411,-0.164516852697));
#1510 = CARTESIAN_POINT('',(-7.394852348066,-0.163658697006));
#1511 = CARTESIAN_POINT('',(-7.416265930999,-0.162059325091));
#1512 = CARTESIAN_POINT('',(-7.437587348473,-0.159523637293));
#1513 = CARTESIAN_POINT('',(-7.50225075974,-0.148303286844));
#1514 = CARTESIAN_POINT('',(-7.545163456781,-0.135979578359));
#1515 = CARTESIAN_POINT('',(-7.587554861764,-0.117099521562));
#1516 = CARTESIAN_POINT('',(-7.62942034952,-8.962992542001E-02));
#1517 = CARTESIAN_POINT('',(-7.67074530301,-5.134382121607E-02));
#1518 = CARTESIAN_POINT('',(-7.71150525575,5.999999999895E-07));
#1519 = ( GEOMETRIC_REPRESENTATION_CONTEXT(2) 
PARAMETRIC_REPRESENTATION_CONTEXT() REPRESENTATION_CONTEXT('2D SPACE',''
  ) );
#1520 = ORIENTED_EDGE('',*,*,#986,.T.);
#1521 = ADVANCED_FACE('',(#1522),#240,.T.);
#1522 = FACE_BOUND('',#1523,.T.);
#1523 = EDGE_LOOP('',(#1524,#1561,#1596,#1597));
#1524 = ORIENTED_EDGE('',*,*,#1525,.T.);
#1525 = EDGE_CURVE('',#1340,#1526,#1528,.T.);
#1526 = VERTEX_POINT('',#1527);
#1527 = CARTESIAN_POINT('',(54.801856609865,23.700584092594,0.));
#1528 = SURFACE_CURVE('',#1529,(#1533,#1539),.PCURVE_S1.);
#1529 = ( BOUNDED_CURVE() B_SPLINE_CURVE(2,(#1530,#1531,#1532),
.UNSPECIFIED.,.F.,.F.) B_SPLINE_CURVE_WITH_KNOTS((3,3),(0.,
4.594743741582),.PIECEWISE_BEZIER_KNOTS.) CURVE() 
GEOMETRIC_REPRESENTATION_ITEM() RATIONAL_B_SPLINE_CURVE((1.,
0.888433751603,1.)) REPRESENTATION_ITEM('') );
#1530 = CARTESIAN_POINT('',(70.900942143734,26.326380815064,
    8.427418760474));
#1531 = CARTESIAN_POINT('',(65.,25.363924002974,8.881784197001E-16));
#1532 = CARTESIAN_POINT('',(54.801856609865,23.700584092594,0.));
#1533 = PCURVE('',#240,#1534);
#1534 = DEFINITIONAL_REPRESENTATION('',(#1535),#1538);
#1535 = B_SPLINE_CURVE_WITH_KNOTS('',1,(#1536,#1537),.UNSPECIFIED.,.F.,
  .F.,(2,2),(0.,4.594743741582),.PIECEWISE_BEZIER_KNOTS.);
#1536 = CARTESIAN_POINT('',(0.,365.33312585007));
#1537 = CARTESIAN_POINT('',(29.922136762787,365.33312585007));
#1538 = ( GEOMETRIC_REPRESENTATION_CONTEXT(2) 
PARAMETRIC_REPRESENTATION_CONTEXT() REPRESENTATION_CONTEXT('2D SPACE',''
  ) );
#1539 = PCURVE('',#1540,#1556);
#1540 = ( BOUNDED_SURFACE() B_SPLINE_SURFACE(2,4,(
    (#1541,#1542,#1543,#1544,#1545)
    ,(#1546,#1547,#1548,#1549,#1550)
    ,(#1551,#1552,#1553,#1554,#1555
)),.UNSPECIFIED.,.F.,.F.,.F.) B_SPLINE_SURFACE_WITH_KNOTS((3,3),(5,5),(
    0.,4.594743741582),(360.73838210849,365.33312585007),
.PIECEWISE_BEZIER_KNOTS.) GEOMETRIC_REPRESENTATION_ITEM() 
RATIONAL_B_SPLINE_SURFACE((
    (1.,1.,1.,1.,1.)
    ,(0.887010833178,0.887010833178,0.887224385532,0.887683969691
      ,0.888433751603)
,(1.,1.,1.,1.,1.))) REPRESENTATION_ITEM('') SURFACE() );
#1541 = CARTESIAN_POINT('',(70.971699874745,20.42543867133,
    8.528471272979));
#1542 = CARTESIAN_POINT('',(70.971699874745,21.909906548227,
    8.528471272979));
#1543 = CARTESIAN_POINT('',(70.961087939147,23.380995583329,
    8.513315858307));
#1544 = CARTESIAN_POINT('',(70.938256570782,24.848653215212,
    8.480709285086));
#1545 = CARTESIAN_POINT('',(70.900942143734,26.326380815064,
    8.427418760474));
#1546 = CARTESIAN_POINT('',(65.,20.42543867133,0.));
#1547 = CARTESIAN_POINT('',(65.,21.680433160225,-2.6645352591E-15));
#1548 = CARTESIAN_POINT('',(65.,22.913739444848,5.329070518201E-15));
#1549 = CARTESIAN_POINT('',(65.,24.136195950443,-8.881784197001E-16));
#1550 = CARTESIAN_POINT('',(65.,25.363924002974,8.881784197001E-16));
#1551 = CARTESIAN_POINT('',(54.588658988965,20.42543867133,0.));
#1552 = CARTESIAN_POINT('',(54.588658988965,21.280358517233,
    -2.6645352591E-15));
#1553 = CARTESIAN_POINT('',(54.620882310199,22.100712695186,
    4.440892098501E-15));
#1554 = CARTESIAN_POINT('',(54.690407579989,22.900078258139,
    -2.6645352591E-15));
#1555 = CARTESIAN_POINT('',(54.801856609865,23.700584092594,0.));
#1556 = DEFINITIONAL_REPRESENTATION('',(#1557),#1560);
#1557 = B_SPLINE_CURVE_WITH_KNOTS('',1,(#1558,#1559),.UNSPECIFIED.,.F.,
  .F.,(2,2),(0.,4.594743741582),.PIECEWISE_BEZIER_KNOTS.);
#1558 = CARTESIAN_POINT('',(0.,365.33312585007));
#1559 = CARTESIAN_POINT('',(4.594743741582,365.33312585007));
#1560 = ( GEOMETRIC_REPRESENTATION_CONTEXT(2) 
PARAMETRIC_REPRESENTATION_CONTEXT() REPRESENTATION_CONTEXT('2D SPACE',''
  ) );
#1561 = ORIENTED_EDGE('',*,*,#1562,.T.);
#1562 = EDGE_CURVE('',#1526,#226,#1563,.T.);
#1563 = SURFACE_CURVE('',#1564,(#1575,#1582),.PCURVE_S1.);
#1564 = ( BOUNDED_CURVE() B_SPLINE_CURVE(9,(#1565,#1566,#1567,#1568,
    #1569,#1570,#1571,#1572,#1573,#1574),.UNSPECIFIED.,.F.,.F.) 
B_SPLINE_CURVE_WITH_KNOTS((10,10),(365.33312585007,395.25526261286),
.PIECEWISE_BEZIER_KNOTS.) CURVE() GEOMETRIC_REPRESENTATION_ITEM() 
RATIONAL_B_SPLINE_CURVE((1.,1.,1.,1.,1.,1.,1.,1.,1.,1.)) 
REPRESENTATION_ITEM('') );
#1565 = CARTESIAN_POINT('',(54.801856609865,23.700584092594,0.));
#1566 = CARTESIAN_POINT('',(55.124427433452,26.017516116096,
    -4.440892098501E-15));
#1567 = CARTESIAN_POINT('',(54.994199212047,28.220939963108,
    1.50990331349E-14));
#1568 = CARTESIAN_POINT('',(54.414345669566,30.234834731835,
    -3.907985046681E-14));
#1569 = CARTESIAN_POINT('',(53.402868866925,31.986450171345,
    7.016609515631E-14));
#1570 = CARTESIAN_POINT('',(51.986450171344,33.402868866925,
    -1.003641614261E-13));
#1571 = CARTESIAN_POINT('',(50.234834731836,34.414345669567,
    9.503509090791E-14));
#1572 = CARTESIAN_POINT('',(48.220939963108,34.994199212047,
    -5.595524044111E-14));
#1573 = CARTESIAN_POINT('',(46.017516116096,35.124427433452,
    1.68753899743E-14));
#1574 = CARTESIAN_POINT('',(43.700584092594,34.801856609865,0.));
#1575 = PCURVE('',#240,#1576);
#1576 = DEFINITIONAL_REPRESENTATION('',(#1577),#1581);
#1577 = LINE('',#1578,#1579);
#1578 = CARTESIAN_POINT('',(29.922136762787,0.));
#1579 = VECTOR('',#1580,1.);
#1580 = DIRECTION('',(0.,1.));
#1581 = ( GEOMETRIC_REPRESENTATION_CONTEXT(2) 
PARAMETRIC_REPRESENTATION_CONTEXT() REPRESENTATION_CONTEXT('2D SPACE',''
  ) );
#1582 = PCURVE('',#295,#1583);
#1583 = DEFINITIONAL_REPRESENTATION('',(#1584),#1595);
#1584 = B_SPLINE_CURVE_WITH_KNOTS('',9,(#1585,#1586,#1587,#1588,#1589,
    #1590,#1591,#1592,#1593,#1594),.UNSPECIFIED.,.F.,.F.,(10,10),(
    365.33312585007,395.25526261286),.PIECEWISE_BEZIER_KNOTS.);
#1585 = CARTESIAN_POINT('',(54.801856609865,23.700584092594));
#1586 = CARTESIAN_POINT('',(55.124427433452,26.017516116096));
#1587 = CARTESIAN_POINT('',(54.994199212047,28.220939963108));
#1588 = CARTESIAN_POINT('',(54.414345669567,30.234834731836));
#1589 = CARTESIAN_POINT('',(53.402868866925,31.986450171344));
#1590 = CARTESIAN_POINT('',(51.986450171344,33.402868866925));
#1591 = CARTESIAN_POINT('',(50.234834731836,34.414345669567));
#1592 = CARTESIAN_POINT('',(48.220939963108,34.994199212047));
#1593 = CARTESIAN_POINT('',(46.017516116096,35.124427433452));
#1594 = CARTESIAN_POINT('',(43.700584092594,34.801856609865));
#1595 = ( GEOMETRIC_REPRESENTATION_CONTEXT(2) 
PARAMETRIC_REPRESENTATION_CONTEXT() REPRESENTATION_CONTEXT('2D SPACE',''
  ) );
#1596 = ORIENTED_EDGE('',*,*,#225,.F.);
#1597 = ORIENTED_EDGE('',*,*,#1339,.F.);
#1598 = ADVANCED_FACE('',(#1599),#295,.F.);
#1599 = FACE_BOUND('',#1600,.F.);
#1600 = EDGE_LOOP('',(#1601,#1602,#1603,#1640,#1683,#1711,#1754,#1822,
    #1865,#1893,#1936,#2004,#2047,#2075,#2100,#2101));
#1601 = ORIENTED_EDGE('',*,*,#340,.T.);
#1602 = ORIENTED_EDGE('',*,*,#394,.T.);
#1603 = ORIENTED_EDGE('',*,*,#1604,.T.);
#1604 = EDGE_CURVE('',#395,#1605,#1607,.T.);
#1605 = VERTEX_POINT('',#1606);
#1606 = CARTESIAN_POINT('',(-54.80185660986,23.700584092594,0.));
#1607 = SURFACE_CURVE('',#1608,(#1619,#1633),.PCURVE_S1.);
#1608 = ( BOUNDED_CURVE() B_SPLINE_CURVE(9,(#1609,#1610,#1611,#1612,
    #1613,#1614,#1615,#1616,#1617,#1618),.UNSPECIFIED.,.F.,.F.) 
B_SPLINE_CURVE_WITH_KNOTS((10,10),(85.445621084243,115.36775784702),
.PIECEWISE_BEZIER_KNOTS.) CURVE() GEOMETRIC_REPRESENTATION_ITEM() 
RATIONAL_B_SPLINE_CURVE((1.,1.,1.,1.,1.,1.,1.,1.,1.,1.)) 
REPRESENTATION_ITEM('') );
#1609 = CARTESIAN_POINT('',(-43.70058409259,34.801856609865,0.));
#1610 = CARTESIAN_POINT('',(-46.01751611609,35.124427433452,
    2.30926389122E-14));
#1611 = CARTESIAN_POINT('',(-48.2209399631,34.994199212047,
    -8.171241461241E-14));
#1612 = CARTESIAN_POINT('',(-50.23483473183,34.414345669567,
    1.412203687323E-13));
#1613 = CARTESIAN_POINT('',(-51.98645017134,33.402868866924,
    -1.190159082398E-13));
#1614 = CARTESIAN_POINT('',(-53.40286886692,31.986450171345,
    9.769962616701E-15));
#1615 = CARTESIAN_POINT('',(-54.41434566956,30.234834731835,
    7.549516567451E-14));
#1616 = CARTESIAN_POINT('',(-54.99419921204,28.220939963108,
    -6.750155989721E-14));
#1617 = CARTESIAN_POINT('',(-55.12442743345,26.017516116096,
    2.22044604925E-14));
#1618 = CARTESIAN_POINT('',(-54.80185660986,23.700584092594,0.));
#1619 = PCURVE('',#295,#1620);
#1620 = DEFINITIONAL_REPRESENTATION('',(#1621),#1632);
#1621 = B_SPLINE_CURVE_WITH_KNOTS('',9,(#1622,#1623,#1624,#1625,#1626,
    #1627,#1628,#1629,#1630,#1631),.UNSPECIFIED.,.F.,.F.,(10,10),(
    85.445621084243,115.36775784702),.PIECEWISE_BEZIER_KNOTS.);
#1622 = CARTESIAN_POINT('',(-43.70058409259,34.801856609865));
#1623 = CARTESIAN_POINT('',(-46.01751611609,35.124427433451));
#1624 = CARTESIAN_POINT('',(-48.22093996311,34.994199212052));
#1625 = CARTESIAN_POINT('',(-50.23483473182,34.414345669557));
#1626 = CARTESIAN_POINT('',(-51.98645017135,33.402868866937));
#1627 = CARTESIAN_POINT('',(-53.40286886691,31.986450171334));
#1628 = CARTESIAN_POINT('',(-54.41434566957,30.234834731843));
#1629 = CARTESIAN_POINT('',(-54.99419921204,28.220939963105));
#1630 = CARTESIAN_POINT('',(-55.12442743345,26.017516116096));
#1631 = CARTESIAN_POINT('',(-54.80185660986,23.700584092594));
#1632 = ( GEOMETRIC_REPRESENTATION_CONTEXT(2) 
PARAMETRIC_REPRESENTATION_CONTEXT() REPRESENTATION_CONTEXT('2D SPACE',''
  ) );
#1633 = PCURVE('',#434,#1634);
#1634 = DEFINITIONAL_REPRESENTATION('',(#1635),#1639);
#1635 = LINE('',#1636,#1637);
#1636 = CARTESIAN_POINT('',(29.922136762787,0.));
#1637 = VECTOR('',#1638,1.);
#1638 = DIRECTION('',(0.,1.));
#1639 = ( GEOMETRIC_REPRESENTATION_CONTEXT(2) 
PARAMETRIC_REPRESENTATION_CONTEXT() REPRESENTATION_CONTEXT('2D SPACE',''
  ) );
#1640 = ORIENTED_EDGE('',*,*,#1641,.T.);
#1641 = EDGE_CURVE('',#1605,#1642,#1644,.T.);
#1642 = VERTEX_POINT('',#1643);
#1643 = CARTESIAN_POINT('',(-54.58865898896,20.42543867133,0.));
#1644 = SURFACE_CURVE('',#1645,(#1651,#1660),.PCURVE_S1.);
#1645 = ( BOUNDED_CURVE() B_SPLINE_CURVE(4,(#1646,#1647,#1648,#1649,
#1650),.UNSPECIFIED.,.F.,.F.) B_SPLINE_CURVE_WITH_KNOTS((5,5),(
115.36775784702,119.96250158861),.PIECEWISE_BEZIER_KNOTS.) CURVE() 
GEOMETRIC_REPRESENTATION_ITEM() RATIONAL_B_SPLINE_CURVE((1.,1.,1.,1.,1.)
) REPRESENTATION_ITEM('') );
#1646 = CARTESIAN_POINT('',(-54.80185660986,23.700584092594,0.));
#1647 = CARTESIAN_POINT('',(-54.69040757998,22.900078258139,
    -1.7763568394E-15));
#1648 = CARTESIAN_POINT('',(-54.62088231019,22.100712695186,
    8.881784197001E-16));
#1649 = CARTESIAN_POINT('',(-54.58865898896,21.280358517233,
    -8.881784197001E-16));
#1650 = CARTESIAN_POINT('',(-54.58865898896,20.42543867133,0.));
#1651 = PCURVE('',#295,#1652);
#1652 = DEFINITIONAL_REPRESENTATION('',(#1653),#1659);
#1653 = B_SPLINE_CURVE_WITH_KNOTS('',4,(#1654,#1655,#1656,#1657,#1658),
  .UNSPECIFIED.,.F.,.F.,(5,5),(115.36775784702,119.96250158861),
  .PIECEWISE_BEZIER_KNOTS.);
#1654 = CARTESIAN_POINT('',(-54.80185660986,23.700584092594));
#1655 = CARTESIAN_POINT('',(-54.69040757998,22.900078258139));
#1656 = CARTESIAN_POINT('',(-54.62088231019,22.100712695186));
#1657 = CARTESIAN_POINT('',(-54.58865898896,21.280358517233));
#1658 = CARTESIAN_POINT('',(-54.58865898896,20.42543867133));
#1659 = ( GEOMETRIC_REPRESENTATION_CONTEXT(2) 
PARAMETRIC_REPRESENTATION_CONTEXT() REPRESENTATION_CONTEXT('2D SPACE',''
  ) );
#1660 = PCURVE('',#1661,#1677);
#1661 = ( BOUNDED_SURFACE() B_SPLINE_SURFACE(2,4,(
    (#1662,#1663,#1664,#1665,#1666)
    ,(#1667,#1668,#1669,#1670,#1671)
    ,(#1672,#1673,#1674,#1675,#1676
)),.UNSPECIFIED.,.F.,.F.,.F.) B_SPLINE_SURFACE_WITH_KNOTS((3,3),(5,5),(
    0.,4.594743741582),(115.36775784702,119.96250158861),
.PIECEWISE_BEZIER_KNOTS.) GEOMETRIC_REPRESENTATION_ITEM() 
RATIONAL_B_SPLINE_SURFACE((
    (1.,1.,1.,1.,1.)
    ,(0.888433751603,0.887683969691,0.887224385532,0.887010833178
      ,0.887010833178)
,(1.,1.,1.,1.,1.))) REPRESENTATION_ITEM('') SURFACE() );
#1662 = CARTESIAN_POINT('',(-70.90094214373,26.326380815064,
    8.427418760474));
#1663 = CARTESIAN_POINT('',(-70.93825657078,24.848653215212,
    8.480709285086));
#1664 = CARTESIAN_POINT('',(-70.96108793914,23.380995583329,
    8.513315858307));
#1665 = CARTESIAN_POINT('',(-70.97169987474,21.909906548228,
    8.528471272979));
#1666 = CARTESIAN_POINT('',(-70.97169987474,20.42543867133,
    8.528471272979));
#1667 = CARTESIAN_POINT('',(-65.,25.363924002974,0.));
#1668 = CARTESIAN_POINT('',(-65.,24.136195950443,8.881784197001E-16));
#1669 = CARTESIAN_POINT('',(-65.,22.913739444848,3.552713678801E-15));
#1670 = CARTESIAN_POINT('',(-65.,21.680433160225,0.));
#1671 = CARTESIAN_POINT('',(-65.,20.42543867133,-8.881784197001E-16));
#1672 = CARTESIAN_POINT('',(-54.80185660986,23.700584092594,0.));
#1673 = CARTESIAN_POINT('',(-54.69040757998,22.900078258139,
    -1.7763568394E-15));
#1674 = CARTESIAN_POINT('',(-54.62088231019,22.100712695186,
    8.881784197001E-16));
#1675 = CARTESIAN_POINT('',(-54.58865898896,21.280358517233,
    -8.881784197001E-16));
#1676 = CARTESIAN_POINT('',(-54.58865898896,20.42543867133,0.));
#1677 = DEFINITIONAL_REPRESENTATION('',(#1678),#1682);
#1678 = LINE('',#1679,#1680);
#1679 = CARTESIAN_POINT('',(4.594743741582,0.));
#1680 = VECTOR('',#1681,1.);
#1681 = DIRECTION('',(0.,1.));
#1682 = ( GEOMETRIC_REPRESENTATION_CONTEXT(2) 
PARAMETRIC_REPRESENTATION_CONTEXT() REPRESENTATION_CONTEXT('2D SPACE',''
  ) );
#1683 = ORIENTED_EDGE('',*,*,#1684,.T.);
#1684 = EDGE_CURVE('',#1642,#1685,#1687,.T.);
#1685 = VERTEX_POINT('',#1686);
#1686 = CARTESIAN_POINT('',(-54.58865898896,-20.42543867133,0.));
#1687 = SURFACE_CURVE('',#1688,(#1692,#1699),.PCURVE_S1.);
#1688 = LINE('',#1689,#1690);
#1689 = CARTESIAN_POINT('',(-54.58865898896,20.42543867133,0.));
#1690 = VECTOR('',#1691,1.);
#1691 = DIRECTION('',(0.,-1.,0.));
#1692 = PCURVE('',#295,#1693);
#1693 = DEFINITIONAL_REPRESENTATION('',(#1694),#1698);
#1694 = LINE('',#1695,#1696);
#1695 = CARTESIAN_POINT('',(-54.58865898896,20.42543867133));
#1696 = VECTOR('',#1697,1.);
#1697 = DIRECTION('',(0.,-1.));
#1698 = ( GEOMETRIC_REPRESENTATION_CONTEXT(2) 
PARAMETRIC_REPRESENTATION_CONTEXT() REPRESENTATION_CONTEXT('2D SPACE',''
  ) );
#1699 = PCURVE('',#1700,#1705);
#1700 = CYLINDRICAL_SURFACE('',#1701,20.);
#1701 = AXIS2_PLACEMENT_3D('',#1702,#1703,#1704);
#1702 = CARTESIAN_POINT('',(-54.58865898896,20.42543867133,20.));
#1703 = DIRECTION('',(0.,-1.,0.));
#1704 = DIRECTION('',(-0.819152044289,-0.,-0.573576436351));
#1705 = DEFINITIONAL_REPRESENTATION('',(#1706),#1710);
#1706 = LINE('',#1707,#1708);
#1707 = CARTESIAN_POINT('',(0.959931088597,0.));
#1708 = VECTOR('',#1709,1.);
#1709 = DIRECTION('',(0.,1.));
#1710 = ( GEOMETRIC_REPRESENTATION_CONTEXT(2) 
PARAMETRIC_REPRESENTATION_CONTEXT() REPRESENTATION_CONTEXT('2D SPACE',''
  ) );
#1711 = ORIENTED_EDGE('',*,*,#1712,.T.);
#1712 = EDGE_CURVE('',#1685,#1713,#1715,.T.);
#1713 = VERTEX_POINT('',#1714);
#1714 = CARTESIAN_POINT('',(-54.80185660986,-23.70058409259,0.));
#1715 = SURFACE_CURVE('',#1716,(#1722,#1731),.PCURVE_S1.);
#1716 = ( BOUNDED_CURVE() B_SPLINE_CURVE(4,(#1717,#1718,#1719,#1720,
#1721),.UNSPECIFIED.,.F.,.F.) B_SPLINE_CURVE_WITH_KNOTS((5,5),(
160.81337893127,165.40812267285),.PIECEWISE_BEZIER_KNOTS.) CURVE() 
GEOMETRIC_REPRESENTATION_ITEM() RATIONAL_B_SPLINE_CURVE((1.,1.,1.,1.,1.)
) REPRESENTATION_ITEM('') );
#1717 = CARTESIAN_POINT('',(-54.58865898896,-20.42543867133,0.));
#1718 = CARTESIAN_POINT('',(-54.58865898896,-21.28035851723,
    -8.881784197001E-16));
#1719 = CARTESIAN_POINT('',(-54.62088231019,-22.10071269518,
    8.881784197001E-16));
#1720 = CARTESIAN_POINT('',(-54.69040757998,-22.90007825813,
    -8.881784197001E-16));
#1721 = CARTESIAN_POINT('',(-54.80185660986,-23.70058409259,0.));
#1722 = PCURVE('',#295,#1723);
#1723 = DEFINITIONAL_REPRESENTATION('',(#1724),#1730);
#1724 = B_SPLINE_CURVE_WITH_KNOTS('',4,(#1725,#1726,#1727,#1728,#1729),
  .UNSPECIFIED.,.F.,.F.,(5,5),(160.81337893127,165.40812267285),
  .PIECEWISE_BEZIER_KNOTS.);
#1725 = CARTESIAN_POINT('',(-54.58865898896,-20.42543867133));
#1726 = CARTESIAN_POINT('',(-54.58865898896,-21.28035851723));
#1727 = CARTESIAN_POINT('',(-54.62088231019,-22.10071269518));
#1728 = CARTESIAN_POINT('',(-54.69040757998,-22.90007825813));
#1729 = CARTESIAN_POINT('',(-54.80185660986,-23.70058409259));
#1730 = ( GEOMETRIC_REPRESENTATION_CONTEXT(2) 
PARAMETRIC_REPRESENTATION_CONTEXT() REPRESENTATION_CONTEXT('2D SPACE',''
  ) );
#1731 = PCURVE('',#1732,#1748);
#1732 = ( BOUNDED_SURFACE() B_SPLINE_SURFACE(2,4,(
    (#1733,#1734,#1735,#1736,#1737)
    ,(#1738,#1739,#1740,#1741,#1742)
    ,(#1743,#1744,#1745,#1746,#1747
)),.UNSPECIFIED.,.F.,.F.,.F.) B_SPLINE_SURFACE_WITH_KNOTS((3,3),(5,5),(
    0.,4.594743741582),(160.81337893127,165.40812267285),
.PIECEWISE_BEZIER_KNOTS.) GEOMETRIC_REPRESENTATION_ITEM() 
RATIONAL_B_SPLINE_SURFACE((
    (1.,1.,1.,1.,1.)
    ,(0.887010833178,0.887010833178,0.887224385532,0.887683969691
      ,0.888433751603)
,(1.,1.,1.,1.,1.))) REPRESENTATION_ITEM('') SURFACE() );
#1733 = CARTESIAN_POINT('',(-70.97169987474,-20.42543867133,
    8.528471272979));
#1734 = CARTESIAN_POINT('',(-70.97169987474,-21.90990654822,
    8.528471272979));
#1735 = CARTESIAN_POINT('',(-70.96108793914,-23.38099558332,
    8.513315858308));
#1736 = CARTESIAN_POINT('',(-70.93825657078,-24.84865321521,
    8.480709285086));
#1737 = CARTESIAN_POINT('',(-70.90094214373,-26.32638081506,
    8.427418760474));
#1738 = CARTESIAN_POINT('',(-65.,-20.42543867133,0.));
#1739 = CARTESIAN_POINT('',(-65.,-21.68043316022,-1.7763568394E-15));
#1740 = CARTESIAN_POINT('',(-65.,-22.91373944484,1.7763568394E-15));
#1741 = CARTESIAN_POINT('',(-65.,-24.13619595044,8.881784197001E-16));
#1742 = CARTESIAN_POINT('',(-65.,-25.36392400297,8.881784197001E-16));
#1743 = CARTESIAN_POINT('',(-54.58865898896,-20.42543867133,0.));
#1744 = CARTESIAN_POINT('',(-54.58865898896,-21.28035851723,
    -8.881784197001E-16));
#1745 = CARTESIAN_POINT('',(-54.62088231019,-22.10071269518,
    8.881784197001E-16));
#1746 = CARTESIAN_POINT('',(-54.69040757998,-22.90007825813,
    -8.881784197001E-16));
#1747 = CARTESIAN_POINT('',(-54.80185660986,-23.70058409259,0.));
#1748 = DEFINITIONAL_REPRESENTATION('',(#1749),#1753);
#1749 = LINE('',#1750,#1751);
#1750 = CARTESIAN_POINT('',(4.594743741582,0.));
#1751 = VECTOR('',#1752,1.);
#1752 = DIRECTION('',(0.,1.));
#1753 = ( GEOMETRIC_REPRESENTATION_CONTEXT(2) 
PARAMETRIC_REPRESENTATION_CONTEXT() REPRESENTATION_CONTEXT('2D SPACE',''
  ) );
#1754 = ORIENTED_EDGE('',*,*,#1755,.T.);
#1755 = EDGE_CURVE('',#1713,#1756,#1758,.T.);
#1756 = VERTEX_POINT('',#1757);
#1757 = CARTESIAN_POINT('',(-43.70058409259,-34.80185660986,0.));
#1758 = SURFACE_CURVE('',#1759,(#1770,#1784),.PCURVE_S1.);
#1759 = ( BOUNDED_CURVE() B_SPLINE_CURVE(9,(#1760,#1761,#1762,#1763,
    #1764,#1765,#1766,#1767,#1768,#1769),.UNSPECIFIED.,.F.,.F.) 
B_SPLINE_CURVE_WITH_KNOTS((10,10),(165.40812267285,195.33025943564),
.PIECEWISE_BEZIER_KNOTS.) CURVE() GEOMETRIC_REPRESENTATION_ITEM() 
RATIONAL_B_SPLINE_CURVE((1.,1.,1.,1.,1.,1.,1.,1.,1.,1.)) 
REPRESENTATION_ITEM('') );
#1760 = CARTESIAN_POINT('',(-54.80185660986,-23.70058409259,0.));
#1761 = CARTESIAN_POINT('',(-55.12442743345,-26.01751611609,
    -7.993605777301E-15));
#1762 = CARTESIAN_POINT('',(-54.99419921204,-28.2209399631,
    2.48689957516E-14));
#1763 = CARTESIAN_POINT('',(-54.41434566956,-30.23483473183,
    -4.529709940471E-14));
#1764 = CARTESIAN_POINT('',(-53.40286886692,-31.98645017134,
    5.861977570021E-14));
#1765 = CARTESIAN_POINT('',(-51.98645017134,-33.40286886692,
    -6.306066779871E-14));
#1766 = CARTESIAN_POINT('',(-50.23483473183,-34.41434566956,
    5.595524044111E-14));
#1767 = CARTESIAN_POINT('',(-48.2209399631,-34.99419921204,
    -3.641531520771E-14));
#1768 = CARTESIAN_POINT('',(-46.01751611609,-35.12442743345,
    1.15463194561E-14));
#1769 = CARTESIAN_POINT('',(-43.70058409259,-34.80185660986,0.));
#1770 = PCURVE('',#295,#1771);
#1771 = DEFINITIONAL_REPRESENTATION('',(#1772),#1783);
#1772 = B_SPLINE_CURVE_WITH_KNOTS('',9,(#1773,#1774,#1775,#1776,#1777,
    #1778,#1779,#1780,#1781,#1782),.UNSPECIFIED.,.F.,.F.,(10,10),(
    165.40812267285,195.33025943564),.PIECEWISE_BEZIER_KNOTS.);
#1773 = CARTESIAN_POINT('',(-54.80185660986,-23.70058409259));
#1774 = CARTESIAN_POINT('',(-55.12442743345,-26.01751611609));
#1775 = CARTESIAN_POINT('',(-54.99419921205,-28.22093996311));
#1776 = CARTESIAN_POINT('',(-54.41434566955,-30.23483473183));
#1777 = CARTESIAN_POINT('',(-53.40286886693,-31.98645017135));
#1778 = CARTESIAN_POINT('',(-51.98645017133,-33.40286886691));
#1779 = CARTESIAN_POINT('',(-50.23483473184,-34.41434566957));
#1780 = CARTESIAN_POINT('',(-48.2209399631,-34.99419921204));
#1781 = CARTESIAN_POINT('',(-46.01751611609,-35.12442743345));
#1782 = CARTESIAN_POINT('',(-43.70058409259,-34.80185660986));
#1783 = ( GEOMETRIC_REPRESENTATION_CONTEXT(2) 
PARAMETRIC_REPRESENTATION_CONTEXT() REPRESENTATION_CONTEXT('2D SPACE',''
  ) );
#1784 = PCURVE('',#1785,#1816);
#1785 = ( BOUNDED_SURFACE() B_SPLINE_SURFACE(2,9,(
    (#1786,#1787,#1788,#1789,#1790,#1791,#1792,#1793,#1794,#1795)
    ,(#1796,#1797,#1798,#1799,#1800,#1801,#1802,#1803,#1804,#1805)
    ,(#1806,#1807,#1808,#1809,#1810,#1811,#1812,#1813,#1814,#1815
)),.UNSPECIFIED.,.F.,.F.,.F.) B_SPLINE_SURFACE_WITH_KNOTS((3,3),(10,10),
  (0.,29.922136762787),(165.40812267285,195.33025943564),
.PIECEWISE_BEZIER_KNOTS.) GEOMETRIC_REPRESENTATION_ITEM() 
RATIONAL_B_SPLINE_SURFACE((
    (1.,1.,1.,1.,1.,1.,1.,1.,1.,1.)
    ,(0.888433751603,0.904364780029,0.915776605551,0.923044220165
      ,0.926515298572,0.926515298572,0.923044220165,0.915776605551
      ,0.904364780029,0.888433751603)
,(1.,1.,1.,1.,1.,1.,1.,1.,1.,1.))) REPRESENTATION_ITEM('') SURFACE() );
#1786 = CARTESIAN_POINT('',(-70.90094214373,-26.32638081506,
    8.427418760474));
#1787 = CARTESIAN_POINT('',(-70.10810200198,-30.49172059125,
    7.295125692374));
#1788 = CARTESIAN_POINT('',(-68.67724305899,-34.44680699596,
    6.461198731572));
#1789 = CARTESIAN_POINT('',(-66.68853025006,-38.08924965099,
    5.921141356406));
#1790 = CARTESIAN_POINT('',(-64.22212494845,-41.35505878349,
    5.661447993955));
#1791 = CARTESIAN_POINT('',(-61.35505878349,-44.22212494846,
    5.661447993955));
#1792 = CARTESIAN_POINT('',(-58.089249651,-46.68853025006,5.921141356405
    ));
#1793 = CARTESIAN_POINT('',(-54.44680699595,-48.67724305899,
    6.461198731572));
#1794 = CARTESIAN_POINT('',(-50.49172059125,-50.10810200198,
    7.295125692374));
#1795 = CARTESIAN_POINT('',(-46.32638081506,-50.90094214373,
    8.427418760474));
#1796 = CARTESIAN_POINT('',(-65.,-25.36392400297,-8.881784197001E-16));
#1797 = CARTESIAN_POINT('',(-64.26347075689,-28.73170794589,
    -2.6645352591E-15));
#1798 = CARTESIAN_POINT('',(-63.14029055269,-31.90842516564,
    -7.993605777301E-15));
#1799 = CARTESIAN_POINT('',(-61.62025267318,-34.83017560176,
    6.039613253961E-14));
#1800 = CARTESIAN_POINT('',(-59.71265599857,-37.44331772512,
    -1.492139745096E-13));
#1801 = CARTESIAN_POINT('',(-57.44331772512,-39.71265599857,
    2.007283228522E-13));
#1802 = CARTESIAN_POINT('',(-54.83017560176,-41.62025267318,
    -1.580957587066E-13));
#1803 = CARTESIAN_POINT('',(-51.90842516563,-43.14029055269,
    7.727152251391E-14));
#1804 = CARTESIAN_POINT('',(-48.73170794589,-44.26347075689,
    -1.86517468137E-14));
#1805 = CARTESIAN_POINT('',(-45.36392400297,-45.,-8.881784197001E-16));
#1806 = CARTESIAN_POINT('',(-54.80185660986,-23.70058409259,0.));
#1807 = CARTESIAN_POINT('',(-55.12442743345,-26.01751611609,
    -7.993605777301E-15));
#1808 = CARTESIAN_POINT('',(-54.99419921204,-28.2209399631,
    2.48689957516E-14));
#1809 = CARTESIAN_POINT('',(-54.41434566956,-30.23483473183,
    -4.529709940471E-14));
#1810 = CARTESIAN_POINT('',(-53.40286886692,-31.98645017134,
    5.861977570021E-14));
#1811 = CARTESIAN_POINT('',(-51.98645017134,-33.40286886692,
    -6.306066779871E-14));
#1812 = CARTESIAN_POINT('',(-50.23483473183,-34.41434566956,
    5.595524044111E-14));
#1813 = CARTESIAN_POINT('',(-48.2209399631,-34.99419921204,
    -3.641531520771E-14));
#1814 = CARTESIAN_POINT('',(-46.01751611609,-35.12442743345,
    1.15463194561E-14));
#1815 = CARTESIAN_POINT('',(-43.70058409259,-34.80185660986,0.));
#1816 = DEFINITIONAL_REPRESENTATION('',(#1817),#1821);
#1817 = LINE('',#1818,#1819);
#1818 = CARTESIAN_POINT('',(29.922136762787,0.));
#1819 = VECTOR('',#1820,1.);
#1820 = DIRECTION('',(0.,1.));
#1821 = ( GEOMETRIC_REPRESENTATION_CONTEXT(2) 
PARAMETRIC_REPRESENTATION_CONTEXT() REPRESENTATION_CONTEXT('2D SPACE',''
  ) );
#1822 = ORIENTED_EDGE('',*,*,#1823,.T.);
#1823 = EDGE_CURVE('',#1756,#1824,#1826,.T.);
#1824 = VERTEX_POINT('',#1825);
#1825 = CARTESIAN_POINT('',(-40.42543867133,-34.58865898896,0.));
#1826 = SURFACE_CURVE('',#1827,(#1833,#1842),.PCURVE_S1.);
#1827 = ( BOUNDED_CURVE() B_SPLINE_CURVE(4,(#1828,#1829,#1830,#1831,
#1832),.UNSPECIFIED.,.F.,.F.) B_SPLINE_CURVE_WITH_KNOTS((5,5),(
195.33025943564,199.92500317722),.PIECEWISE_BEZIER_KNOTS.) CURVE() 
GEOMETRIC_REPRESENTATION_ITEM() RATIONAL_B_SPLINE_CURVE((1.,1.,1.,1.,1.)
) REPRESENTATION_ITEM('') );
#1828 = CARTESIAN_POINT('',(-43.70058409259,-34.80185660986,0.));
#1829 = CARTESIAN_POINT('',(-42.90007825813,-34.69040757998,
    8.881784197001E-16));
#1830 = CARTESIAN_POINT('',(-42.10071269518,-34.62088231019,
    -5.329070518201E-15));
#1831 = CARTESIAN_POINT('',(-41.28035851723,-34.58865898896,
    2.6645352591E-15));
#1832 = CARTESIAN_POINT('',(-40.42543867133,-34.58865898896,0.));
#1833 = PCURVE('',#295,#1834);
#1834 = DEFINITIONAL_REPRESENTATION('',(#1835),#1841);
#1835 = B_SPLINE_CURVE_WITH_KNOTS('',4,(#1836,#1837,#1838,#1839,#1840),
  .UNSPECIFIED.,.F.,.F.,(5,5),(195.33025943564,199.92500317722),
  .PIECEWISE_BEZIER_KNOTS.);
#1836 = CARTESIAN_POINT('',(-43.70058409259,-34.80185660986));
#1837 = CARTESIAN_POINT('',(-42.90007825813,-34.69040757998));
#1838 = CARTESIAN_POINT('',(-42.10071269518,-34.62088231019));
#1839 = CARTESIAN_POINT('',(-41.28035851723,-34.58865898896));
#1840 = CARTESIAN_POINT('',(-40.42543867133,-34.58865898896));
#1841 = ( GEOMETRIC_REPRESENTATION_CONTEXT(2) 
PARAMETRIC_REPRESENTATION_CONTEXT() REPRESENTATION_CONTEXT('2D SPACE',''
  ) );
#1842 = PCURVE('',#1843,#1859);
#1843 = ( BOUNDED_SURFACE() B_SPLINE_SURFACE(2,4,(
    (#1844,#1845,#1846,#1847,#1848)
    ,(#1849,#1850,#1851,#1852,#1853)
    ,(#1854,#1855,#1856,#1857,#1858
)),.UNSPECIFIED.,.F.,.F.,.F.) B_SPLINE_SURFACE_WITH_KNOTS((3,3),(5,5),(
    0.,4.594743741582),(195.33025943564,199.92500317722),
.PIECEWISE_BEZIER_KNOTS.) GEOMETRIC_REPRESENTATION_ITEM() 
RATIONAL_B_SPLINE_SURFACE((
    (1.,1.,1.,1.,1.)
    ,(0.888433751603,0.887683969691,0.887224385532,0.887010833178
      ,0.887010833178)
,(1.,1.,1.,1.,1.))) REPRESENTATION_ITEM('') SURFACE() );
#1844 = CARTESIAN_POINT('',(-46.32638081506,-50.90094214373,
    8.427418760474));
#1845 = CARTESIAN_POINT('',(-44.84865321521,-50.93825657078,
    8.480709285086));
#1846 = CARTESIAN_POINT('',(-43.38099558332,-50.96108793914,
    8.513315858308));
#1847 = CARTESIAN_POINT('',(-41.90990654822,-50.97169987474,
    8.528471272979));
#1848 = CARTESIAN_POINT('',(-40.42543867133,-50.97169987474,
    8.528471272979));
#1849 = CARTESIAN_POINT('',(-45.36392400297,-45.,-4.440892098501E-15));
#1850 = CARTESIAN_POINT('',(-44.13619595044,-45.,-4.440892098501E-15));
#1851 = CARTESIAN_POINT('',(-42.91373944484,-45.,1.33226762955E-14));
#1852 = CARTESIAN_POINT('',(-41.68043316022,-45.,-5.329070518201E-15));
#1853 = CARTESIAN_POINT('',(-40.42543867133,-45.,-4.440892098501E-15));
#1854 = CARTESIAN_POINT('',(-43.70058409259,-34.80185660986,0.));
#1855 = CARTESIAN_POINT('',(-42.90007825813,-34.69040757998,
    8.881784197001E-16));
#1856 = CARTESIAN_POINT('',(-42.10071269518,-34.62088231019,
    -5.329070518201E-15));
#1857 = CARTESIAN_POINT('',(-41.28035851723,-34.58865898896,
    2.6645352591E-15));
#1858 = CARTESIAN_POINT('',(-40.42543867133,-34.58865898896,0.));
#1859 = DEFINITIONAL_REPRESENTATION('',(#1860),#1864);
#1860 = LINE('',#1861,#1862);
#1861 = CARTESIAN_POINT('',(4.594743741582,0.));
#1862 = VECTOR('',#1863,1.);
#1863 = DIRECTION('',(0.,1.));
#1864 = ( GEOMETRIC_REPRESENTATION_CONTEXT(2) 
PARAMETRIC_REPRESENTATION_CONTEXT() REPRESENTATION_CONTEXT('2D SPACE',''
  ) );
#1865 = ORIENTED_EDGE('',*,*,#1866,.T.);
#1866 = EDGE_CURVE('',#1824,#1867,#1869,.T.);
#1867 = VERTEX_POINT('',#1868);
#1868 = CARTESIAN_POINT('',(40.42543867133,-34.58865898896,0.));
#1869 = SURFACE_CURVE('',#1870,(#1874,#1881),.PCURVE_S1.);
#1870 = LINE('',#1871,#1872);
#1871 = CARTESIAN_POINT('',(-40.42543867133,-34.58865898896,0.));
#1872 = VECTOR('',#1873,1.);
#1873 = DIRECTION('',(1.,0.,0.));
#1874 = PCURVE('',#295,#1875);
#1875 = DEFINITIONAL_REPRESENTATION('',(#1876),#1880);
#1876 = LINE('',#1877,#1878);
#1877 = CARTESIAN_POINT('',(-40.42543867133,-34.58865898896));
#1878 = VECTOR('',#1879,1.);
#1879 = DIRECTION('',(1.,0.));
#1880 = ( GEOMETRIC_REPRESENTATION_CONTEXT(2) 
PARAMETRIC_REPRESENTATION_CONTEXT() REPRESENTATION_CONTEXT('2D SPACE',''
  ) );
#1881 = PCURVE('',#1882,#1887);
#1882 = CYLINDRICAL_SURFACE('',#1883,20.);
#1883 = AXIS2_PLACEMENT_3D('',#1884,#1885,#1886);
#1884 = CARTESIAN_POINT('',(-40.42543867133,-34.58865898896,20.));
#1885 = DIRECTION('',(1.,0.,0.));
#1886 = DIRECTION('',(0.,-0.819152044289,-0.573576436351));
#1887 = DEFINITIONAL_REPRESENTATION('',(#1888),#1892);
#1888 = LINE('',#1889,#1890);
#1889 = CARTESIAN_POINT('',(0.959931088597,0.));
#1890 = VECTOR('',#1891,1.);
#1891 = DIRECTION('',(0.,1.));
#1892 = ( GEOMETRIC_REPRESENTATION_CONTEXT(2) 
PARAMETRIC_REPRESENTATION_CONTEXT() REPRESENTATION_CONTEXT('2D SPACE',''
  ) );
#1893 = ORIENTED_EDGE('',*,*,#1894,.T.);
#1894 = EDGE_CURVE('',#1867,#1895,#1897,.T.);
#1895 = VERTEX_POINT('',#1896);
#1896 = CARTESIAN_POINT('',(43.700584092594,-34.80185660986,0.));
#1897 = SURFACE_CURVE('',#1898,(#1904,#1913),.PCURVE_S1.);
#1898 = ( BOUNDED_CURVE() B_SPLINE_CURVE(4,(#1899,#1900,#1901,#1902,
#1903),.UNSPECIFIED.,.F.,.F.) B_SPLINE_CURVE_WITH_KNOTS((5,5),(
280.77588051988,285.37062426146),.PIECEWISE_BEZIER_KNOTS.) CURVE() 
GEOMETRIC_REPRESENTATION_ITEM() RATIONAL_B_SPLINE_CURVE((1.,1.,1.,1.,1.)
) REPRESENTATION_ITEM('') );
#1899 = CARTESIAN_POINT('',(40.42543867133,-34.58865898896,0.));
#1900 = CARTESIAN_POINT('',(41.280358517233,-34.58865898896,
    -1.7763568394E-15));
#1901 = CARTESIAN_POINT('',(42.100712695186,-34.62088231019,
    4.440892098501E-15));
#1902 = CARTESIAN_POINT('',(42.900078258139,-34.69040757998,
    -2.6645352591E-15));
#1903 = CARTESIAN_POINT('',(43.700584092594,-34.80185660986,0.));
#1904 = PCURVE('',#295,#1905);
#1905 = DEFINITIONAL_REPRESENTATION('',(#1906),#1912);
#1906 = B_SPLINE_CURVE_WITH_KNOTS('',4,(#1907,#1908,#1909,#1910,#1911),
  .UNSPECIFIED.,.F.,.F.,(5,5),(280.77588051988,285.37062426146),
  .PIECEWISE_BEZIER_KNOTS.);
#1907 = CARTESIAN_POINT('',(40.42543867133,-34.58865898896));
#1908 = CARTESIAN_POINT('',(41.280358517233,-34.58865898896));
#1909 = CARTESIAN_POINT('',(42.100712695186,-34.62088231019));
#1910 = CARTESIAN_POINT('',(42.900078258139,-34.69040757998));
#1911 = CARTESIAN_POINT('',(43.700584092594,-34.80185660986));
#1912 = ( GEOMETRIC_REPRESENTATION_CONTEXT(2) 
PARAMETRIC_REPRESENTATION_CONTEXT() REPRESENTATION_CONTEXT('2D SPACE',''
  ) );
#1913 = PCURVE('',#1914,#1930);
#1914 = ( BOUNDED_SURFACE() B_SPLINE_SURFACE(2,4,(
    (#1915,#1916,#1917,#1918,#1919)
    ,(#1920,#1921,#1922,#1923,#1924)
    ,(#1925,#1926,#1927,#1928,#1929
)),.UNSPECIFIED.,.F.,.F.,.F.) B_SPLINE_SURFACE_WITH_KNOTS((3,3),(5,5),(
    0.,4.594743741582),(280.77588051988,285.37062426146),
.PIECEWISE_BEZIER_KNOTS.) GEOMETRIC_REPRESENTATION_ITEM() 
RATIONAL_B_SPLINE_SURFACE((
    (1.,1.,1.,1.,1.)
    ,(0.887010833178,0.887010833178,0.887224385532,0.887683969691
      ,0.888433751603)
,(1.,1.,1.,1.,1.))) REPRESENTATION_ITEM('') SURFACE() );
#1915 = CARTESIAN_POINT('',(40.42543867133,-50.97169987474,
    8.528471272979));
#1916 = CARTESIAN_POINT('',(41.909906548227,-50.97169987474,
    8.528471272979));
#1917 = CARTESIAN_POINT('',(43.380995583329,-50.96108793914,
    8.513315858308));
#1918 = CARTESIAN_POINT('',(44.848653215212,-50.93825657078,
    8.480709285086));
#1919 = CARTESIAN_POINT('',(46.326380815064,-50.90094214373,
    8.427418760474));
#1920 = CARTESIAN_POINT('',(40.42543867133,-45.,8.881784197001E-16));
#1921 = CARTESIAN_POINT('',(41.680433160225,-45.,-8.881784197001E-16));
#1922 = CARTESIAN_POINT('',(42.913739444848,-45.,1.7763568394E-15));
#1923 = CARTESIAN_POINT('',(44.136195950443,-45.,-8.881784197001E-16));
#1924 = CARTESIAN_POINT('',(45.363924002974,-45.,8.881784197001E-16));
#1925 = CARTESIAN_POINT('',(40.42543867133,-34.58865898896,0.));
#1926 = CARTESIAN_POINT('',(41.280358517233,-34.58865898896,
    -1.7763568394E-15));
#1927 = CARTESIAN_POINT('',(42.100712695186,-34.62088231019,
    4.440892098501E-15));
#1928 = CARTESIAN_POINT('',(42.900078258139,-34.69040757998,
    -2.6645352591E-15));
#1929 = CARTESIAN_POINT('',(43.700584092594,-34.80185660986,0.));
#1930 = DEFINITIONAL_REPRESENTATION('',(#1931),#1935);
#1931 = LINE('',#1932,#1933);
#1932 = CARTESIAN_POINT('',(4.594743741582,0.));
#1933 = VECTOR('',#1934,1.);
#1934 = DIRECTION('',(0.,1.));
#1935 = ( GEOMETRIC_REPRESENTATION_CONTEXT(2) 
PARAMETRIC_REPRESENTATION_CONTEXT() REPRESENTATION_CONTEXT('2D SPACE',''
  ) );
#1936 = ORIENTED_EDGE('',*,*,#1937,.T.);
#1937 = EDGE_CURVE('',#1895,#1938,#1940,.T.);
#1938 = VERTEX_POINT('',#1939);
#1939 = CARTESIAN_POINT('',(54.801856609865,-23.70058409259,0.));
#1940 = SURFACE_CURVE('',#1941,(#1952,#1966),.PCURVE_S1.);
#1941 = ( BOUNDED_CURVE() B_SPLINE_CURVE(9,(#1942,#1943,#1944,#1945,
    #1946,#1947,#1948,#1949,#1950,#1951),.UNSPECIFIED.,.F.,.F.) 
B_SPLINE_CURVE_WITH_KNOTS((10,10),(285.37062426146,315.29276102425),
.PIECEWISE_BEZIER_KNOTS.) CURVE() GEOMETRIC_REPRESENTATION_ITEM() 
RATIONAL_B_SPLINE_CURVE((1.,1.,1.,1.,1.,1.,1.,1.,1.,1.)) 
REPRESENTATION_ITEM('') );
#1942 = CARTESIAN_POINT('',(43.700584092594,-34.80185660986,0.));
#1943 = CARTESIAN_POINT('',(46.017516116096,-35.12442743345,
    2.04281036531E-14));
#1944 = CARTESIAN_POINT('',(48.220939963109,-34.99419921204,
    -6.483702463811E-14));
#1945 = CARTESIAN_POINT('',(50.234834731835,-34.41434566956,
    9.148237722911E-14));
#1946 = CARTESIAN_POINT('',(51.986450171344,-33.40286886692,
    -4.884981308351E-14));
#1947 = CARTESIAN_POINT('',(53.402868866926,-31.98645017134,
    -4.174438572591E-14));
#1948 = CARTESIAN_POINT('',(54.414345669566,-30.23483473183,
    9.503509090791E-14));
#1949 = CARTESIAN_POINT('',(54.994199212047,-28.2209399631,
    -7.371880883511E-14));
#1950 = CARTESIAN_POINT('',(55.124427433452,-26.01751611609,
    2.39808173319E-14));
#1951 = CARTESIAN_POINT('',(54.801856609865,-23.70058409259,0.));
#1952 = PCURVE('',#295,#1953);
#1953 = DEFINITIONAL_REPRESENTATION('',(#1954),#1965);
#1954 = B_SPLINE_CURVE_WITH_KNOTS('',9,(#1955,#1956,#1957,#1958,#1959,
    #1960,#1961,#1962,#1963,#1964),.UNSPECIFIED.,.F.,.F.,(10,10),(
    285.37062426146,315.29276102425),.PIECEWISE_BEZIER_KNOTS.);
#1955 = CARTESIAN_POINT('',(43.700584092594,-34.80185660986));
#1956 = CARTESIAN_POINT('',(46.017516116094,-35.12442743345));
#1957 = CARTESIAN_POINT('',(48.220939963114,-34.99419921205));
#1958 = CARTESIAN_POINT('',(50.234834731826,-34.41434566956));
#1959 = CARTESIAN_POINT('',(51.986450171357,-33.40286886693));
#1960 = CARTESIAN_POINT('',(53.402868866914,-31.98645017133));
#1961 = CARTESIAN_POINT('',(54.414345669573,-30.23483473184));
#1962 = CARTESIAN_POINT('',(54.994199212044,-28.2209399631));
#1963 = CARTESIAN_POINT('',(55.124427433453,-26.01751611609));
#1964 = CARTESIAN_POINT('',(54.801856609865,-23.70058409259));
#1965 = ( GEOMETRIC_REPRESENTATION_CONTEXT(2) 
PARAMETRIC_REPRESENTATION_CONTEXT() REPRESENTATION_CONTEXT('2D SPACE',''
  ) );
#1966 = PCURVE('',#1967,#1998);
#1967 = ( BOUNDED_SURFACE() B_SPLINE_SURFACE(2,9,(
    (#1968,#1969,#1970,#1971,#1972,#1973,#1974,#1975,#1976,#1977)
    ,(#1978,#1979,#1980,#1981,#1982,#1983,#1984,#1985,#1986,#1987)
    ,(#1988,#1989,#1990,#1991,#1992,#1993,#1994,#1995,#1996,#1997
)),.UNSPECIFIED.,.F.,.F.,.F.) B_SPLINE_SURFACE_WITH_KNOTS((3,3),(10,10),
  (0.,29.922136762787),(285.37062426146,315.29276102425),
.PIECEWISE_BEZIER_KNOTS.) GEOMETRIC_REPRESENTATION_ITEM() 
RATIONAL_B_SPLINE_SURFACE((
    (1.,1.,1.,1.,1.,1.,1.,1.,1.,1.)
    ,(0.888433751603,0.904364780029,0.915776605551,0.923044220165
      ,0.926515298572,0.926515298572,0.923044220165,0.915776605551
      ,0.904364780029,0.888433751603)
,(1.,1.,1.,1.,1.,1.,1.,1.,1.,1.))) REPRESENTATION_ITEM('') SURFACE() );
#1968 = CARTESIAN_POINT('',(46.326380815064,-50.90094214373,
    8.427418760474));
#1969 = CARTESIAN_POINT('',(50.49172059125,-50.10810200198,
    7.295125692374));
#1970 = CARTESIAN_POINT('',(54.44680699596,-48.67724305899,
    6.461198731572));
#1971 = CARTESIAN_POINT('',(58.089249650999,-46.68853025006,
    5.921141356406));
#1972 = CARTESIAN_POINT('',(61.355058783491,-44.22212494846,
    5.661447993955));
#1973 = CARTESIAN_POINT('',(64.222124948459,-41.35505878348,
    5.661447993955));
#1974 = CARTESIAN_POINT('',(66.688530250063,-38.089249651,5.921141356405
    ));
#1975 = CARTESIAN_POINT('',(68.677243058997,-34.44680699595,
    6.461198731572));
#1976 = CARTESIAN_POINT('',(70.108102001988,-30.49172059125,
    7.295125692374));
#1977 = CARTESIAN_POINT('',(70.900942143734,-26.32638081506,
    8.427418760474));
#1978 = CARTESIAN_POINT('',(45.363924002974,-45.,0.));
#1979 = CARTESIAN_POINT('',(48.731707945894,-44.26347075689,
    5.417888360171E-14));
#1980 = CARTESIAN_POINT('',(51.90842516564,-43.14029055269,
    -1.447730824111E-13));
#1981 = CARTESIAN_POINT('',(54.830175601764,-41.62025267318,
    2.451372438372E-13));
#1982 = CARTESIAN_POINT('',(57.443317725126,-39.71265599857,
    -3.064215547965E-13));
#1983 = CARTESIAN_POINT('',(59.712655998575,-37.44331772512,
    3.10862446895E-13));
#1984 = CARTESIAN_POINT('',(61.620252673181,-34.83017560176,
    -2.469136006766E-13));
#1985 = CARTESIAN_POINT('',(63.140290552695,-31.90842516563,
    1.438849039914E-13));
#1986 = CARTESIAN_POINT('',(64.26347075689,-28.73170794589,
    -4.884981308351E-14));
#1987 = CARTESIAN_POINT('',(65.,-25.36392400297,0.));
#1988 = CARTESIAN_POINT('',(43.700584092594,-34.80185660986,0.));
#1989 = CARTESIAN_POINT('',(46.017516116096,-35.12442743345,
    2.04281036531E-14));
#1990 = CARTESIAN_POINT('',(48.220939963109,-34.99419921204,
    -6.483702463811E-14));
#1991 = CARTESIAN_POINT('',(50.234834731835,-34.41434566956,
    9.148237722911E-14));
#1992 = CARTESIAN_POINT('',(51.986450171344,-33.40286886692,
    -4.884981308351E-14));
#1993 = CARTESIAN_POINT('',(53.402868866926,-31.98645017134,
    -4.174438572591E-14));
#1994 = CARTESIAN_POINT('',(54.414345669566,-30.23483473183,
    9.503509090791E-14));
#1995 = CARTESIAN_POINT('',(54.994199212047,-28.2209399631,
    -7.371880883511E-14));
#1996 = CARTESIAN_POINT('',(55.124427433452,-26.01751611609,
    2.39808173319E-14));
#1997 = CARTESIAN_POINT('',(54.801856609865,-23.70058409259,0.));
#1998 = DEFINITIONAL_REPRESENTATION('',(#1999),#2003);
#1999 = LINE('',#2000,#2001);
#2000 = CARTESIAN_POINT('',(29.922136762787,0.));
#2001 = VECTOR('',#2002,1.);
#2002 = DIRECTION('',(0.,1.));
#2003 = ( GEOMETRIC_REPRESENTATION_CONTEXT(2) 
PARAMETRIC_REPRESENTATION_CONTEXT() REPRESENTATION_CONTEXT('2D SPACE',''
  ) );
#2004 = ORIENTED_EDGE('',*,*,#2005,.T.);
#2005 = EDGE_CURVE('',#1938,#2006,#2008,.T.);
#2006 = VERTEX_POINT('',#2007);
#2007 = CARTESIAN_POINT('',(54.588658988965,-20.42543867133,0.));
#2008 = SURFACE_CURVE('',#2009,(#2015,#2024),.PCURVE_S1.);
#2009 = ( BOUNDED_CURVE() B_SPLINE_CURVE(4,(#2010,#2011,#2012,#2013,
#2014),.UNSPECIFIED.,.F.,.F.) B_SPLINE_CURVE_WITH_KNOTS((5,5),(
315.29276102425,319.88750476583),.PIECEWISE_BEZIER_KNOTS.) CURVE() 
GEOMETRIC_REPRESENTATION_ITEM() RATIONAL_B_SPLINE_CURVE((1.,1.,1.,1.,1.)
) REPRESENTATION_ITEM('') );
#2010 = CARTESIAN_POINT('',(54.801856609865,-23.70058409259,0.));
#2011 = CARTESIAN_POINT('',(54.690407579989,-22.90007825813,
    -1.7763568394E-15));
#2012 = CARTESIAN_POINT('',(54.620882310199,-22.10071269518,
    2.6645352591E-15));
#2013 = CARTESIAN_POINT('',(54.588658988965,-21.28035851723,0.));
#2014 = CARTESIAN_POINT('',(54.588658988965,-20.42543867133,0.));
#2015 = PCURVE('',#295,#2016);
#2016 = DEFINITIONAL_REPRESENTATION('',(#2017),#2023);
#2017 = B_SPLINE_CURVE_WITH_KNOTS('',4,(#2018,#2019,#2020,#2021,#2022),
  .UNSPECIFIED.,.F.,.F.,(5,5),(315.29276102425,319.88750476583),
  .PIECEWISE_BEZIER_KNOTS.);
#2018 = CARTESIAN_POINT('',(54.801856609865,-23.70058409259));
#2019 = CARTESIAN_POINT('',(54.690407579989,-22.90007825813));
#2020 = CARTESIAN_POINT('',(54.620882310199,-22.10071269518));
#2021 = CARTESIAN_POINT('',(54.588658988965,-21.28035851723));
#2022 = CARTESIAN_POINT('',(54.588658988965,-20.42543867133));
#2023 = ( GEOMETRIC_REPRESENTATION_CONTEXT(2) 
PARAMETRIC_REPRESENTATION_CONTEXT() REPRESENTATION_CONTEXT('2D SPACE',''
  ) );
#2024 = PCURVE('',#2025,#2041);
#2025 = ( BOUNDED_SURFACE() B_SPLINE_SURFACE(2,4,(
    (#2026,#2027,#2028,#2029,#2030)
    ,(#2031,#2032,#2033,#2034,#2035)
    ,(#2036,#2037,#2038,#2039,#2040
)),.UNSPECIFIED.,.F.,.F.,.F.) B_SPLINE_SURFACE_WITH_KNOTS((3,3),(5,5),(
    0.,4.594743741582),(315.29276102425,319.88750476583),
.PIECEWISE_BEZIER_KNOTS.) GEOMETRIC_REPRESENTATION_ITEM() 
RATIONAL_B_SPLINE_SURFACE((
    (1.,1.,1.,1.,1.)
    ,(0.888433751603,0.887683969691,0.887224385532,0.887010833178
      ,0.887010833178)
,(1.,1.,1.,1.,1.))) REPRESENTATION_ITEM('') SURFACE() );
#2026 = CARTESIAN_POINT('',(70.900942143734,-26.32638081506,
    8.427418760474));
#2027 = CARTESIAN_POINT('',(70.938256570782,-24.84865321521,
    8.480709285086));
#2028 = CARTESIAN_POINT('',(70.961087939147,-23.38099558333,
    8.513315858307));
#2029 = CARTESIAN_POINT('',(70.971699874745,-21.90990654822,
    8.528471272979));
#2030 = CARTESIAN_POINT('',(70.971699874745,-20.42543867133,
    8.528471272979));
#2031 = CARTESIAN_POINT('',(65.,-25.36392400297,-8.881784197001E-16));
#2032 = CARTESIAN_POINT('',(65.,-24.13619595044,-2.6645352591E-15));
#2033 = CARTESIAN_POINT('',(65.,-22.91373944484,1.42108547152E-14));
#2034 = CARTESIAN_POINT('',(65.,-21.68043316022,-7.105427357601E-15));
#2035 = CARTESIAN_POINT('',(65.,-20.42543867133,-4.440892098501E-15));
#2036 = CARTESIAN_POINT('',(54.801856609865,-23.70058409259,0.));
#2037 = CARTESIAN_POINT('',(54.690407579989,-22.90007825813,
    -1.7763568394E-15));
#2038 = CARTESIAN_POINT('',(54.620882310199,-22.10071269518,
    2.6645352591E-15));
#2039 = CARTESIAN_POINT('',(54.588658988965,-21.28035851723,0.));
#2040 = CARTESIAN_POINT('',(54.588658988965,-20.42543867133,0.));
#2041 = DEFINITIONAL_REPRESENTATION('',(#2042),#2046);
#2042 = LINE('',#2043,#2044);
#2043 = CARTESIAN_POINT('',(4.594743741582,0.));
#2044 = VECTOR('',#2045,1.);
#2045 = DIRECTION('',(0.,1.));
#2046 = ( GEOMETRIC_REPRESENTATION_CONTEXT(2) 
PARAMETRIC_REPRESENTATION_CONTEXT() REPRESENTATION_CONTEXT('2D SPACE',''
  ) );
#2047 = ORIENTED_EDGE('',*,*,#2048,.T.);
#2048 = EDGE_CURVE('',#2006,#2049,#2051,.T.);
#2049 = VERTEX_POINT('',#2050);
#2050 = CARTESIAN_POINT('',(54.588658988965,20.42543867133,0.));
#2051 = SURFACE_CURVE('',#2052,(#2056,#2063),.PCURVE_S1.);
#2052 = LINE('',#2053,#2054);
#2053 = CARTESIAN_POINT('',(54.588658988965,-20.42543867133,0.));
#2054 = VECTOR('',#2055,1.);
#2055 = DIRECTION('',(0.,1.,-0.));
#2056 = PCURVE('',#295,#2057);
#2057 = DEFINITIONAL_REPRESENTATION('',(#2058),#2062);
#2058 = LINE('',#2059,#2060);
#2059 = CARTESIAN_POINT('',(54.588658988965,-20.42543867133));
#2060 = VECTOR('',#2061,1.);
#2061 = DIRECTION('',(0.,1.));
#2062 = ( GEOMETRIC_REPRESENTATION_CONTEXT(2) 
PARAMETRIC_REPRESENTATION_CONTEXT() REPRESENTATION_CONTEXT('2D SPACE',''
  ) );
#2063 = PCURVE('',#2064,#2069);
#2064 = CYLINDRICAL_SURFACE('',#2065,20.);
#2065 = AXIS2_PLACEMENT_3D('',#2066,#2067,#2068);
#2066 = CARTESIAN_POINT('',(54.588658988965,-20.42543867133,20.));
#2067 = DIRECTION('',(0.,1.,-0.));
#2068 = DIRECTION('',(0.819152044289,-0.,-0.573576436351));
#2069 = DEFINITIONAL_REPRESENTATION('',(#2070),#2074);
#2070 = LINE('',#2071,#2072);
#2071 = CARTESIAN_POINT('',(0.959931088597,0.));
#2072 = VECTOR('',#2073,1.);
#2073 = DIRECTION('',(0.,1.));
#2074 = ( GEOMETRIC_REPRESENTATION_CONTEXT(2) 
PARAMETRIC_REPRESENTATION_CONTEXT() REPRESENTATION_CONTEXT('2D SPACE',''
  ) );
#2075 = ORIENTED_EDGE('',*,*,#2076,.T.);
#2076 = EDGE_CURVE('',#2049,#1526,#2077,.T.);
#2077 = SURFACE_CURVE('',#2078,(#2084,#2093),.PCURVE_S1.);
#2078 = ( BOUNDED_CURVE() B_SPLINE_CURVE(4,(#2079,#2080,#2081,#2082,
#2083),.UNSPECIFIED.,.F.,.F.) B_SPLINE_CURVE_WITH_KNOTS((5,5),(
360.73838210849,365.33312585007),.PIECEWISE_BEZIER_KNOTS.) CURVE() 
GEOMETRIC_REPRESENTATION_ITEM() RATIONAL_B_SPLINE_CURVE((1.,1.,1.,1.,1.)
) REPRESENTATION_ITEM('') );
#2079 = CARTESIAN_POINT('',(54.588658988965,20.42543867133,0.));
#2080 = CARTESIAN_POINT('',(54.588658988965,21.280358517233,
    -2.6645352591E-15));
#2081 = CARTESIAN_POINT('',(54.620882310199,22.100712695186,
    4.440892098501E-15));
#2082 = CARTESIAN_POINT('',(54.690407579989,22.900078258139,
    -2.6645352591E-15));
#2083 = CARTESIAN_POINT('',(54.801856609865,23.700584092594,0.));
#2084 = PCURVE('',#295,#2085);
#2085 = DEFINITIONAL_REPRESENTATION('',(#2086),#2092);
#2086 = B_SPLINE_CURVE_WITH_KNOTS('',4,(#2087,#2088,#2089,#2090,#2091),
  .UNSPECIFIED.,.F.,.F.,(5,5),(360.73838210849,365.33312585007),
  .PIECEWISE_BEZIER_KNOTS.);
#2087 = CARTESIAN_POINT('',(54.588658988965,20.42543867133));
#2088 = CARTESIAN_POINT('',(54.588658988965,21.280358517233));
#2089 = CARTESIAN_POINT('',(54.620882310199,22.100712695186));
#2090 = CARTESIAN_POINT('',(54.690407579989,22.900078258139));
#2091 = CARTESIAN_POINT('',(54.801856609865,23.700584092594));
#2092 = ( GEOMETRIC_REPRESENTATION_CONTEXT(2) 
PARAMETRIC_REPRESENTATION_CONTEXT() REPRESENTATION_CONTEXT('2D SPACE',''
  ) );
#2093 = PCURVE('',#1540,#2094);
#2094 = DEFINITIONAL_REPRESENTATION('',(#2095),#2099);
#2095 = LINE('',#2096,#2097);
#2096 = CARTESIAN_POINT('',(4.594743741582,0.));
#2097 = VECTOR('',#2098,1.);
#2098 = DIRECTION('',(0.,1.));
#2099 = ( GEOMETRIC_REPRESENTATION_CONTEXT(2) 
PARAMETRIC_REPRESENTATION_CONTEXT() REPRESENTATION_CONTEXT('2D SPACE',''
  ) );
#2100 = ORIENTED_EDGE('',*,*,#1562,.T.);
#2101 = ORIENTED_EDGE('',*,*,#277,.T.);
#2102 = ADVANCED_FACE('',(#2103),#434,.T.);
#2103 = FACE_BOUND('',#2104,.T.);
#2104 = EDGE_LOOP('',(#2105,#2106,#2107,#2126));
#2105 = ORIENTED_EDGE('',*,*,#421,.T.);
#2106 = ORIENTED_EDGE('',*,*,#1604,.T.);
#2107 = ORIENTED_EDGE('',*,*,#2108,.F.);
#2108 = EDGE_CURVE('',#477,#1605,#2109,.T.);
#2109 = SURFACE_CURVE('',#2110,(#2114,#2120),.PCURVE_S1.);
#2110 = ( BOUNDED_CURVE() B_SPLINE_CURVE(2,(#2111,#2112,#2113),
.UNSPECIFIED.,.F.,.F.) B_SPLINE_CURVE_WITH_KNOTS((3,3),(0.,
29.922136762787),.PIECEWISE_BEZIER_KNOTS.) CURVE() 
GEOMETRIC_REPRESENTATION_ITEM() RATIONAL_B_SPLINE_CURVE((1.,
0.888433751603,1.)) REPRESENTATION_ITEM('') );
#2111 = CARTESIAN_POINT('',(-70.90094214373,26.326380815064,
    8.427418760474));
#2112 = CARTESIAN_POINT('',(-65.,25.363924002974,8.881784197001E-16));
#2113 = CARTESIAN_POINT('',(-54.80185660986,23.700584092594,0.));
#2114 = PCURVE('',#434,#2115);
#2115 = DEFINITIONAL_REPRESENTATION('',(#2116),#2119);
#2116 = B_SPLINE_CURVE_WITH_KNOTS('',1,(#2117,#2118),.UNSPECIFIED.,.F.,
  .F.,(2,2),(0.,29.922136762787),.PIECEWISE_BEZIER_KNOTS.);
#2117 = CARTESIAN_POINT('',(0.,115.36775784702));
#2118 = CARTESIAN_POINT('',(29.922136762787,115.36775784702));
#2119 = ( GEOMETRIC_REPRESENTATION_CONTEXT(2) 
PARAMETRIC_REPRESENTATION_CONTEXT() REPRESENTATION_CONTEXT('2D SPACE',''
  ) );
#2120 = PCURVE('',#1661,#2121);
#2121 = DEFINITIONAL_REPRESENTATION('',(#2122),#2125);
#2122 = B_SPLINE_CURVE_WITH_KNOTS('',1,(#2123,#2124),.UNSPECIFIED.,.F.,
  .F.,(2,2),(0.,29.922136762787),.PIECEWISE_BEZIER_KNOTS.);
#2123 = CARTESIAN_POINT('',(0.,115.36775784702));
#2124 = CARTESIAN_POINT('',(4.594743741582,115.36775784702));
#2125 = ( GEOMETRIC_REPRESENTATION_CONTEXT(2) 
PARAMETRIC_REPRESENTATION_CONTEXT() REPRESENTATION_CONTEXT('2D SPACE',''
  ) );
#2126 = ORIENTED_EDGE('',*,*,#476,.F.);
#2127 = ADVANCED_FACE('',(#2128),#655,.F.);
#2128 = FACE_BOUND('',#2129,.T.);
#2129 = EDGE_LOOP('',(#2130,#2131));
#2130 = ORIENTED_EDGE('',*,*,#962,.F.);
#2131 = ORIENTED_EDGE('',*,*,#571,.T.);
#2132 = ADVANCED_FACE('',(#2133),#529,.F.);
#2133 = FACE_BOUND('',#2134,.F.);
#2134 = EDGE_LOOP('',(#2135,#2162,#2163,#2164,#2187,#2214));
#2135 = ORIENTED_EDGE('',*,*,#2136,.F.);
#2136 = EDGE_CURVE('',#477,#2137,#2139,.T.);
#2137 = VERTEX_POINT('',#2138);
#2138 = CARTESIAN_POINT('',(-70.97169987474,20.42543867133,
    8.528471272979));
#2139 = SURFACE_CURVE('',#2140,(#2146,#2155),.PCURVE_S1.);
#2140 = ( BOUNDED_CURVE() B_SPLINE_CURVE(4,(#2141,#2142,#2143,#2144,
#2145),.UNSPECIFIED.,.F.,.F.) B_SPLINE_CURVE_WITH_KNOTS((5,5),(
115.36775784702,119.96250158861),.PIECEWISE_BEZIER_KNOTS.) CURVE() 
GEOMETRIC_REPRESENTATION_ITEM() RATIONAL_B_SPLINE_CURVE((1.,1.,1.,1.,1.)
) REPRESENTATION_ITEM('') );
#2141 = CARTESIAN_POINT('',(-70.90094214373,26.326380815064,
    8.427418760474));
#2142 = CARTESIAN_POINT('',(-70.93825657078,24.848653215212,
    8.480709285086));
#2143 = CARTESIAN_POINT('',(-70.96108793914,23.380995583329,
    8.513315858307));
#2144 = CARTESIAN_POINT('',(-70.97169987474,21.909906548228,
    8.528471272979));
#2145 = CARTESIAN_POINT('',(-70.97169987474,20.42543867133,
    8.528471272979));
#2146 = PCURVE('',#529,#2147);
#2147 = DEFINITIONAL_REPRESENTATION('',(#2148),#2154);
#2148 = B_SPLINE_CURVE_WITH_KNOTS('',4,(#2149,#2150,#2151,#2152,#2153),
  .UNSPECIFIED.,.F.,.F.,(5,5),(115.36775784702,119.96250158861),
  .PIECEWISE_BEZIER_KNOTS.);
#2149 = CARTESIAN_POINT('',(18.673619184936,-10.28797867163));
#2150 = CARTESIAN_POINT('',(20.151346784788,-10.3530343899));
#2151 = CARTESIAN_POINT('',(21.619004416671,-10.39283966592));
#2152 = CARTESIAN_POINT('',(23.090093451772,-10.41134101103));
#2153 = CARTESIAN_POINT('',(24.57456132867,-10.41134101103));
#2154 = ( GEOMETRIC_REPRESENTATION_CONTEXT(2) 
PARAMETRIC_REPRESENTATION_CONTEXT() REPRESENTATION_CONTEXT('2D SPACE',''
  ) );
#2155 = PCURVE('',#1661,#2156);
#2156 = DEFINITIONAL_REPRESENTATION('',(#2157),#2161);
#2157 = LINE('',#2158,#2159);
#2158 = CARTESIAN_POINT('',(0.,0.));
#2159 = VECTOR('',#2160,1.);
#2160 = DIRECTION('',(0.,1.));
#2161 = ( GEOMETRIC_REPRESENTATION_CONTEXT(2) 
PARAMETRIC_REPRESENTATION_CONTEXT() REPRESENTATION_CONTEXT('2D SPACE',''
  ) );
#2162 = ORIENTED_EDGE('',*,*,#513,.T.);
#2163 = ORIENTED_EDGE('',*,*,#1315,.T.);
#2164 = ORIENTED_EDGE('',*,*,#2165,.F.);
#2165 = EDGE_CURVE('',#2166,#1286,#2168,.T.);
#2166 = VERTEX_POINT('',#2167);
#2167 = CARTESIAN_POINT('',(-70.90094214373,-26.32638081506,
    8.427418760474));
#2168 = SURFACE_CURVE('',#2169,(#2173,#2180),.PCURVE_S1.);
#2169 = LINE('',#2170,#2171);
#2170 = CARTESIAN_POINT('',(-71.0834043946,-26.50884306593,
    8.688001860366));
#2171 = VECTOR('',#2172,1.);
#2172 = DIRECTION('',(-0.497542812165,-0.497542812165,0.710564775462));
#2173 = PCURVE('',#529,#2174);
#2174 = DEFINITIONAL_REPRESENTATION('',(#2175),#2179);
#2175 = LINE('',#2176,#2177);
#2176 = CARTESIAN_POINT('',(71.508843065938,-10.60609189824));
#2177 = VECTOR('',#2178,1.);
#2178 = DIRECTION('',(0.497542812165,-0.867439421553));
#2179 = ( GEOMETRIC_REPRESENTATION_CONTEXT(2) 
PARAMETRIC_REPRESENTATION_CONTEXT() REPRESENTATION_CONTEXT('2D SPACE',''
  ) );
#2180 = PCURVE('',#1238,#2181);
#2181 = DEFINITIONAL_REPRESENTATION('',(#2182),#2186);
#2182 = LINE('',#2183,#2184);
#2183 = CARTESIAN_POINT('',(0.,0.));
#2184 = VECTOR('',#2185,1.);
#2185 = DIRECTION('',(0.,1.));
#2186 = ( GEOMETRIC_REPRESENTATION_CONTEXT(2) 
PARAMETRIC_REPRESENTATION_CONTEXT() REPRESENTATION_CONTEXT('2D SPACE',''
  ) );
#2187 = ORIENTED_EDGE('',*,*,#2188,.F.);
#2188 = EDGE_CURVE('',#2189,#2166,#2191,.T.);
#2189 = VERTEX_POINT('',#2190);
#2190 = CARTESIAN_POINT('',(-70.97169987474,-20.42543867133,
    8.528471272979));
#2191 = SURFACE_CURVE('',#2192,(#2198,#2207),.PCURVE_S1.);
#2192 = ( BOUNDED_CURVE() B_SPLINE_CURVE(4,(#2193,#2194,#2195,#2196,
#2197),.UNSPECIFIED.,.F.,.F.) B_SPLINE_CURVE_WITH_KNOTS((5,5),(
160.81337893127,165.40812267285),.PIECEWISE_BEZIER_KNOTS.) CURVE() 
GEOMETRIC_REPRESENTATION_ITEM() RATIONAL_B_SPLINE_CURVE((1.,1.,1.,1.,1.)
) REPRESENTATION_ITEM('') );
#2193 = CARTESIAN_POINT('',(-70.97169987474,-20.42543867133,
    8.528471272979));
#2194 = CARTESIAN_POINT('',(-70.97169987474,-21.90990654822,
    8.528471272979));
#2195 = CARTESIAN_POINT('',(-70.96108793914,-23.38099558332,
    8.513315858308));
#2196 = CARTESIAN_POINT('',(-70.93825657078,-24.84865321521,
    8.480709285086));
#2197 = CARTESIAN_POINT('',(-70.90094214373,-26.32638081506,
    8.427418760474));
#2198 = PCURVE('',#529,#2199);
#2199 = DEFINITIONAL_REPRESENTATION('',(#2200),#2206);
#2200 = B_SPLINE_CURVE_WITH_KNOTS('',4,(#2201,#2202,#2203,#2204,#2205),
  .UNSPECIFIED.,.F.,.F.,(5,5),(160.81337893127,165.40812267285),
  .PIECEWISE_BEZIER_KNOTS.);
#2201 = CARTESIAN_POINT('',(65.42543867133,-10.41134101103));
#2202 = CARTESIAN_POINT('',(66.909906548227,-10.41134101103));
#2203 = CARTESIAN_POINT('',(68.380995583329,-10.39283966592));
#2204 = CARTESIAN_POINT('',(69.848653215212,-10.3530343899));
#2205 = CARTESIAN_POINT('',(71.326380815064,-10.28797867163));
#2206 = ( GEOMETRIC_REPRESENTATION_CONTEXT(2) 
PARAMETRIC_REPRESENTATION_CONTEXT() REPRESENTATION_CONTEXT('2D SPACE',''
  ) );
#2207 = PCURVE('',#1732,#2208);
#2208 = DEFINITIONAL_REPRESENTATION('',(#2209),#2213);
#2209 = LINE('',#2210,#2211);
#2210 = CARTESIAN_POINT('',(0.,0.));
#2211 = VECTOR('',#2212,1.);
#2212 = DIRECTION('',(0.,1.));
#2213 = ( GEOMETRIC_REPRESENTATION_CONTEXT(2) 
PARAMETRIC_REPRESENTATION_CONTEXT() REPRESENTATION_CONTEXT('2D SPACE',''
  ) );
#2214 = ORIENTED_EDGE('',*,*,#2215,.F.);
#2215 = EDGE_CURVE('',#2137,#2189,#2216,.T.);
#2216 = SURFACE_CURVE('',#2217,(#2221,#2228),.PCURVE_S1.);
#2217 = LINE('',#2218,#2219);
#2218 = CARTESIAN_POINT('',(-70.97169987474,20.42543867133,
    8.528471272979));
#2219 = VECTOR('',#2220,1.);
#2220 = DIRECTION('',(0.,-1.,0.));
#2221 = PCURVE('',#529,#2222);
#2222 = DEFINITIONAL_REPRESENTATION('',(#2223),#2227);
#2223 = LINE('',#2224,#2225);
#2224 = CARTESIAN_POINT('',(24.57456132867,-10.41134101103));
#2225 = VECTOR('',#2226,1.);
#2226 = DIRECTION('',(1.,0.));
#2227 = ( GEOMETRIC_REPRESENTATION_CONTEXT(2) 
PARAMETRIC_REPRESENTATION_CONTEXT() REPRESENTATION_CONTEXT('2D SPACE',''
  ) );
#2228 = PCURVE('',#1700,#2229);
#2229 = DEFINITIONAL_REPRESENTATION('',(#2230),#2234);
#2230 = LINE('',#2231,#2232);
#2231 = CARTESIAN_POINT('',(0.,0.));
#2232 = VECTOR('',#2233,1.);
#2233 = DIRECTION('',(0.,1.));
#2234 = ( GEOMETRIC_REPRESENTATION_CONTEXT(2) 
PARAMETRIC_REPRESENTATION_CONTEXT() REPRESENTATION_CONTEXT('2D SPACE',''
  ) );
#2235 = ADVANCED_FACE('',(#2236),#750,.F.);
#2236 = FACE_BOUND('',#2237,.F.);
#2237 = EDGE_LOOP('',(#2238,#2261,#2289,#2310));
#2238 = ORIENTED_EDGE('',*,*,#2239,.T.);
#2239 = EDGE_CURVE('',#733,#2240,#2242,.T.);
#2240 = VERTEX_POINT('',#2241);
#2241 = CARTESIAN_POINT('',(73.506550605082,75.50726382124,35.));
#2242 = SURFACE_CURVE('',#2243,(#2247,#2254),.PCURVE_S1.);
#2243 = LINE('',#2244,#2245);
#2244 = CARTESIAN_POINT('',(73.506550605082,75.50726382124,32.));
#2245 = VECTOR('',#2246,1.);
#2246 = DIRECTION('',(0.,0.,1.));
#2247 = PCURVE('',#750,#2248);
#2248 = DEFINITIONAL_REPRESENTATION('',(#2249),#2253);
#2249 = LINE('',#2250,#2251);
#2250 = CARTESIAN_POINT('',(-8.526512829121E-14,0.));
#2251 = VECTOR('',#2252,1.);
#2252 = DIRECTION('',(0.,-1.));
#2253 = ( GEOMETRIC_REPRESENTATION_CONTEXT(2) 
PARAMETRIC_REPRESENTATION_CONTEXT() REPRESENTATION_CONTEXT('2D SPACE',''
  ) );
#2254 = PCURVE('',#948,#2255);
#2255 = DEFINITIONAL_REPRESENTATION('',(#2256),#2260);
#2256 = LINE('',#2257,#2258);
#2257 = CARTESIAN_POINT('',(-1.570828746524,0.));
#2258 = VECTOR('',#2259,1.);
#2259 = DIRECTION('',(-0.,-1.));
#2260 = ( GEOMETRIC_REPRESENTATION_CONTEXT(2) 
PARAMETRIC_REPRESENTATION_CONTEXT() REPRESENTATION_CONTEXT('2D SPACE',''
  ) );
#2261 = ORIENTED_EDGE('',*,*,#2262,.T.);
#2262 = EDGE_CURVE('',#2240,#2263,#2265,.T.);
#2263 = VERTEX_POINT('',#2264);
#2264 = CARTESIAN_POINT('',(-73.5087163802,75.507263793559,35.));
#2265 = SURFACE_CURVE('',#2266,(#2270,#2277),.PCURVE_S1.);
#2266 = LINE('',#2267,#2268);
#2267 = CARTESIAN_POINT('',(73.506550605082,75.50726382389,35.));
#2268 = VECTOR('',#2269,1.);
#2269 = DIRECTION('',(-1.,-1.255241072318E-10,0.));
#2270 = PCURVE('',#750,#2271);
#2271 = DEFINITIONAL_REPRESENTATION('',(#2272),#2276);
#2272 = LINE('',#2273,#2274);
#2273 = CARTESIAN_POINT('',(0.,-3.));
#2274 = VECTOR('',#2275,1.);
#2275 = DIRECTION('',(1.,0.));
#2276 = ( GEOMETRIC_REPRESENTATION_CONTEXT(2) 
PARAMETRIC_REPRESENTATION_CONTEXT() REPRESENTATION_CONTEXT('2D SPACE',''
  ) );
#2277 = PCURVE('',#2278,#2283);
#2278 = PLANE('',#2279);
#2279 = AXIS2_PLACEMENT_3D('',#2280,#2281,#2282);
#2280 = CARTESIAN_POINT('',(-1.789865035514E-05,2.014741506072E-05,35.)
  );
#2281 = DIRECTION('',(0.,0.,1.));
#2282 = DIRECTION('',(1.,0.,-0.));
#2283 = DEFINITIONAL_REPRESENTATION('',(#2284),#2288);
#2284 = LINE('',#2285,#2286);
#2285 = CARTESIAN_POINT('',(73.506568503732,75.507243676474));
#2286 = VECTOR('',#2287,1.);
#2287 = DIRECTION('',(-1.,-1.255241072318E-10));
#2288 = ( GEOMETRIC_REPRESENTATION_CONTEXT(2) 
PARAMETRIC_REPRESENTATION_CONTEXT() REPRESENTATION_CONTEXT('2D SPACE',''
  ) );
#2289 = ORIENTED_EDGE('',*,*,#2290,.F.);
#2290 = EDGE_CURVE('',#735,#2263,#2291,.T.);
#2291 = SURFACE_CURVE('',#2292,(#2296,#2303),.PCURVE_S1.);
#2292 = LINE('',#2293,#2294);
#2293 = CARTESIAN_POINT('',(-73.5087163802,75.507263793559,32.));
#2294 = VECTOR('',#2295,1.);
#2295 = DIRECTION('',(0.,0.,1.));
#2296 = PCURVE('',#750,#2297);
#2297 = DEFINITIONAL_REPRESENTATION('',(#2298),#2302);
#2298 = LINE('',#2299,#2300);
#2299 = CARTESIAN_POINT('',(147.01526698528,0.));
#2300 = VECTOR('',#2301,1.);
#2301 = DIRECTION('',(0.,-1.));
#2302 = ( GEOMETRIC_REPRESENTATION_CONTEXT(2) 
PARAMETRIC_REPRESENTATION_CONTEXT() REPRESENTATION_CONTEXT('2D SPACE',''
  ) );
#2303 = PCURVE('',#779,#2304);
#2304 = DEFINITIONAL_REPRESENTATION('',(#2305),#2309);
#2305 = LINE('',#2306,#2307);
#2306 = CARTESIAN_POINT('',(-1.570862351849,0.));
#2307 = VECTOR('',#2308,1.);
#2308 = DIRECTION('',(-0.,-1.));
#2309 = ( GEOMETRIC_REPRESENTATION_CONTEXT(2) 
PARAMETRIC_REPRESENTATION_CONTEXT() REPRESENTATION_CONTEXT('2D SPACE',''
  ) );
#2310 = ORIENTED_EDGE('',*,*,#732,.F.);
#2311 = ADVANCED_FACE('',(#2312),#948,.T.);
#2312 = FACE_BOUND('',#2313,.F.);
#2313 = EDGE_LOOP('',(#2314,#2337,#2359,#2360));
#2314 = ORIENTED_EDGE('',*,*,#2315,.T.);
#2315 = EDGE_CURVE('',#906,#2316,#2318,.T.);
#2316 = VERTEX_POINT('',#2317);
#2317 = CARTESIAN_POINT('',(95.507263828663,53.508053176417,35.));
#2318 = SURFACE_CURVE('',#2319,(#2323,#2330),.PCURVE_S1.);
#2319 = LINE('',#2320,#2321);
#2320 = CARTESIAN_POINT('',(95.507263828663,53.508053176417,32.));
#2321 = VECTOR('',#2322,1.);
#2322 = DIRECTION('',(0.,0.,1.));
#2323 = PCURVE('',#948,#2324);
#2324 = DEFINITIONAL_REPRESENTATION('',(#2325),#2329);
#2325 = LINE('',#2326,#2327);
#2326 = CARTESIAN_POINT('',(-3.58793757038E-05,0.));
#2327 = VECTOR('',#2328,1.);
#2328 = DIRECTION('',(-0.,-1.));
#2329 = ( GEOMETRIC_REPRESENTATION_CONTEXT(2) 
PARAMETRIC_REPRESENTATION_CONTEXT() REPRESENTATION_CONTEXT('2D SPACE',''
  ) );
#2330 = PCURVE('',#921,#2331);
#2331 = DEFINITIONAL_REPRESENTATION('',(#2332),#2336);
#2332 = LINE('',#2333,#2334);
#2333 = CARTESIAN_POINT('',(107.01426135976,0.));
#2334 = VECTOR('',#2335,1.);
#2335 = DIRECTION('',(0.,-1.));
#2336 = ( GEOMETRIC_REPRESENTATION_CONTEXT(2) 
PARAMETRIC_REPRESENTATION_CONTEXT() REPRESENTATION_CONTEXT('2D SPACE',''
  ) );
#2337 = ORIENTED_EDGE('',*,*,#2338,.T.);
#2338 = EDGE_CURVE('',#2316,#2240,#2339,.T.);
#2339 = SURFACE_CURVE('',#2340,(#2345,#2352),.PCURVE_S1.);
#2340 = CIRCLE('',#2341,22.);
#2341 = AXIS2_PLACEMENT_3D('',#2342,#2343,#2344);
#2342 = CARTESIAN_POINT('',(73.507263839129,53.507263830151,35.));
#2343 = DIRECTION('',(0.,0.,1.));
#2344 = DIRECTION('',(1.,0.,-0.));
#2345 = PCURVE('',#948,#2346);
#2346 = DEFINITIONAL_REPRESENTATION('',(#2347),#2351);
#2347 = LINE('',#2348,#2349);
#2348 = CARTESIAN_POINT('',(-0.,-3.));
#2349 = VECTOR('',#2350,1.);
#2350 = DIRECTION('',(-1.,0.));
#2351 = ( GEOMETRIC_REPRESENTATION_CONTEXT(2) 
PARAMETRIC_REPRESENTATION_CONTEXT() REPRESENTATION_CONTEXT('2D SPACE',''
  ) );
#2352 = PCURVE('',#2278,#2353);
#2353 = DEFINITIONAL_REPRESENTATION('',(#2354),#2358);
#2354 = CIRCLE('',#2355,22.);
#2355 = AXIS2_PLACEMENT_2D('',#2356,#2357);
#2356 = CARTESIAN_POINT('',(73.507281737779,53.507243682736));
#2357 = DIRECTION('',(1.,0.));
#2358 = ( GEOMETRIC_REPRESENTATION_CONTEXT(2) 
PARAMETRIC_REPRESENTATION_CONTEXT() REPRESENTATION_CONTEXT('2D SPACE',''
  ) );
#2359 = ORIENTED_EDGE('',*,*,#2239,.F.);
#2360 = ORIENTED_EDGE('',*,*,#933,.F.);
#2361 = ADVANCED_FACE('',(#2362),#779,.T.);
#2362 = FACE_BOUND('',#2363,.F.);
#2363 = EDGE_LOOP('',(#2364,#2365,#2389,#2410));
#2364 = ORIENTED_EDGE('',*,*,#2290,.T.);
#2365 = ORIENTED_EDGE('',*,*,#2366,.T.);
#2366 = EDGE_CURVE('',#2263,#2367,#2369,.T.);
#2367 = VERTEX_POINT('',#2368);
#2368 = CARTESIAN_POINT('',(-95.50726379535,53.508667197318,35.));
#2369 = SURFACE_CURVE('',#2370,(#2375,#2382),.PCURVE_S1.);
#2370 = CIRCLE('',#2371,22.);
#2371 = AXIS2_PLACEMENT_3D('',#2372,#2373,#2374);
#2372 = CARTESIAN_POINT('',(-73.507263829,53.507263829634,35.));
#2373 = DIRECTION('',(0.,0.,1.));
#2374 = DIRECTION('',(1.,0.,-0.));
#2375 = PCURVE('',#779,#2376);
#2376 = DEFINITIONAL_REPRESENTATION('',(#2377),#2381);
#2377 = LINE('',#2378,#2379);
#2378 = CARTESIAN_POINT('',(-0.,-3.));
#2379 = VECTOR('',#2380,1.);
#2380 = DIRECTION('',(-1.,0.));
#2381 = ( GEOMETRIC_REPRESENTATION_CONTEXT(2) 
PARAMETRIC_REPRESENTATION_CONTEXT() REPRESENTATION_CONTEXT('2D SPACE',''
  ) );
#2382 = PCURVE('',#2278,#2383);
#2383 = DEFINITIONAL_REPRESENTATION('',(#2384),#2388);
#2384 = CIRCLE('',#2385,22.);
#2385 = AXIS2_PLACEMENT_2D('',#2386,#2387);
#2386 = CARTESIAN_POINT('',(-73.50724593035,53.507243682219));
#2387 = DIRECTION('',(1.,0.));
#2388 = ( GEOMETRIC_REPRESENTATION_CONTEXT(2) 
PARAMETRIC_REPRESENTATION_CONTEXT() REPRESENTATION_CONTEXT('2D SPACE',''
  ) );
#2389 = ORIENTED_EDGE('',*,*,#2390,.F.);
#2390 = EDGE_CURVE('',#763,#2367,#2391,.T.);
#2391 = SURFACE_CURVE('',#2392,(#2396,#2403),.PCURVE_S1.);
#2392 = LINE('',#2393,#2394);
#2393 = CARTESIAN_POINT('',(-95.50726379535,53.508667197318,32.));
#2394 = VECTOR('',#2395,1.);
#2395 = DIRECTION('',(0.,0.,1.));
#2396 = PCURVE('',#779,#2397);
#2397 = DEFINITIONAL_REPRESENTATION('',(#2398),#2402);
#2398 = LINE('',#2399,#2400);
#2399 = CARTESIAN_POINT('',(-3.14152886415,0.));
#2400 = VECTOR('',#2401,1.);
#2401 = DIRECTION('',(-0.,-1.));
#2402 = ( GEOMETRIC_REPRESENTATION_CONTEXT(2) 
PARAMETRIC_REPRESENTATION_CONTEXT() REPRESENTATION_CONTEXT('2D SPACE',''
  ) );
#2403 = PCURVE('',#807,#2404);
#2404 = DEFINITIONAL_REPRESENTATION('',(#2405),#2409);
#2405 = LINE('',#2406,#2407);
#2406 = CARTESIAN_POINT('',(7.105427357601E-13,0.));
#2407 = VECTOR('',#2408,1.);
#2408 = DIRECTION('',(0.,-1.));
#2409 = ( GEOMETRIC_REPRESENTATION_CONTEXT(2) 
PARAMETRIC_REPRESENTATION_CONTEXT() REPRESENTATION_CONTEXT('2D SPACE',''
  ) );
#2410 = ORIENTED_EDGE('',*,*,#762,.F.);
#2411 = ADVANCED_FACE('',(#2412),#921,.F.);
#2412 = FACE_BOUND('',#2413,.F.);
#2413 = EDGE_LOOP('',(#2414,#2437,#2458,#2459));
#2414 = ORIENTED_EDGE('',*,*,#2415,.T.);
#2415 = EDGE_CURVE('',#877,#2416,#2418,.T.);
#2416 = VERTEX_POINT('',#2417);
#2417 = CARTESIAN_POINT('',(95.507263820062,-53.50620818335,35.));
#2418 = SURFACE_CURVE('',#2419,(#2423,#2430),.PCURVE_S1.);
#2419 = LINE('',#2420,#2421);
#2420 = CARTESIAN_POINT('',(95.507263820062,-53.50620818335,32.));
#2421 = VECTOR('',#2422,1.);
#2422 = DIRECTION('',(0.,0.,1.));
#2423 = PCURVE('',#921,#2424);
#2424 = DEFINITIONAL_REPRESENTATION('',(#2425),#2429);
#2425 = LINE('',#2426,#2427);
#2426 = CARTESIAN_POINT('',(-3.19744231092E-13,0.));
#2427 = VECTOR('',#2428,1.);
#2428 = DIRECTION('',(0.,-1.));
#2429 = ( GEOMETRIC_REPRESENTATION_CONTEXT(2) 
PARAMETRIC_REPRESENTATION_CONTEXT() REPRESENTATION_CONTEXT('2D SPACE',''
  ) );
#2430 = PCURVE('',#893,#2431);
#2431 = DEFINITIONAL_REPRESENTATION('',(#2432),#2436);
#2432 = LINE('',#2433,#2434);
#2433 = CARTESIAN_POINT('',(-6.283233291452,0.));
#2434 = VECTOR('',#2435,1.);
#2435 = DIRECTION('',(-0.,-1.));
#2436 = ( GEOMETRIC_REPRESENTATION_CONTEXT(2) 
PARAMETRIC_REPRESENTATION_CONTEXT() REPRESENTATION_CONTEXT('2D SPACE',''
  ) );
#2437 = ORIENTED_EDGE('',*,*,#2438,.T.);
#2438 = EDGE_CURVE('',#2416,#2316,#2439,.T.);
#2439 = SURFACE_CURVE('',#2440,(#2444,#2451),.PCURVE_S1.);
#2440 = LINE('',#2441,#2442);
#2441 = CARTESIAN_POINT('',(95.507263826624,-53.50620818335,35.));
#2442 = VECTOR('',#2443,1.);
#2443 = DIRECTION('',(5.357920284844E-11,1.,0.));
#2444 = PCURVE('',#921,#2445);
#2445 = DEFINITIONAL_REPRESENTATION('',(#2446),#2450);
#2446 = LINE('',#2447,#2448);
#2447 = CARTESIAN_POINT('',(0.,-3.));
#2448 = VECTOR('',#2449,1.);
#2449 = DIRECTION('',(1.,0.));
#2450 = ( GEOMETRIC_REPRESENTATION_CONTEXT(2) 
PARAMETRIC_REPRESENTATION_CONTEXT() REPRESENTATION_CONTEXT('2D SPACE',''
  ) );
#2451 = PCURVE('',#2278,#2452);
#2452 = DEFINITIONAL_REPRESENTATION('',(#2453),#2457);
#2453 = LINE('',#2454,#2455);
#2454 = CARTESIAN_POINT('',(95.507281725274,-53.50622833076));
#2455 = VECTOR('',#2456,1.);
#2456 = DIRECTION('',(5.357920284844E-11,1.));
#2457 = ( GEOMETRIC_REPRESENTATION_CONTEXT(2) 
PARAMETRIC_REPRESENTATION_CONTEXT() REPRESENTATION_CONTEXT('2D SPACE',''
  ) );
#2458 = ORIENTED_EDGE('',*,*,#2315,.F.);
#2459 = ORIENTED_EDGE('',*,*,#905,.F.);
#2460 = ADVANCED_FACE('',(#2461),#807,.F.);
#2461 = FACE_BOUND('',#2462,.F.);
#2462 = EDGE_LOOP('',(#2463,#2464,#2487,#2508));
#2463 = ORIENTED_EDGE('',*,*,#2390,.T.);
#2464 = ORIENTED_EDGE('',*,*,#2465,.T.);
#2465 = EDGE_CURVE('',#2367,#2466,#2468,.T.);
#2466 = VERTEX_POINT('',#2467);
#2467 = CARTESIAN_POINT('',(-95.50726382137,-53.50659721773,35.));
#2468 = SURFACE_CURVE('',#2469,(#2473,#2480),.PCURVE_S1.);
#2469 = LINE('',#2470,#2471);
#2470 = CARTESIAN_POINT('',(-95.50726380645,53.508667197318,35.));
#2471 = VECTOR('',#2472,1.);
#2472 = DIRECTION('',(-1.621463612984E-10,-1.,0.));
#2473 = PCURVE('',#807,#2474);
#2474 = DEFINITIONAL_REPRESENTATION('',(#2475),#2479);
#2475 = LINE('',#2476,#2477);
#2476 = CARTESIAN_POINT('',(0.,-3.));
#2477 = VECTOR('',#2478,1.);
#2478 = DIRECTION('',(1.,0.));
#2479 = ( GEOMETRIC_REPRESENTATION_CONTEXT(2) 
PARAMETRIC_REPRESENTATION_CONTEXT() REPRESENTATION_CONTEXT('2D SPACE',''
  ) );
#2480 = PCURVE('',#2278,#2481);
#2481 = DEFINITIONAL_REPRESENTATION('',(#2482),#2486);
#2482 = LINE('',#2483,#2484);
#2483 = CARTESIAN_POINT('',(-95.5072459078,53.508647049903));
#2484 = VECTOR('',#2485,1.);
#2485 = DIRECTION('',(-1.621463612984E-10,-1.));
#2486 = ( GEOMETRIC_REPRESENTATION_CONTEXT(2) 
PARAMETRIC_REPRESENTATION_CONTEXT() REPRESENTATION_CONTEXT('2D SPACE',''
  ) );
#2487 = ORIENTED_EDGE('',*,*,#2488,.F.);
#2488 = EDGE_CURVE('',#792,#2466,#2489,.T.);
#2489 = SURFACE_CURVE('',#2490,(#2494,#2501),.PCURVE_S1.);
#2490 = LINE('',#2491,#2492);
#2491 = CARTESIAN_POINT('',(-95.50726382137,-53.50659721773,32.));
#2492 = VECTOR('',#2493,1.);
#2493 = DIRECTION('',(0.,0.,1.));
#2494 = PCURVE('',#807,#2495);
#2495 = DEFINITIONAL_REPRESENTATION('',(#2496),#2500);
#2496 = LINE('',#2497,#2498);
#2497 = CARTESIAN_POINT('',(107.01526441505,0.));
#2498 = VECTOR('',#2499,1.);
#2499 = DIRECTION('',(0.,-1.));
#2500 = ( GEOMETRIC_REPRESENTATION_CONTEXT(2) 
PARAMETRIC_REPRESENTATION_CONTEXT() REPRESENTATION_CONTEXT('2D SPACE',''
  ) );
#2501 = PCURVE('',#836,#2502);
#2502 = DEFINITIONAL_REPRESENTATION('',(#2503),#2507);
#2503 = LINE('',#2504,#2505);
#2504 = CARTESIAN_POINT('',(-3.141562352699,0.));
#2505 = VECTOR('',#2506,1.);
#2506 = DIRECTION('',(-0.,-1.));
#2507 = ( GEOMETRIC_REPRESENTATION_CONTEXT(2) 
PARAMETRIC_REPRESENTATION_CONTEXT() REPRESENTATION_CONTEXT('2D SPACE',''
  ) );
#2508 = ORIENTED_EDGE('',*,*,#791,.F.);
#2509 = ADVANCED_FACE('',(#2510),#893,.T.);
#2510 = FACE_BOUND('',#2511,.F.);
#2511 = EDGE_LOOP('',(#2512,#2535,#2557,#2558));
#2512 = ORIENTED_EDGE('',*,*,#2513,.T.);
#2513 = EDGE_CURVE('',#849,#2514,#2516,.T.);
#2514 = VERTEX_POINT('',#2515);
#2515 = CARTESIAN_POINT('',(73.507351514036,-75.50726383718,35.));
#2516 = SURFACE_CURVE('',#2517,(#2521,#2528),.PCURVE_S1.);
#2517 = LINE('',#2518,#2519);
#2518 = CARTESIAN_POINT('',(73.507351514036,-75.50726383718,32.));
#2519 = VECTOR('',#2520,1.);
#2520 = DIRECTION('',(0.,0.,1.));
#2521 = PCURVE('',#893,#2522);
#2522 = DEFINITIONAL_REPRESENTATION('',(#2523),#2527);
#2523 = LINE('',#2524,#2525);
#2524 = CARTESIAN_POINT('',(-4.712392965621,0.));
#2525 = VECTOR('',#2526,1.);
#2526 = DIRECTION('',(-0.,-1.));
#2527 = ( GEOMETRIC_REPRESENTATION_CONTEXT(2) 
PARAMETRIC_REPRESENTATION_CONTEXT() REPRESENTATION_CONTEXT('2D SPACE',''
  ) );
#2528 = PCURVE('',#864,#2529);
#2529 = DEFINITIONAL_REPRESENTATION('',(#2530),#2534);
#2530 = LINE('',#2531,#2532);
#2531 = CARTESIAN_POINT('',(147.01465896706,0.));
#2532 = VECTOR('',#2533,1.);
#2533 = DIRECTION('',(0.,-1.));
#2534 = ( GEOMETRIC_REPRESENTATION_CONTEXT(2) 
PARAMETRIC_REPRESENTATION_CONTEXT() REPRESENTATION_CONTEXT('2D SPACE',''
  ) );
#2535 = ORIENTED_EDGE('',*,*,#2536,.T.);
#2536 = EDGE_CURVE('',#2514,#2416,#2537,.T.);
#2537 = SURFACE_CURVE('',#2538,(#2543,#2550),.PCURVE_S1.);
#2538 = CIRCLE('',#2539,22.);
#2539 = AXIS2_PLACEMENT_3D('',#2540,#2541,#2542);
#2540 = CARTESIAN_POINT('',(73.507263838828,-53.50726383734,35.));
#2541 = DIRECTION('',(0.,0.,1.));
#2542 = DIRECTION('',(1.,0.,-0.));
#2543 = PCURVE('',#893,#2544);
#2544 = DEFINITIONAL_REPRESENTATION('',(#2545),#2549);
#2545 = LINE('',#2546,#2547);
#2546 = CARTESIAN_POINT('',(-0.,-3.));
#2547 = VECTOR('',#2548,1.);
#2548 = DIRECTION('',(-1.,0.));
#2549 = ( GEOMETRIC_REPRESENTATION_CONTEXT(2) 
PARAMETRIC_REPRESENTATION_CONTEXT() REPRESENTATION_CONTEXT('2D SPACE',''
  ) );
#2550 = PCURVE('',#2278,#2551);
#2551 = DEFINITIONAL_REPRESENTATION('',(#2552),#2556);
#2552 = CIRCLE('',#2553,22.);
#2553 = AXIS2_PLACEMENT_2D('',#2554,#2555);
#2554 = CARTESIAN_POINT('',(73.507281737479,-53.50728398475));
#2555 = DIRECTION('',(1.,0.));
#2556 = ( GEOMETRIC_REPRESENTATION_CONTEXT(2) 
PARAMETRIC_REPRESENTATION_CONTEXT() REPRESENTATION_CONTEXT('2D SPACE',''
  ) );
#2557 = ORIENTED_EDGE('',*,*,#2415,.F.);
#2558 = ORIENTED_EDGE('',*,*,#876,.F.);
#2559 = ADVANCED_FACE('',(#2560),#836,.T.);
#2560 = FACE_BOUND('',#2561,.F.);
#2561 = EDGE_LOOP('',(#2562,#2563,#2587,#2608));
#2562 = ORIENTED_EDGE('',*,*,#2488,.T.);
#2563 = ORIENTED_EDGE('',*,*,#2564,.T.);
#2564 = EDGE_CURVE('',#2466,#2565,#2567,.T.);
#2565 = VERTEX_POINT('',#2566);
#2566 = CARTESIAN_POINT('',(-73.50730745303,-75.50726383728,35.));
#2567 = SURFACE_CURVE('',#2568,(#2573,#2580),.PCURVE_S1.);
#2568 = CIRCLE('',#2569,22.);
#2569 = AXIS2_PLACEMENT_3D('',#2570,#2571,#2572);
#2570 = CARTESIAN_POINT('',(-73.50726382905,-53.50726383734,35.));
#2571 = DIRECTION('',(0.,0.,1.));
#2572 = DIRECTION('',(1.,0.,-0.));
#2573 = PCURVE('',#836,#2574);
#2574 = DEFINITIONAL_REPRESENTATION('',(#2575),#2579);
#2575 = LINE('',#2576,#2577);
#2576 = CARTESIAN_POINT('',(-0.,-3.));
#2577 = VECTOR('',#2578,1.);
#2578 = DIRECTION('',(-1.,0.));
#2579 = ( GEOMETRIC_REPRESENTATION_CONTEXT(2) 
PARAMETRIC_REPRESENTATION_CONTEXT() REPRESENTATION_CONTEXT('2D SPACE',''
  ) );
#2580 = PCURVE('',#2278,#2581);
#2581 = DEFINITIONAL_REPRESENTATION('',(#2582),#2586);
#2582 = CIRCLE('',#2583,22.);
#2583 = AXIS2_PLACEMENT_2D('',#2584,#2585);
#2584 = CARTESIAN_POINT('',(-73.5072459304,-53.50728398475));
#2585 = DIRECTION('',(1.,0.));
#2586 = ( GEOMETRIC_REPRESENTATION_CONTEXT(2) 
PARAMETRIC_REPRESENTATION_CONTEXT() REPRESENTATION_CONTEXT('2D SPACE',''
  ) );
#2587 = ORIENTED_EDGE('',*,*,#2588,.F.);
#2588 = EDGE_CURVE('',#820,#2565,#2589,.T.);
#2589 = SURFACE_CURVE('',#2590,(#2594,#2601),.PCURVE_S1.);
#2590 = LINE('',#2591,#2592);
#2591 = CARTESIAN_POINT('',(-73.50730745303,-75.50726383728,32.));
#2592 = VECTOR('',#2593,1.);
#2593 = DIRECTION('',(0.,0.,1.));
#2594 = PCURVE('',#836,#2595);
#2595 = DEFINITIONAL_REPRESENTATION('',(#2596),#2600);
#2596 = LINE('',#2597,#2598);
#2597 = CARTESIAN_POINT('',(-4.712386997476,0.));
#2598 = VECTOR('',#2599,1.);
#2599 = DIRECTION('',(-0.,-1.));
#2600 = ( GEOMETRIC_REPRESENTATION_CONTEXT(2) 
PARAMETRIC_REPRESENTATION_CONTEXT() REPRESENTATION_CONTEXT('2D SPACE',''
  ) );
#2601 = PCURVE('',#864,#2602);
#2602 = DEFINITIONAL_REPRESENTATION('',(#2603),#2607);
#2603 = LINE('',#2604,#2605);
#2604 = CARTESIAN_POINT('',(0.,0.));
#2605 = VECTOR('',#2606,1.);
#2606 = DIRECTION('',(0.,-1.));
#2607 = ( GEOMETRIC_REPRESENTATION_CONTEXT(2) 
PARAMETRIC_REPRESENTATION_CONTEXT() REPRESENTATION_CONTEXT('2D SPACE',''
  ) );
#2608 = ORIENTED_EDGE('',*,*,#819,.F.);
#2609 = ADVANCED_FACE('',(#2610),#864,.F.);
#2610 = FACE_BOUND('',#2611,.F.);
#2611 = EDGE_LOOP('',(#2612,#2613,#2634,#2635));
#2612 = ORIENTED_EDGE('',*,*,#2588,.T.);
#2613 = ORIENTED_EDGE('',*,*,#2614,.T.);
#2614 = EDGE_CURVE('',#2565,#2514,#2615,.T.);
#2615 = SURFACE_CURVE('',#2616,(#2620,#2627),.PCURVE_S1.);
#2616 = LINE('',#2617,#2618);
#2617 = CARTESIAN_POINT('',(-73.50730745303,-75.50726383726,35.));
#2618 = VECTOR('',#2619,1.);
#2619 = DIRECTION('',(1.,4.471623059524E-13,0.));
#2620 = PCURVE('',#864,#2621);
#2621 = DEFINITIONAL_REPRESENTATION('',(#2622),#2626);
#2622 = LINE('',#2623,#2624);
#2623 = CARTESIAN_POINT('',(0.,-3.));
#2624 = VECTOR('',#2625,1.);
#2625 = DIRECTION('',(1.,0.));
#2626 = ( GEOMETRIC_REPRESENTATION_CONTEXT(2) 
PARAMETRIC_REPRESENTATION_CONTEXT() REPRESENTATION_CONTEXT('2D SPACE',''
  ) );
#2627 = PCURVE('',#2278,#2628);
#2628 = DEFINITIONAL_REPRESENTATION('',(#2629),#2633);
#2629 = LINE('',#2630,#2631);
#2630 = CARTESIAN_POINT('',(-73.50728955438,-75.50728398467));
#2631 = VECTOR('',#2632,1.);
#2632 = DIRECTION('',(1.,4.471623059524E-13));
#2633 = ( GEOMETRIC_REPRESENTATION_CONTEXT(2) 
PARAMETRIC_REPRESENTATION_CONTEXT() REPRESENTATION_CONTEXT('2D SPACE',''
  ) );
#2634 = ORIENTED_EDGE('',*,*,#2513,.F.);
#2635 = ORIENTED_EDGE('',*,*,#848,.F.);
#2636 = ADVANCED_FACE('',(#2637),#1238,.T.);
#2637 = FACE_BOUND('',#2638,.T.);
#2638 = EDGE_LOOP('',(#2639,#2640,#2677,#2698,#2699,#2822));
#2639 = ORIENTED_EDGE('',*,*,#2165,.F.);
#2640 = ORIENTED_EDGE('',*,*,#2641,.T.);
#2641 = EDGE_CURVE('',#2166,#2642,#2644,.T.);
#2642 = VERTEX_POINT('',#2643);
#2643 = CARTESIAN_POINT('',(-46.32638081506,-50.90094214373,
    8.427418760474));
#2644 = SURFACE_CURVE('',#2645,(#2656,#2670),.PCURVE_S1.);
#2645 = ( BOUNDED_CURVE() B_SPLINE_CURVE(9,(#2646,#2647,#2648,#2649,
    #2650,#2651,#2652,#2653,#2654,#2655),.UNSPECIFIED.,.F.,.F.) 
B_SPLINE_CURVE_WITH_KNOTS((10,10),(165.40812267285,195.33025943564),
.PIECEWISE_BEZIER_KNOTS.) CURVE() GEOMETRIC_REPRESENTATION_ITEM() 
RATIONAL_B_SPLINE_CURVE((1.,1.,1.,1.,1.,1.,1.,1.,1.,1.)) 
REPRESENTATION_ITEM('') );
#2646 = CARTESIAN_POINT('',(-70.90094214373,-26.32638081506,
    8.427418760474));
#2647 = CARTESIAN_POINT('',(-70.10810200198,-30.49172059125,
    7.295125692374));
#2648 = CARTESIAN_POINT('',(-68.67724305899,-34.44680699596,
    6.461198731572));
#2649 = CARTESIAN_POINT('',(-66.68853025006,-38.08924965099,
    5.921141356406));
#2650 = CARTESIAN_POINT('',(-64.22212494845,-41.35505878349,
    5.661447993955));
#2651 = CARTESIAN_POINT('',(-61.35505878349,-44.22212494846,
    5.661447993955));
#2652 = CARTESIAN_POINT('',(-58.089249651,-46.68853025006,5.921141356405
    ));
#2653 = CARTESIAN_POINT('',(-54.44680699595,-48.67724305899,
    6.461198731572));
#2654 = CARTESIAN_POINT('',(-50.49172059125,-50.10810200198,
    7.295125692374));
#2655 = CARTESIAN_POINT('',(-46.32638081506,-50.90094214373,
    8.427418760474));
#2656 = PCURVE('',#1238,#2657);
#2657 = DEFINITIONAL_REPRESENTATION('',(#2658),#2669);
#2658 = B_SPLINE_CURVE_WITH_KNOTS('',9,(#2659,#2660,#2661,#2662,#2663,
    #2664,#2665,#2666,#2667,#2668),.UNSPECIFIED.,.F.,.F.,(10,10),(
    165.40812267285,195.33025943564),.PIECEWISE_BEZIER_KNOTS.);
#2659 = CARTESIAN_POINT('',(-2.22044604925E-16,-0.366726734692));
#2660 = CARTESIAN_POINT('',(0.143364023999,0.50666864776));
#2661 = CARTESIAN_POINT('',(0.282665462348,1.170019811772));
#2662 = CARTESIAN_POINT('',(0.418495529353,1.609078602734));
#2663 = CARTESIAN_POINT('',(0.551755569567,1.822283771099));
#2664 = CARTESIAN_POINT('',(0.68380699501,1.822283771097));
#2665 = CARTESIAN_POINT('',(0.817067035225,1.609078602736));
#2666 = CARTESIAN_POINT('',(0.95289710223,1.170019811771));
#2667 = CARTESIAN_POINT('',(1.092198540579,0.506668647761));
#2668 = CARTESIAN_POINT('',(1.235562564578,-0.366726734692));
#2669 = ( GEOMETRIC_REPRESENTATION_CONTEXT(2) 
PARAMETRIC_REPRESENTATION_CONTEXT() REPRESENTATION_CONTEXT('2D SPACE',''
  ) );
#2670 = PCURVE('',#1785,#2671);
#2671 = DEFINITIONAL_REPRESENTATION('',(#2672),#2676);
#2672 = LINE('',#2673,#2674);
#2673 = CARTESIAN_POINT('',(0.,0.));
#2674 = VECTOR('',#2675,1.);
#2675 = DIRECTION('',(0.,1.));
#2676 = ( GEOMETRIC_REPRESENTATION_CONTEXT(2) 
PARAMETRIC_REPRESENTATION_CONTEXT() REPRESENTATION_CONTEXT('2D SPACE',''
  ) );
#2677 = ORIENTED_EDGE('',*,*,#2678,.T.);
#2678 = EDGE_CURVE('',#2642,#1196,#2679,.T.);
#2679 = SURFACE_CURVE('',#2680,(#2684,#2691),.PCURVE_S1.);
#2680 = LINE('',#2681,#2682);
#2681 = CARTESIAN_POINT('',(-46.50884306593,-51.0834043946,
    8.688001860366));
#2682 = VECTOR('',#2683,1.);
#2683 = DIRECTION('',(-0.497542812165,-0.497542812165,0.710564775462));
#2684 = PCURVE('',#1238,#2685);
#2685 = DEFINITIONAL_REPRESENTATION('',(#2686),#2690);
#2686 = LINE('',#2687,#2688);
#2687 = CARTESIAN_POINT('',(1.235562564578,0.));
#2688 = VECTOR('',#2689,1.);
#2689 = DIRECTION('',(0.,1.));
#2690 = ( GEOMETRIC_REPRESENTATION_CONTEXT(2) 
PARAMETRIC_REPRESENTATION_CONTEXT() REPRESENTATION_CONTEXT('2D SPACE',''
  ) );
#2691 = PCURVE('',#1210,#2692);
#2692 = DEFINITIONAL_REPRESENTATION('',(#2693),#2697);
#2693 = LINE('',#2694,#2695);
#2694 = CARTESIAN_POINT('',(18.491156934062,-10.60609189824));
#2695 = VECTOR('',#2696,1.);
#2696 = DIRECTION('',(-0.497542812165,-0.867439421553));
#2697 = ( GEOMETRIC_REPRESENTATION_CONTEXT(2) 
PARAMETRIC_REPRESENTATION_CONTEXT() REPRESENTATION_CONTEXT('2D SPACE',''
  ) );
#2698 = ORIENTED_EDGE('',*,*,#1221,.F.);
#2699 = ORIENTED_EDGE('',*,*,#2700,.F.);
#2700 = EDGE_CURVE('',#1257,#1222,#2701,.T.);
#2701 = SURFACE_CURVE('',#2702,(#2740,#2781),.PCURVE_S1.);
#2702 = B_SPLINE_CURVE_WITH_KNOTS('',6,(#2703,#2704,#2705,#2706,#2707,
    #2708,#2709,#2710,#2711,#2712,#2713,#2714,#2715,#2716,#2717,#2718,
    #2719,#2720,#2721,#2722,#2723,#2724,#2725,#2726,#2727,#2728,#2729,
    #2730,#2731,#2732,#2733,#2734,#2735,#2736,#2737,#2738,#2739),
  .UNSPECIFIED.,.F.,.F.,(7,5,5,5,5,5,5,7),(0.,0.203223563296,
    0.302464092211,0.363276993725,0.49996342687,0.69746897227,
    0.79671773464,1.),.UNSPECIFIED.);
#2703 = CARTESIAN_POINT('',(-86.88333566635,-48.485498611,31.9999994));
#2704 = CARTESIAN_POINT('',(-86.75771427861,-49.36122394613,
    32.051358133065));
#2705 = CARTESIAN_POINT('',(-86.58737418982,-50.24386375027,
    32.089705160447));
#2706 = CARTESIAN_POINT('',(-86.37042942559,-51.12951350072,
    32.117205362001));
#2707 = CARTESIAN_POINT('',(-86.10548804913,-52.01411300841,
    32.136080045545));
#2708 = CARTESIAN_POINT('',(-85.79163809752,-52.8935533216,
    32.148380761566));
#2709 = CARTESIAN_POINT('',(-85.25096403338,-54.18868175938,
    32.159561982407));
#2710 = CARTESIAN_POINT('',(-85.06190805116,-54.61110623483,
    32.162086076519));
#2711 = CARTESIAN_POINT('',(-84.86121354839,-55.03043285778,
    32.163675808726));
#2712 = CARTESIAN_POINT('',(-84.64894254448,-55.44608678018,
    32.1645261265));
#2713 = CARTESIAN_POINT('',(-84.42520159135,-55.85750120123,
    32.16481322391));
#2714 = CARTESIAN_POINT('',(-84.04610295551,-56.51328647151,
    32.164616134667));
#2715 = CARTESIAN_POINT('',(-83.89781483183,-56.7606504388,
    32.164387523219));
#2716 = CARTESIAN_POINT('',(-83.74531494168,-57.00607967033,
    32.16404076896));
#2717 = CARTESIAN_POINT('',(-83.58864669864,-57.24944511938,
    32.163608144467));
#2718 = CARTESIAN_POINT('',(-83.42786052192,-57.49061932116,
    32.163118611053));
#2719 = CARTESIAN_POINT('',(-82.89249532967,-58.26634472744,
    32.161427257284));
#2720 = CARTESIAN_POINT('',(-82.50144410063,-58.79153488954,
    32.160098345368));
#2721 = CARTESIAN_POINT('',(-82.09053912312,-59.30357728898,
    32.158901813176));
#2722 = CARTESIAN_POINT('',(-81.66061056104,-59.80111097981,
    32.158036545481));
#2723 = CARTESIAN_POINT('',(-81.21264038038,-60.28288554159,
    32.157604274855));
#2724 = CARTESIAN_POINT('',(-80.07603668908,-61.41948923293,
    32.157604274855));
#2725 = CARTESIAN_POINT('',(-79.36908026711,-62.05586674945,
    32.158507161492));
#2726 = CARTESIAN_POINT('',(-78.63027737941,-62.65353540776,
    32.160312457194));
#2727 = CARTESIAN_POINT('',(-77.86355948896,-63.20973082984,
    32.162583798243));
#2728 = CARTESIAN_POINT('',(-77.07328868465,-63.72237492331,
    32.164447831995));
#2729 = CARTESIAN_POINT('',(-75.85750120979,-64.42520158642,
    32.164813223908));
#2730 = CARTESIAN_POINT('',(-75.44608677908,-64.64894254568,
    32.164526126531));
#2731 = CARTESIAN_POINT('',(-75.03043285065,-64.86121355193,
    32.163675808696));
#2732 = CARTESIAN_POINT('',(-74.61110623328,-65.06190805128,
    32.162086076475));
#2733 = CARTESIAN_POINT('',(-74.18868176822,-65.25096402967,
    32.159561982481));
#2734 = CARTESIAN_POINT('',(-72.89337415785,-65.79171289261,
    32.148379214796));
#2735 = CARTESIAN_POINT('',(-72.01397057247,-66.10552558046,
    32.136076886502));
#2736 = CARTESIAN_POINT('',(-71.12951855713,-66.37041325875,
    32.117202886476));
#2737 = CARTESIAN_POINT('',(-70.24401310113,-66.58733482279,
    32.089708406316));
#2738 = CARTESIAN_POINT('',(-69.36140347102,-66.75768852605,
    32.051368661674));
#2739 = CARTESIAN_POINT('',(-68.48549861102,-66.88333566635,31.9999994)
  );
#2740 = PCURVE('',#1238,#2741);
#2741 = DEFINITIONAL_REPRESENTATION('',(#2742),#2780);
#2742 = B_SPLINE_CURVE_WITH_KNOTS('',6,(#2743,#2744,#2745,#2746,#2747,
    #2748,#2749,#2750,#2751,#2752,#2753,#2754,#2755,#2756,#2757,#2758,
    #2759,#2760,#2761,#2762,#2763,#2764,#2765,#2766,#2767,#2768,#2769,
    #2770,#2771,#2772,#2773,#2774,#2775,#2776,#2777,#2778,#2779),
  .UNSPECIFIED.,.F.,.F.,(7,5,5,5,5,5,5,7),(0.,0.203223563296,
    0.302464092211,0.363276993725,0.49996342687,0.69746897227,
    0.79671773464,1.),.UNSPECIFIED.);
#2743 = CARTESIAN_POINT('',(0.169251536821,35.360153536127));
#2744 = CARTESIAN_POINT('',(0.195444350694,35.769856070154));
#2745 = CARTESIAN_POINT('',(0.222591572031,36.151503720535));
#2746 = CARTESIAN_POINT('',(0.250618583786,36.503753754429));
#2747 = CARTESIAN_POINT('',(0.279450721224,36.825471888895));
#2748 = CARTESIAN_POINT('',(0.309017977261,37.115617763449));
#2749 = CARTESIAN_POINT('',(0.354022646028,37.498936095838));
#2750 = CARTESIAN_POINT('',(0.368938258266,37.616840444597));
#2751 = CARTESIAN_POINT('',(0.38399137953,37.726748892206));
#2752 = CARTESIAN_POINT('',(0.399170346501,37.828544807274));
#2753 = CARTESIAN_POINT('',(0.414463480642,37.922124393582));
#2754 = CARTESIAN_POINT('',(0.439293065354,38.059647795096));
#2755 = CARTESIAN_POINT('',(0.448765486005,38.108779825698));
#2756 = CARTESIAN_POINT('',(0.458273435452,38.154769760182));
#2757 = CARTESIAN_POINT('',(0.467814077927,38.197597924138));
#2758 = CARTESIAN_POINT('',(0.477384539858,38.23724656299));
#2759 = CARTESIAN_POINT('',(0.50855348831,38.355634243402));
#2760 = CARTESIAN_POINT('',(0.53026211203,38.421429827383));
#2761 = CARTESIAN_POINT('',(0.552073015551,38.470899811076));
#2762 = CARTESIAN_POINT('',(0.573952458117,38.503921428202));
#2763 = CARTESIAN_POINT('',(0.595866750577,38.520433398769));
#2764 = CARTESIAN_POINT('',(0.649446762421,38.520433398791));
#2765 = CARTESIAN_POINT('',(0.681109449402,38.485958931132));
#2766 = CARTESIAN_POINT('',(0.712667526077,38.41702138928));
#2767 = CARTESIAN_POINT('',(0.744020328225,38.313891383287));
#2768 = CARTESIAN_POINT('',(0.775066488084,38.177084725569));
#2769 = CARTESIAN_POINT('',(0.821099083612,37.922124395389));
#2770 = CARTESIAN_POINT('',(0.83639221813,37.828544807347));
#2771 = CARTESIAN_POINT('',(0.851571185307,37.726748890396));
#2772 = CARTESIAN_POINT('',(0.866624306356,37.616840443848));
#2773 = CARTESIAN_POINT('',(0.881539918242,37.498936098441));
#2774 = CARTESIAN_POINT('',(0.926550813113,37.115564736492));
#2775 = CARTESIAN_POINT('',(0.956116384442,36.825417449658));
#2776 = CARTESIAN_POINT('',(0.984943565744,36.503746467494));
#2777 = CARTESIAN_POINT('',(1.012966218616,36.151560748599));
#2778 = CARTESIAN_POINT('',(1.040112844321,35.769940059731));
#2779 = CARTESIAN_POINT('',(1.066311027756,35.360153536133));
#2780 = ( GEOMETRIC_REPRESENTATION_CONTEXT(2) 
PARAMETRIC_REPRESENTATION_CONTEXT() REPRESENTATION_CONTEXT('2D SPACE',''
  ) );
#2781 = PCURVE('',#1273,#2782);
#2782 = DEFINITIONAL_REPRESENTATION('',(#2783),#2821);
#2783 = B_SPLINE_CURVE_WITH_KNOTS('',6,(#2784,#2785,#2786,#2787,#2788,
    #2789,#2790,#2791,#2792,#2793,#2794,#2795,#2796,#2797,#2798,#2799,
    #2800,#2801,#2802,#2803,#2804,#2805,#2806,#2807,#2808,#2809,#2810,
    #2811,#2812,#2813,#2814,#2815,#2816,#2817,#2818,#2819,#2820),
  .UNSPECIFIED.,.F.,.F.,(7,5,5,5,5,5,5,7),(0.,0.203223563296,
    0.302464092211,0.363276993725,0.49996342687,0.69746897227,
    0.79671773464,1.),.UNSPECIFIED.);
#2784 = CARTESIAN_POINT('',(-3.284069031814,5.999999999895E-07));
#2785 = CARTESIAN_POINT('',(-3.324840346066,-5.135813306502E-02));
#2786 = CARTESIAN_POINT('',(-3.366219725774,-8.970516044662E-02));
#2787 = CARTESIAN_POINT('',(-3.408163364556,-0.117205362001));
#2788 = CARTESIAN_POINT('',(-3.45063541915,-0.136080045545));
#2789 = CARTESIAN_POINT('',(-3.493608685371,-0.148380761566));
#2790 = CARTESIAN_POINT('',(-3.558287540874,-0.159561982407));
#2791 = CARTESIAN_POINT('',(-3.579609076714,-0.162086076519));
#2792 = CARTESIAN_POINT('',(-3.601022700201,-0.163675808726));
#2793 = CARTESIAN_POINT('',(-3.622520879418,-0.1645261265));
#2794 = CARTESIAN_POINT('',(-3.644096204763,-0.16481322391));
#2795 = CARTESIAN_POINT('',(-3.679004831927,-0.164616134667));
#2796 = CARTESIAN_POINT('',(-3.6922944925,-0.164387523219));
#2797 = CARTESIAN_POINT('',(-3.705608312757,-0.16404076896));
#2798 = CARTESIAN_POINT('',(-3.718944415731,-0.163608144467));
#2799 = CARTESIAN_POINT('',(-3.732300884485,-0.163118611053));
#2800 = CARTESIAN_POINT('',(-3.775737875105,-0.161427257284));
#2801 = CARTESIAN_POINT('',(-3.805894526185,-0.160098345368));
#2802 = CARTESIAN_POINT('',(-3.836121098872,-0.158901813176));
#2803 = CARTESIAN_POINT('',(-3.866394685037,-0.158036545481));
#2804 = CARTESIAN_POINT('',(-3.896692586556,-0.157604274855));
#2805 = CARTESIAN_POINT('',(-3.970770352246,-0.157604274855));
#2806 = CARTESIAN_POINT('',(-4.014546022627,-0.158507161492));
#2807 = CARTESIAN_POINT('',(-4.058249103109,-0.160312457194));
#2808 = CARTESIAN_POINT('',(-4.101812300569,-0.162583798243));
#2809 = CARTESIAN_POINT('',(-4.145166878957,-0.164447831995));
#2810 = CARTESIAN_POINT('',(-4.209885428757,-0.164813223908));
#2811 = CARTESIAN_POINT('',(-4.231460754627,-0.164526126531));
#2812 = CARTESIAN_POINT('',(-4.252958934141,-0.163675808696));
#2813 = CARTESIAN_POINT('',(-4.274372557327,-0.162086076475));
#2814 = CARTESIAN_POINT('',(-4.295694092659,-0.159561982481));
#2815 = CARTESIAN_POINT('',(-4.360381896062,-0.148379214796));
#2816 = CARTESIAN_POINT('',(-4.403352938777,-0.136076886502));
#2817 = CARTESIAN_POINT('',(-4.445817858298,-0.117202886476));
#2818 = CARTESIAN_POINT('',(-4.487754837304,-8.970840631562E-02));
#2819 = CARTESIAN_POINT('',(-4.529132929733,-5.136866167436E-02));
#2820 = CARTESIAN_POINT('',(-4.56991260216,5.999999999895E-07));
#2821 = ( GEOMETRIC_REPRESENTATION_CONTEXT(2) 
PARAMETRIC_REPRESENTATION_CONTEXT() REPRESENTATION_CONTEXT('2D SPACE',''
  ) );
#2822 = ORIENTED_EDGE('',*,*,#1285,.F.);
#2823 = ADVANCED_FACE('',(#2824),#1273,.F.);
#2824 = FACE_BOUND('',#2825,.T.);
#2825 = EDGE_LOOP('',(#2826,#2827));
#2826 = ORIENTED_EDGE('',*,*,#1256,.F.);
#2827 = ORIENTED_EDGE('',*,*,#2700,.T.);
#2828 = ADVANCED_FACE('',(#2829),#1210,.F.);
#2829 = FACE_BOUND('',#2830,.F.);
#2830 = EDGE_LOOP('',(#2831,#2858,#2859,#2860,#2883,#2910));
#2831 = ORIENTED_EDGE('',*,*,#2832,.F.);
#2832 = EDGE_CURVE('',#2642,#2833,#2835,.T.);
#2833 = VERTEX_POINT('',#2834);
#2834 = CARTESIAN_POINT('',(-40.42543867133,-50.97169987474,
    8.528471272979));
#2835 = SURFACE_CURVE('',#2836,(#2842,#2851),.PCURVE_S1.);
#2836 = ( BOUNDED_CURVE() B_SPLINE_CURVE(4,(#2837,#2838,#2839,#2840,
#2841),.UNSPECIFIED.,.F.,.F.) B_SPLINE_CURVE_WITH_KNOTS((5,5),(
195.33025943564,199.92500317722),.PIECEWISE_BEZIER_KNOTS.) CURVE() 
GEOMETRIC_REPRESENTATION_ITEM() RATIONAL_B_SPLINE_CURVE((1.,1.,1.,1.,1.)
) REPRESENTATION_ITEM('') );
#2837 = CARTESIAN_POINT('',(-46.32638081506,-50.90094214373,
    8.427418760474));
#2838 = CARTESIAN_POINT('',(-44.84865321521,-50.93825657078,
    8.480709285086));
#2839 = CARTESIAN_POINT('',(-43.38099558332,-50.96108793914,
    8.513315858308));
#2840 = CARTESIAN_POINT('',(-41.90990654822,-50.97169987474,
    8.528471272979));
#2841 = CARTESIAN_POINT('',(-40.42543867133,-50.97169987474,
    8.528471272979));
#2842 = PCURVE('',#1210,#2843);
#2843 = DEFINITIONAL_REPRESENTATION('',(#2844),#2850);
#2844 = B_SPLINE_CURVE_WITH_KNOTS('',4,(#2845,#2846,#2847,#2848,#2849),
  .UNSPECIFIED.,.F.,.F.,(5,5),(195.33025943564,199.92500317722),
  .PIECEWISE_BEZIER_KNOTS.);
#2845 = CARTESIAN_POINT('',(18.673619184936,-10.28797867163));
#2846 = CARTESIAN_POINT('',(20.151346784788,-10.3530343899));
#2847 = CARTESIAN_POINT('',(21.619004416671,-10.39283966592));
#2848 = CARTESIAN_POINT('',(23.090093451773,-10.41134101103));
#2849 = CARTESIAN_POINT('',(24.57456132867,-10.41134101103));
#2850 = ( GEOMETRIC_REPRESENTATION_CONTEXT(2) 
PARAMETRIC_REPRESENTATION_CONTEXT() REPRESENTATION_CONTEXT('2D SPACE',''
  ) );
#2851 = PCURVE('',#1843,#2852);
#2852 = DEFINITIONAL_REPRESENTATION('',(#2853),#2857);
#2853 = LINE('',#2854,#2855);
#2854 = CARTESIAN_POINT('',(0.,0.));
#2855 = VECTOR('',#2856,1.);
#2856 = DIRECTION('',(0.,1.));
#2857 = ( GEOMETRIC_REPRESENTATION_CONTEXT(2) 
PARAMETRIC_REPRESENTATION_CONTEXT() REPRESENTATION_CONTEXT('2D SPACE',''
  ) );
#2858 = ORIENTED_EDGE('',*,*,#2678,.T.);
#2859 = ORIENTED_EDGE('',*,*,#1195,.T.);
#2860 = ORIENTED_EDGE('',*,*,#2861,.F.);
#2861 = EDGE_CURVE('',#2862,#1166,#2864,.T.);
#2862 = VERTEX_POINT('',#2863);
#2863 = CARTESIAN_POINT('',(46.326380815064,-50.90094214373,
    8.427418760474));
#2864 = SURFACE_CURVE('',#2865,(#2869,#2876),.PCURVE_S1.);
#2865 = LINE('',#2866,#2867);
#2866 = CARTESIAN_POINT('',(46.508843065938,-51.0834043946,
    8.688001860366));
#2867 = VECTOR('',#2868,1.);
#2868 = DIRECTION('',(0.497542812165,-0.497542812165,0.710564775462));
#2869 = PCURVE('',#1210,#2870);
#2870 = DEFINITIONAL_REPRESENTATION('',(#2871),#2875);
#2871 = LINE('',#2872,#2873);
#2872 = CARTESIAN_POINT('',(111.50884306593,-10.60609189824));
#2873 = VECTOR('',#2874,1.);
#2874 = DIRECTION('',(0.497542812165,-0.867439421553));
#2875 = ( GEOMETRIC_REPRESENTATION_CONTEXT(2) 
PARAMETRIC_REPRESENTATION_CONTEXT() REPRESENTATION_CONTEXT('2D SPACE',''
  ) );
#2876 = PCURVE('',#1118,#2877);
#2877 = DEFINITIONAL_REPRESENTATION('',(#2878),#2882);
#2878 = LINE('',#2879,#2880);
#2879 = CARTESIAN_POINT('',(0.,0.));
#2880 = VECTOR('',#2881,1.);
#2881 = DIRECTION('',(0.,1.));
#2882 = ( GEOMETRIC_REPRESENTATION_CONTEXT(2) 
PARAMETRIC_REPRESENTATION_CONTEXT() REPRESENTATION_CONTEXT('2D SPACE',''
  ) );
#2883 = ORIENTED_EDGE('',*,*,#2884,.F.);
#2884 = EDGE_CURVE('',#2885,#2862,#2887,.T.);
#2885 = VERTEX_POINT('',#2886);
#2886 = CARTESIAN_POINT('',(40.42543867133,-50.97169987474,
    8.528471272979));
#2887 = SURFACE_CURVE('',#2888,(#2894,#2903),.PCURVE_S1.);
#2888 = ( BOUNDED_CURVE() B_SPLINE_CURVE(4,(#2889,#2890,#2891,#2892,
#2893),.UNSPECIFIED.,.F.,.F.) B_SPLINE_CURVE_WITH_KNOTS((5,5),(
280.77588051988,285.37062426146),.PIECEWISE_BEZIER_KNOTS.) CURVE() 
GEOMETRIC_REPRESENTATION_ITEM() RATIONAL_B_SPLINE_CURVE((1.,1.,1.,1.,1.)
) REPRESENTATION_ITEM('') );
#2889 = CARTESIAN_POINT('',(40.42543867133,-50.97169987474,
    8.528471272979));
#2890 = CARTESIAN_POINT('',(41.909906548227,-50.97169987474,
    8.528471272979));
#2891 = CARTESIAN_POINT('',(43.380995583329,-50.96108793914,
    8.513315858308));
#2892 = CARTESIAN_POINT('',(44.848653215212,-50.93825657078,
    8.480709285086));
#2893 = CARTESIAN_POINT('',(46.326380815064,-50.90094214373,
    8.427418760474));
#2894 = PCURVE('',#1210,#2895);
#2895 = DEFINITIONAL_REPRESENTATION('',(#2896),#2902);
#2896 = B_SPLINE_CURVE_WITH_KNOTS('',4,(#2897,#2898,#2899,#2900,#2901),
  .UNSPECIFIED.,.F.,.F.,(5,5),(280.77588051988,285.37062426146),
  .PIECEWISE_BEZIER_KNOTS.);
#2897 = CARTESIAN_POINT('',(105.42543867133,-10.41134101103));
#2898 = CARTESIAN_POINT('',(106.90990654822,-10.41134101103));
#2899 = CARTESIAN_POINT('',(108.38099558332,-10.39283966592));
#2900 = CARTESIAN_POINT('',(109.84865321521,-10.3530343899));
#2901 = CARTESIAN_POINT('',(111.32638081506,-10.28797867163));
#2902 = ( GEOMETRIC_REPRESENTATION_CONTEXT(2) 
PARAMETRIC_REPRESENTATION_CONTEXT() REPRESENTATION_CONTEXT('2D SPACE',''
  ) );
#2903 = PCURVE('',#1914,#2904);
#2904 = DEFINITIONAL_REPRESENTATION('',(#2905),#2909);
#2905 = LINE('',#2906,#2907);
#2906 = CARTESIAN_POINT('',(0.,0.));
#2907 = VECTOR('',#2908,1.);
#2908 = DIRECTION('',(0.,1.));
#2909 = ( GEOMETRIC_REPRESENTATION_CONTEXT(2) 
PARAMETRIC_REPRESENTATION_CONTEXT() REPRESENTATION_CONTEXT('2D SPACE',''
  ) );
#2910 = ORIENTED_EDGE('',*,*,#2911,.F.);
#2911 = EDGE_CURVE('',#2833,#2885,#2912,.T.);
#2912 = SURFACE_CURVE('',#2913,(#2917,#2924),.PCURVE_S1.);
#2913 = LINE('',#2914,#2915);
#2914 = CARTESIAN_POINT('',(-40.42543867133,-50.97169987474,
    8.528471272979));
#2915 = VECTOR('',#2916,1.);
#2916 = DIRECTION('',(1.,0.,0.));
#2917 = PCURVE('',#1210,#2918);
#2918 = DEFINITIONAL_REPRESENTATION('',(#2919),#2923);
#2919 = LINE('',#2920,#2921);
#2920 = CARTESIAN_POINT('',(24.57456132867,-10.41134101103));
#2921 = VECTOR('',#2922,1.);
#2922 = DIRECTION('',(1.,0.));
#2923 = ( GEOMETRIC_REPRESENTATION_CONTEXT(2) 
PARAMETRIC_REPRESENTATION_CONTEXT() REPRESENTATION_CONTEXT('2D SPACE',''
  ) );
#2924 = PCURVE('',#1882,#2925);
#2925 = DEFINITIONAL_REPRESENTATION('',(#2926),#2930);
#2926 = LINE('',#2927,#2928);
#2927 = CARTESIAN_POINT('',(0.,0.));
#2928 = VECTOR('',#2929,1.);
#2929 = DIRECTION('',(0.,1.));
#2930 = ( GEOMETRIC_REPRESENTATION_CONTEXT(2) 
PARAMETRIC_REPRESENTATION_CONTEXT() REPRESENTATION_CONTEXT('2D SPACE',''
  ) );
#2931 = ADVANCED_FACE('',(#2932),#1118,.T.);
#2932 = FACE_BOUND('',#2933,.T.);
#2933 = EDGE_LOOP('',(#2934,#2935,#2972,#2993,#2994,#3117));
#2934 = ORIENTED_EDGE('',*,*,#2861,.F.);
#2935 = ORIENTED_EDGE('',*,*,#2936,.T.);
#2936 = EDGE_CURVE('',#2862,#2937,#2939,.T.);
#2937 = VERTEX_POINT('',#2938);
#2938 = CARTESIAN_POINT('',(70.900942143734,-26.32638081506,
    8.427418760474));
#2939 = SURFACE_CURVE('',#2940,(#2951,#2965),.PCURVE_S1.);
#2940 = ( BOUNDED_CURVE() B_SPLINE_CURVE(9,(#2941,#2942,#2943,#2944,
    #2945,#2946,#2947,#2948,#2949,#2950),.UNSPECIFIED.,.F.,.F.) 
B_SPLINE_CURVE_WITH_KNOTS((10,10),(285.37062426146,315.29276102425),
.PIECEWISE_BEZIER_KNOTS.) CURVE() GEOMETRIC_REPRESENTATION_ITEM() 
RATIONAL_B_SPLINE_CURVE((1.,1.,1.,1.,1.,1.,1.,1.,1.,1.)) 
REPRESENTATION_ITEM('') );
#2941 = CARTESIAN_POINT('',(46.326380815064,-50.90094214373,
    8.427418760474));
#2942 = CARTESIAN_POINT('',(50.49172059125,-50.10810200198,
    7.295125692374));
#2943 = CARTESIAN_POINT('',(54.44680699596,-48.67724305899,
    6.461198731572));
#2944 = CARTESIAN_POINT('',(58.089249650999,-46.68853025006,
    5.921141356406));
#2945 = CARTESIAN_POINT('',(61.355058783491,-44.22212494846,
    5.661447993955));
#2946 = CARTESIAN_POINT('',(64.222124948459,-41.35505878348,
    5.661447993955));
#2947 = CARTESIAN_POINT('',(66.688530250063,-38.089249651,5.921141356405
    ));
#2948 = CARTESIAN_POINT('',(68.677243058997,-34.44680699595,
    6.461198731572));
#2949 = CARTESIAN_POINT('',(70.108102001988,-30.49172059125,
    7.295125692374));
#2950 = CARTESIAN_POINT('',(70.900942143734,-26.32638081506,
    8.427418760474));
#2951 = PCURVE('',#1118,#2952);
#2952 = DEFINITIONAL_REPRESENTATION('',(#2953),#2964);
#2953 = B_SPLINE_CURVE_WITH_KNOTS('',9,(#2954,#2955,#2956,#2957,#2958,
    #2959,#2960,#2961,#2962,#2963),.UNSPECIFIED.,.F.,.F.,(10,10),(
    285.37062426146,315.29276102425),.PIECEWISE_BEZIER_KNOTS.);
#2954 = CARTESIAN_POINT('',(-1.110223024625E-16,-0.366726734692));
#2955 = CARTESIAN_POINT('',(0.143364023999,0.50666864776));
#2956 = CARTESIAN_POINT('',(0.282665462348,1.170019811772));
#2957 = CARTESIAN_POINT('',(0.418495529353,1.609078602734));
#2958 = CARTESIAN_POINT('',(0.551755569567,1.822283771099));
#2959 = CARTESIAN_POINT('',(0.68380699501,1.822283771097));
#2960 = CARTESIAN_POINT('',(0.817067035225,1.609078602736));
#2961 = CARTESIAN_POINT('',(0.95289710223,1.170019811771));
#2962 = CARTESIAN_POINT('',(1.092198540579,0.50666864776));
#2963 = CARTESIAN_POINT('',(1.235562564578,-0.366726734692));
#2964 = ( GEOMETRIC_REPRESENTATION_CONTEXT(2) 
PARAMETRIC_REPRESENTATION_CONTEXT() REPRESENTATION_CONTEXT('2D SPACE',''
  ) );
#2965 = PCURVE('',#1967,#2966);
#2966 = DEFINITIONAL_REPRESENTATION('',(#2967),#2971);
#2967 = LINE('',#2968,#2969);
#2968 = CARTESIAN_POINT('',(0.,0.));
#2969 = VECTOR('',#2970,1.);
#2970 = DIRECTION('',(0.,1.));
#2971 = ( GEOMETRIC_REPRESENTATION_CONTEXT(2) 
PARAMETRIC_REPRESENTATION_CONTEXT() REPRESENTATION_CONTEXT('2D SPACE',''
  ) );
#2972 = ORIENTED_EDGE('',*,*,#2973,.T.);
#2973 = EDGE_CURVE('',#2937,#1076,#2974,.T.);
#2974 = SURFACE_CURVE('',#2975,(#2979,#2986),.PCURVE_S1.);
#2975 = LINE('',#2976,#2977);
#2976 = CARTESIAN_POINT('',(71.083404394608,-26.50884306593,
    8.688001860366));
#2977 = VECTOR('',#2978,1.);
#2978 = DIRECTION('',(0.497542812165,-0.497542812165,0.710564775462));
#2979 = PCURVE('',#1118,#2980);
#2980 = DEFINITIONAL_REPRESENTATION('',(#2981),#2985);
#2981 = LINE('',#2982,#2983);
#2982 = CARTESIAN_POINT('',(1.235562564578,0.));
#2983 = VECTOR('',#2984,1.);
#2984 = DIRECTION('',(0.,1.));
#2985 = ( GEOMETRIC_REPRESENTATION_CONTEXT(2) 
PARAMETRIC_REPRESENTATION_CONTEXT() REPRESENTATION_CONTEXT('2D SPACE',''
  ) );
#2986 = PCURVE('',#1090,#2987);
#2987 = DEFINITIONAL_REPRESENTATION('',(#2988),#2992);
#2988 = LINE('',#2989,#2990);
#2989 = CARTESIAN_POINT('',(18.491156934062,-10.60609189824));
#2990 = VECTOR('',#2991,1.);
#2991 = DIRECTION('',(-0.497542812165,-0.867439421553));
#2992 = ( GEOMETRIC_REPRESENTATION_CONTEXT(2) 
PARAMETRIC_REPRESENTATION_CONTEXT() REPRESENTATION_CONTEXT('2D SPACE',''
  ) );
#2993 = ORIENTED_EDGE('',*,*,#1101,.F.);
#2994 = ORIENTED_EDGE('',*,*,#2995,.F.);
#2995 = EDGE_CURVE('',#1137,#1102,#2996,.T.);
#2996 = SURFACE_CURVE('',#2997,(#3035,#3076),.PCURVE_S1.);
#2997 = B_SPLINE_CURVE_WITH_KNOTS('',6,(#2998,#2999,#3000,#3001,#3002,
    #3003,#3004,#3005,#3006,#3007,#3008,#3009,#3010,#3011,#3012,#3013,
    #3014,#3015,#3016,#3017,#3018,#3019,#3020,#3021,#3022,#3023,#3024,
    #3025,#3026,#3027,#3028,#3029,#3030,#3031,#3032,#3033,#3034),
  .UNSPECIFIED.,.F.,.F.,(7,5,5,5,5,5,5,7),(0.,0.203223558387,
    0.302464086219,0.363276988235,0.499963422509,0.697468969543,
    0.796717732733,1.),.UNSPECIFIED.);
#2998 = CARTESIAN_POINT('',(68.48549861101,-66.88333566635,31.9999994));
#2999 = CARTESIAN_POINT('',(69.361223951085,-66.7577142779,
    32.051358133355));
#3000 = CARTESIAN_POINT('',(70.243863754586,-66.58737418871,
    32.089705160547));
#3001 = CARTESIAN_POINT('',(71.129513501334,-66.37042942504,
    32.117205361949));
#3002 = CARTESIAN_POINT('',(72.014113005209,-66.10548804995,
    32.136080045473));
#3003 = CARTESIAN_POINT('',(72.893553317521,-65.79163809927,
    32.148380761534));
#3004 = CARTESIAN_POINT('',(74.188681768249,-65.25096402966,
    32.159561982481));
#3005 = CARTESIAN_POINT('',(74.611106233308,-65.06190805126,
    32.162086076476));
#3006 = CARTESIAN_POINT('',(75.030432850679,-64.86121355191,
    32.163675808696));
#3007 = CARTESIAN_POINT('',(75.446086779104,-64.64894254567,
    32.164526126531));
#3008 = CARTESIAN_POINT('',(75.857501209822,-64.42520158641,
    32.164813223908));
#3009 = CARTESIAN_POINT('',(76.513286472288,-64.04610295505,
    32.164616134667));
#3010 = CARTESIAN_POINT('',(76.760650439572,-63.89781483136,
    32.164387523218));
#3011 = CARTESIAN_POINT('',(77.0060796711,-63.7453149412,32.164040768959
    ));
#3012 = CARTESIAN_POINT('',(77.249445120139,-63.58864669815,
    32.163608144466));
#3013 = CARTESIAN_POINT('',(77.490619321908,-63.42786052142,
    32.163118611051));
#3014 = CARTESIAN_POINT('',(78.266344728168,-62.89249532914,
    32.161427257282));
#3015 = CARTESIAN_POINT('',(78.791534890256,-62.50144410008,
    32.160098345366));
#3016 = CARTESIAN_POINT('',(79.30357728968,-62.09053912255,
    32.158901813174));
#3017 = CARTESIAN_POINT('',(79.801110980489,-61.66061056044,
    32.15803654548));
#3018 = CARTESIAN_POINT('',(80.282885542243,-61.21264037977,
    32.157604274855));
#3019 = CARTESIAN_POINT('',(81.419489233543,-60.07603668842,
    32.157604274855));
#3020 = CARTESIAN_POINT('',(82.055866750028,-59.36908026643,
    32.158507161493));
#3021 = CARTESIAN_POINT('',(82.653535408308,-58.63027737869,
    32.160312457196));
#3022 = CARTESIAN_POINT('',(83.209730830354,-57.86355948823,
    32.162583798245));
#3023 = CARTESIAN_POINT('',(83.722374923791,-57.0732886839,
    32.164447831997));
#3024 = CARTESIAN_POINT('',(84.425201586857,-55.85750120902,
    32.164813223908));
#3025 = CARTESIAN_POINT('',(84.648942546099,-55.44608677829,
    32.16452612653));
#3026 = CARTESIAN_POINT('',(84.861213552325,-55.03043284985,
    32.163675808694));
#3027 = CARTESIAN_POINT('',(85.061908051658,-54.61110623247,
    32.162086076472));
#3028 = CARTESIAN_POINT('',(85.250964030037,-54.18868176741,
    32.159561982476));
#3029 = CARTESIAN_POINT('',(85.791712893323,-52.89337415606,
    32.148379214778));
#3030 = CARTESIAN_POINT('',(86.10552558086,-52.01397057103,
    32.136076886471));
#3031 = CARTESIAN_POINT('',(86.370413258764,-51.12951855672,
    32.117202886448));
#3032 = CARTESIAN_POINT('',(86.587334822606,-50.24401310176,
    32.089708406324));
#3033 = CARTESIAN_POINT('',(86.757688525916,-49.36140347199,
    32.051368661732));
#3034 = CARTESIAN_POINT('',(86.883335666354,-48.485498611,31.9999994));
#3035 = PCURVE('',#1118,#3036);
#3036 = DEFINITIONAL_REPRESENTATION('',(#3037),#3075);
#3037 = B_SPLINE_CURVE_WITH_KNOTS('',6,(#3038,#3039,#3040,#3041,#3042,
    #3043,#3044,#3045,#3046,#3047,#3048,#3049,#3050,#3051,#3052,#3053,
    #3054,#3055,#3056,#3057,#3058,#3059,#3060,#3061,#3062,#3063,#3064,
    #3065,#3066,#3067,#3068,#3069,#3070,#3071,#3072,#3073,#3074),
  .UNSPECIFIED.,.F.,.F.,(7,5,5,5,5,5,5,7),(0.,0.203223558387,
    0.302464086219,0.363276988235,0.499963422509,0.697468969543,
    0.796717732733,1.),.UNSPECIFIED.);
#3038 = CARTESIAN_POINT('',(0.169251536822,35.360153536128));
#3039 = CARTESIAN_POINT('',(0.195444350842,35.769856072469));
#3040 = CARTESIAN_POINT('',(0.222591572169,36.151503722199));
#3041 = CARTESIAN_POINT('',(0.250618583812,36.503753754423));
#3042 = CARTESIAN_POINT('',(0.279450721122,36.825471887657));
#3043 = CARTESIAN_POINT('',(0.309017977119,37.115617762265));
#3044 = CARTESIAN_POINT('',(0.354022646337,37.498936098449));
#3045 = CARTESIAN_POINT('',(0.368938258223,37.616840443855));
#3046 = CARTESIAN_POINT('',(0.383991379272,37.726748890403));
#3047 = CARTESIAN_POINT('',(0.399170346449,37.828544807353));
#3048 = CARTESIAN_POINT('',(0.414463480966,37.922124395394));
#3049 = CARTESIAN_POINT('',(0.439293065383,38.059647795251));
#3050 = CARTESIAN_POINT('',(0.448765486034,38.108779825845));
#3051 = CARTESIAN_POINT('',(0.458273435482,38.15476976032));
#3052 = CARTESIAN_POINT('',(0.467814077956,38.197597924268));
#3053 = CARTESIAN_POINT('',(0.477384539888,38.237246563111));
#3054 = CARTESIAN_POINT('',(0.50855348834,38.355634243496));
#3055 = CARTESIAN_POINT('',(0.53026211206,38.421429827458));
#3056 = CARTESIAN_POINT('',(0.552073015581,38.470899811132));
#3057 = CARTESIAN_POINT('',(0.573952458147,38.503921428239));
#3058 = CARTESIAN_POINT('',(0.595866750607,38.520433398787));
#3059 = CARTESIAN_POINT('',(0.649446762451,38.520433398764));
#3060 = CARTESIAN_POINT('',(0.681109449431,38.485958931078));
#3061 = CARTESIAN_POINT('',(0.712667526107,38.417021389199));
#3062 = CARTESIAN_POINT('',(0.744020328255,38.313891383179));
#3063 = CARTESIAN_POINT('',(0.775066488114,38.177084725434));
#3064 = CARTESIAN_POINT('',(0.821099083641,37.922124395214));
#3065 = CARTESIAN_POINT('',(0.836392218159,37.828544807159));
#3066 = CARTESIAN_POINT('',(0.851571185335,37.726748890195));
#3067 = CARTESIAN_POINT('',(0.866624306384,37.616840443633));
#3068 = CARTESIAN_POINT('',(0.88153991827,37.498936098213));
#3069 = CARTESIAN_POINT('',(0.926550813174,37.115564735938));
#3070 = CARTESIAN_POINT('',(0.956116384488,36.825417449119));
#3071 = CARTESIAN_POINT('',(0.984943565755,36.503746467276));
#3072 = CARTESIAN_POINT('',(1.012966218596,36.151560748826));
#3073 = CARTESIAN_POINT('',(1.040112844292,35.769940060184));
#3074 = CARTESIAN_POINT('',(1.066311027756,35.360153536128));
#3075 = ( GEOMETRIC_REPRESENTATION_CONTEXT(2) 
PARAMETRIC_REPRESENTATION_CONTEXT() REPRESENTATION_CONTEXT('2D SPACE',''
  ) );
#3076 = PCURVE('',#1153,#3077);
#3077 = DEFINITIONAL_REPRESENTATION('',(#3078),#3116);
#3078 = B_SPLINE_CURVE_WITH_KNOTS('',6,(#3079,#3080,#3081,#3082,#3083,
    #3084,#3085,#3086,#3087,#3088,#3089,#3090,#3091,#3092,#3093,#3094,
    #3095,#3096,#3097,#3098,#3099,#3100,#3101,#3102,#3103,#3104,#3105,
    #3106,#3107,#3108,#3109,#3110,#3111,#3112,#3113,#3114,#3115),
  .UNSPECIFIED.,.F.,.F.,(7,5,5,5,5,5,5,7),(0.,0.203223558387,
    0.302464086219,0.363276988235,0.499963422509,0.697468969543,
    0.796717732733,1.),.UNSPECIFIED.);
#3079 = CARTESIAN_POINT('',(-4.854865358609,5.999999999895E-07));
#3080 = CARTESIAN_POINT('',(-4.895636673092,-5.135813335499E-02));
#3081 = CARTESIAN_POINT('',(-4.937016052773,-8.97051605474E-02));
#3082 = CARTESIAN_POINT('',(-4.978959691385,-0.117205361949));
#3083 = CARTESIAN_POINT('',(-5.021431745794,-0.136080045473));
#3084 = CARTESIAN_POINT('',(-5.064405011961,-0.148380761534));
#3085 = CARTESIAN_POINT('',(-5.129083868111,-0.159561982481));
#3086 = CARTESIAN_POINT('',(-5.150405403444,-0.162086076476));
#3087 = CARTESIAN_POINT('',(-5.171819026629,-0.163675808696));
#3088 = CARTESIAN_POINT('',(-5.193317206144,-0.164526126531));
#3089 = CARTESIAN_POINT('',(-5.214892532014,-0.164813223908));
#3090 = CARTESIAN_POINT('',(-5.249801158764,-0.164616134667));
#3091 = CARTESIAN_POINT('',(-5.263090819336,-0.164387523218));
#3092 = CARTESIAN_POINT('',(-5.276404639593,-0.164040768959));
#3093 = CARTESIAN_POINT('',(-5.289740742567,-0.163608144466));
#3094 = CARTESIAN_POINT('',(-5.303097211321,-0.163118611051));
#3095 = CARTESIAN_POINT('',(-5.346534201941,-0.161427257283));
#3096 = CARTESIAN_POINT('',(-5.376690853021,-0.160098345366));
#3097 = CARTESIAN_POINT('',(-5.406917425708,-0.158901813174));
#3098 = CARTESIAN_POINT('',(-5.437191011873,-0.15803654548));
#3099 = CARTESIAN_POINT('',(-5.467488913392,-0.157604274855));
#3100 = CARTESIAN_POINT('',(-5.541566679082,-0.157604274855));
#3101 = CARTESIAN_POINT('',(-5.585342349463,-0.158507161493));
#3102 = CARTESIAN_POINT('',(-5.629045429945,-0.160312457196));
#3103 = CARTESIAN_POINT('',(-5.672608627405,-0.162583798245));
#3104 = CARTESIAN_POINT('',(-5.715963205793,-0.164447831997));
#3105 = CARTESIAN_POINT('',(-5.780681755593,-0.164813223908));
#3106 = CARTESIAN_POINT('',(-5.802257081463,-0.16452612653));
#3107 = CARTESIAN_POINT('',(-5.823755260977,-0.163675808694));
#3108 = CARTESIAN_POINT('',(-5.845168884163,-0.162086076472));
#3109 = CARTESIAN_POINT('',(-5.866490419495,-0.159561982476));
#3110 = CARTESIAN_POINT('',(-5.931178222946,-0.148379214778));
#3111 = CARTESIAN_POINT('',(-5.974149265641,-0.136076886471));
#3112 = CARTESIAN_POINT('',(-6.016614185111,-0.117202886448));
#3113 = CARTESIAN_POINT('',(-6.058551164069,-8.970840632344E-02));
#3114 = CARTESIAN_POINT('',(-6.099929256483,-5.136866173181E-02));
#3115 = CARTESIAN_POINT('',(-6.140708928955,5.999999999895E-07));
#3116 = ( GEOMETRIC_REPRESENTATION_CONTEXT(2) 
PARAMETRIC_REPRESENTATION_CONTEXT() REPRESENTATION_CONTEXT('2D SPACE',''
  ) );
#3117 = ORIENTED_EDGE('',*,*,#1165,.F.);
#3118 = ADVANCED_FACE('',(#3119),#1153,.F.);
#3119 = FACE_BOUND('',#3120,.T.);
#3120 = EDGE_LOOP('',(#3121,#3122));
#3121 = ORIENTED_EDGE('',*,*,#1136,.F.);
#3122 = ORIENTED_EDGE('',*,*,#2995,.T.);
#3123 = ADVANCED_FACE('',(#3124),#1090,.F.);
#3124 = FACE_BOUND('',#3125,.F.);
#3125 = EDGE_LOOP('',(#3126,#3153,#3154,#3155,#3156,#3183));
#3126 = ORIENTED_EDGE('',*,*,#3127,.F.);
#3127 = EDGE_CURVE('',#2937,#3128,#3130,.T.);
#3128 = VERTEX_POINT('',#3129);
#3129 = CARTESIAN_POINT('',(70.971699874745,-20.42543867133,
    8.528471272979));
#3130 = SURFACE_CURVE('',#3131,(#3137,#3146),.PCURVE_S1.);
#3131 = ( BOUNDED_CURVE() B_SPLINE_CURVE(4,(#3132,#3133,#3134,#3135,
#3136),.UNSPECIFIED.,.F.,.F.) B_SPLINE_CURVE_WITH_KNOTS((5,5),(
315.29276102425,319.88750476583),.PIECEWISE_BEZIER_KNOTS.) CURVE() 
GEOMETRIC_REPRESENTATION_ITEM() RATIONAL_B_SPLINE_CURVE((1.,1.,1.,1.,1.)
) REPRESENTATION_ITEM('') );
#3132 = CARTESIAN_POINT('',(70.900942143734,-26.32638081506,
    8.427418760474));
#3133 = CARTESIAN_POINT('',(70.938256570782,-24.84865321521,
    8.480709285086));
#3134 = CARTESIAN_POINT('',(70.961087939147,-23.38099558333,
    8.513315858307));
#3135 = CARTESIAN_POINT('',(70.971699874745,-21.90990654822,
    8.528471272979));
#3136 = CARTESIAN_POINT('',(70.971699874745,-20.42543867133,
    8.528471272979));
#3137 = PCURVE('',#1090,#3138);
#3138 = DEFINITIONAL_REPRESENTATION('',(#3139),#3145);
#3139 = B_SPLINE_CURVE_WITH_KNOTS('',4,(#3140,#3141,#3142,#3143,#3144),
  .UNSPECIFIED.,.F.,.F.,(5,5),(315.29276102425,319.88750476583),
  .PIECEWISE_BEZIER_KNOTS.);
#3140 = CARTESIAN_POINT('',(18.673619184936,-10.28797867163));
#3141 = CARTESIAN_POINT('',(20.151346784788,-10.3530343899));
#3142 = CARTESIAN_POINT('',(21.61900441667,-10.39283966592));
#3143 = CARTESIAN_POINT('',(23.090093451773,-10.41134101103));
#3144 = CARTESIAN_POINT('',(24.57456132867,-10.41134101103));
#3145 = ( GEOMETRIC_REPRESENTATION_CONTEXT(2) 
PARAMETRIC_REPRESENTATION_CONTEXT() REPRESENTATION_CONTEXT('2D SPACE',''
  ) );
#3146 = PCURVE('',#2025,#3147);
#3147 = DEFINITIONAL_REPRESENTATION('',(#3148),#3152);
#3148 = LINE('',#3149,#3150);
#3149 = CARTESIAN_POINT('',(0.,0.));
#3150 = VECTOR('',#3151,1.);
#3151 = DIRECTION('',(0.,1.));
#3152 = ( GEOMETRIC_REPRESENTATION_CONTEXT(2) 
PARAMETRIC_REPRESENTATION_CONTEXT() REPRESENTATION_CONTEXT('2D SPACE',''
  ) );
#3153 = ORIENTED_EDGE('',*,*,#2973,.T.);
#3154 = ORIENTED_EDGE('',*,*,#1075,.T.);
#3155 = ORIENTED_EDGE('',*,*,#1376,.F.);
#3156 = ORIENTED_EDGE('',*,*,#3157,.F.);
#3157 = EDGE_CURVE('',#3158,#1340,#3160,.T.);
#3158 = VERTEX_POINT('',#3159);
#3159 = CARTESIAN_POINT('',(70.971699874745,20.42543867133,
    8.528471272979));
#3160 = SURFACE_CURVE('',#3161,(#3167,#3176),.PCURVE_S1.);
#3161 = ( BOUNDED_CURVE() B_SPLINE_CURVE(4,(#3162,#3163,#3164,#3165,
#3166),.UNSPECIFIED.,.F.,.F.) B_SPLINE_CURVE_WITH_KNOTS((5,5),(
360.73838210849,365.33312585007),.PIECEWISE_BEZIER_KNOTS.) CURVE() 
GEOMETRIC_REPRESENTATION_ITEM() RATIONAL_B_SPLINE_CURVE((1.,1.,1.,1.,1.)
) REPRESENTATION_ITEM('') );
#3162 = CARTESIAN_POINT('',(70.971699874745,20.42543867133,
    8.528471272979));
#3163 = CARTESIAN_POINT('',(70.971699874745,21.909906548227,
    8.528471272979));
#3164 = CARTESIAN_POINT('',(70.961087939147,23.380995583329,
    8.513315858307));
#3165 = CARTESIAN_POINT('',(70.938256570782,24.848653215212,
    8.480709285086));
#3166 = CARTESIAN_POINT('',(70.900942143734,26.326380815064,
    8.427418760474));
#3167 = PCURVE('',#1090,#3168);
#3168 = DEFINITIONAL_REPRESENTATION('',(#3169),#3175);
#3169 = B_SPLINE_CURVE_WITH_KNOTS('',4,(#3170,#3171,#3172,#3173,#3174),
  .UNSPECIFIED.,.F.,.F.,(5,5),(360.73838210849,365.33312585007),
  .PIECEWISE_BEZIER_KNOTS.);
#3170 = CARTESIAN_POINT('',(65.42543867133,-10.41134101103));
#3171 = CARTESIAN_POINT('',(66.909906548227,-10.41134101103));
#3172 = CARTESIAN_POINT('',(68.38099558333,-10.39283966592));
#3173 = CARTESIAN_POINT('',(69.848653215212,-10.3530343899));
#3174 = CARTESIAN_POINT('',(71.326380815064,-10.28797867163));
#3175 = ( GEOMETRIC_REPRESENTATION_CONTEXT(2) 
PARAMETRIC_REPRESENTATION_CONTEXT() REPRESENTATION_CONTEXT('2D SPACE',''
  ) );
#3176 = PCURVE('',#1540,#3177);
#3177 = DEFINITIONAL_REPRESENTATION('',(#3178),#3182);
#3178 = LINE('',#3179,#3180);
#3179 = CARTESIAN_POINT('',(0.,0.));
#3180 = VECTOR('',#3181,1.);
#3181 = DIRECTION('',(0.,1.));
#3182 = ( GEOMETRIC_REPRESENTATION_CONTEXT(2) 
PARAMETRIC_REPRESENTATION_CONTEXT() REPRESENTATION_CONTEXT('2D SPACE',''
  ) );
#3183 = ORIENTED_EDGE('',*,*,#3184,.F.);
#3184 = EDGE_CURVE('',#3128,#3158,#3185,.T.);
#3185 = SURFACE_CURVE('',#3186,(#3190,#3197),.PCURVE_S1.);
#3186 = LINE('',#3187,#3188);
#3187 = CARTESIAN_POINT('',(70.971699874745,-20.42543867133,
    8.528471272979));
#3188 = VECTOR('',#3189,1.);
#3189 = DIRECTION('',(0.,1.,-0.));
#3190 = PCURVE('',#1090,#3191);
#3191 = DEFINITIONAL_REPRESENTATION('',(#3192),#3196);
#3192 = LINE('',#3193,#3194);
#3193 = CARTESIAN_POINT('',(24.57456132867,-10.41134101103));
#3194 = VECTOR('',#3195,1.);
#3195 = DIRECTION('',(1.,0.));
#3196 = ( GEOMETRIC_REPRESENTATION_CONTEXT(2) 
PARAMETRIC_REPRESENTATION_CONTEXT() REPRESENTATION_CONTEXT('2D SPACE',''
  ) );
#3197 = PCURVE('',#2064,#3198);
#3198 = DEFINITIONAL_REPRESENTATION('',(#3199),#3203);
#3199 = LINE('',#3200,#3201);
#3200 = CARTESIAN_POINT('',(0.,0.));
#3201 = VECTOR('',#3202,1.);
#3202 = DIRECTION('',(0.,1.));
#3203 = ( GEOMETRIC_REPRESENTATION_CONTEXT(2) 
PARAMETRIC_REPRESENTATION_CONTEXT() REPRESENTATION_CONTEXT('2D SPACE',''
  ) );
#3204 = ADVANCED_FACE('',(#3205),#1033,.F.);
#3205 = FACE_BOUND('',#3206,.T.);
#3206 = EDGE_LOOP('',(#3207,#3208));
#3207 = ORIENTED_EDGE('',*,*,#1016,.F.);
#3208 = ORIENTED_EDGE('',*,*,#1398,.T.);
#3209 = ADVANCED_FACE('',(#3210),#1540,.T.);
#3210 = FACE_BOUND('',#3211,.T.);
#3211 = EDGE_LOOP('',(#3212,#3238,#3239,#3240));
#3212 = ORIENTED_EDGE('',*,*,#3213,.T.);
#3213 = EDGE_CURVE('',#3158,#2049,#3214,.T.);
#3214 = SURFACE_CURVE('',#3215,(#3220,#3232),.PCURVE_S1.);
#3215 = CIRCLE('',#3216,20.);
#3216 = AXIS2_PLACEMENT_3D('',#3217,#3218,#3219);
#3217 = CARTESIAN_POINT('',(54.588658988965,20.42543867133,20.));
#3218 = DIRECTION('',(0.,1.,0.));
#3219 = DIRECTION('',(0.819152044289,-0.,-0.573576436351));
#3220 = PCURVE('',#1540,#3221);
#3221 = DEFINITIONAL_REPRESENTATION('',(#3222),#3231);
#3222 = B_SPLINE_CURVE_WITH_KNOTS('',7,(#3223,#3224,#3225,#3226,#3227,
    #3228,#3229,#3230),.UNSPECIFIED.,.F.,.F.,(8,8),(0.,0.959931088597),
  .PIECEWISE_BEZIER_KNOTS.);
#3223 = CARTESIAN_POINT('',(8.881784197001E-16,360.73838210849));
#3224 = CARTESIAN_POINT('',(0.682287974028,360.73838210849));
#3225 = CARTESIAN_POINT('',(1.337865312197,360.73838210849));
#3226 = CARTESIAN_POINT('',(1.979090652044,360.7383821085));
#3227 = CARTESIAN_POINT('',(2.615653089538,360.73838210848));
#3228 = CARTESIAN_POINT('',(3.256878429385,360.73838210849));
#3229 = CARTESIAN_POINT('',(3.912455767554,360.73838210849));
#3230 = CARTESIAN_POINT('',(4.594743741582,360.73838210849));
#3231 = ( GEOMETRIC_REPRESENTATION_CONTEXT(2) 
PARAMETRIC_REPRESENTATION_CONTEXT() REPRESENTATION_CONTEXT('2D SPACE',''
  ) );
#3232 = PCURVE('',#2064,#3233);
#3233 = DEFINITIONAL_REPRESENTATION('',(#3234),#3237);
#3234 = B_SPLINE_CURVE_WITH_KNOTS('',1,(#3235,#3236),.UNSPECIFIED.,.F.,
  .F.,(2,2),(0.,0.959931088597),.PIECEWISE_BEZIER_KNOTS.);
#3235 = CARTESIAN_POINT('',(0.,40.85087734266));
#3236 = CARTESIAN_POINT('',(0.959931088597,40.85087734266));
#3237 = ( GEOMETRIC_REPRESENTATION_CONTEXT(2) 
PARAMETRIC_REPRESENTATION_CONTEXT() REPRESENTATION_CONTEXT('2D SPACE',''
  ) );
#3238 = ORIENTED_EDGE('',*,*,#2076,.T.);
#3239 = ORIENTED_EDGE('',*,*,#1525,.F.);
#3240 = ORIENTED_EDGE('',*,*,#3157,.F.);
#3241 = ADVANCED_FACE('',(#3242),#1661,.T.);
#3242 = FACE_BOUND('',#3243,.T.);
#3243 = EDGE_LOOP('',(#3244,#3245,#3246,#3273));
#3244 = ORIENTED_EDGE('',*,*,#2108,.T.);
#3245 = ORIENTED_EDGE('',*,*,#1641,.T.);
#3246 = ORIENTED_EDGE('',*,*,#3247,.F.);
#3247 = EDGE_CURVE('',#2137,#1642,#3248,.T.);
#3248 = SURFACE_CURVE('',#3249,(#3253,#3259),.PCURVE_S1.);
#3249 = ( BOUNDED_CURVE() B_SPLINE_CURVE(2,(#3250,#3251,#3252),
.UNSPECIFIED.,.F.,.F.) B_SPLINE_CURVE_WITH_KNOTS((3,3),(0.,
4.594743741582),.PIECEWISE_BEZIER_KNOTS.) CURVE() 
GEOMETRIC_REPRESENTATION_ITEM() RATIONAL_B_SPLINE_CURVE((1.,
0.887010833178,1.)) REPRESENTATION_ITEM('') );
#3250 = CARTESIAN_POINT('',(-70.97169987474,20.42543867133,
    8.528471272979));
#3251 = CARTESIAN_POINT('',(-65.,20.42543867133,-8.881784197001E-16));
#3252 = CARTESIAN_POINT('',(-54.58865898896,20.42543867133,0.));
#3253 = PCURVE('',#1661,#3254);
#3254 = DEFINITIONAL_REPRESENTATION('',(#3255),#3258);
#3255 = B_SPLINE_CURVE_WITH_KNOTS('',1,(#3256,#3257),.UNSPECIFIED.,.F.,
  .F.,(2,2),(0.,4.594743741582),.PIECEWISE_BEZIER_KNOTS.);
#3256 = CARTESIAN_POINT('',(0.,119.96250158861));
#3257 = CARTESIAN_POINT('',(4.594743741582,119.96250158861));
#3258 = ( GEOMETRIC_REPRESENTATION_CONTEXT(2) 
PARAMETRIC_REPRESENTATION_CONTEXT() REPRESENTATION_CONTEXT('2D SPACE',''
  ) );
#3259 = PCURVE('',#1700,#3260);
#3260 = DEFINITIONAL_REPRESENTATION('',(#3261),#3272);
#3261 = B_SPLINE_CURVE_WITH_KNOTS('',9,(#3262,#3263,#3264,#3265,#3266,
    #3267,#3268,#3269,#3270,#3271),.UNSPECIFIED.,.F.,.F.,(10,10),(0.,
    4.594743741582),.PIECEWISE_BEZIER_KNOTS.);
#3262 = CARTESIAN_POINT('',(0.,0.));
#3263 = CARTESIAN_POINT('',(0.102610802941,0.));
#3264 = CARTESIAN_POINT('',(0.208120074675,0.));
#3265 = CARTESIAN_POINT('',(0.315886884951,0.));
#3266 = CARTESIAN_POINT('',(0.425103975859,0.));
#3267 = CARTESIAN_POINT('',(0.534827112746,0.));
#3268 = CARTESIAN_POINT('',(0.644044203636,0.));
#3269 = CARTESIAN_POINT('',(0.751811013925,0.));
#3270 = CARTESIAN_POINT('',(0.857320285656,0.));
#3271 = CARTESIAN_POINT('',(0.959931088597,0.));
#3272 = ( GEOMETRIC_REPRESENTATION_CONTEXT(2) 
PARAMETRIC_REPRESENTATION_CONTEXT() REPRESENTATION_CONTEXT('2D SPACE',''
  ) );
#3273 = ORIENTED_EDGE('',*,*,#2136,.F.);
#3274 = ADVANCED_FACE('',(#3275),#2064,.T.);
#3275 = FACE_BOUND('',#3276,.T.);
#3276 = EDGE_LOOP('',(#3277,#3304,#3305,#3306));
#3277 = ORIENTED_EDGE('',*,*,#3278,.T.);
#3278 = EDGE_CURVE('',#3128,#2006,#3279,.T.);
#3279 = SURFACE_CURVE('',#3280,(#3284,#3298),.PCURVE_S1.);
#3280 = ( BOUNDED_CURVE() B_SPLINE_CURVE(2,(#3281,#3282,#3283),
.UNSPECIFIED.,.F.,.F.) B_SPLINE_CURVE_WITH_KNOTS((3,3),(0.,
4.594743741582),.PIECEWISE_BEZIER_KNOTS.) CURVE() 
GEOMETRIC_REPRESENTATION_ITEM() RATIONAL_B_SPLINE_CURVE((1.,
0.887010833178,1.)) REPRESENTATION_ITEM('') );
#3281 = CARTESIAN_POINT('',(70.971699874745,-20.42543867133,
    8.528471272979));
#3282 = CARTESIAN_POINT('',(65.,-20.42543867133,-4.440892098501E-15));
#3283 = CARTESIAN_POINT('',(54.588658988965,-20.42543867133,0.));
#3284 = PCURVE('',#2064,#3285);
#3285 = DEFINITIONAL_REPRESENTATION('',(#3286),#3297);
#3286 = B_SPLINE_CURVE_WITH_KNOTS('',9,(#3287,#3288,#3289,#3290,#3291,
    #3292,#3293,#3294,#3295,#3296),.UNSPECIFIED.,.F.,.F.,(10,10),(0.,
    4.594743741582),.PIECEWISE_BEZIER_KNOTS.);
#3287 = CARTESIAN_POINT('',(-5.551115123126E-17,0.));
#3288 = CARTESIAN_POINT('',(0.102610802941,0.));
#3289 = CARTESIAN_POINT('',(0.208120074675,0.));
#3290 = CARTESIAN_POINT('',(0.315886884951,0.));
#3291 = CARTESIAN_POINT('',(0.425103975859,0.));
#3292 = CARTESIAN_POINT('',(0.534827112746,0.));
#3293 = CARTESIAN_POINT('',(0.644044203636,0.));
#3294 = CARTESIAN_POINT('',(0.751811013925,0.));
#3295 = CARTESIAN_POINT('',(0.857320285656,0.));
#3296 = CARTESIAN_POINT('',(0.959931088597,0.));
#3297 = ( GEOMETRIC_REPRESENTATION_CONTEXT(2) 
PARAMETRIC_REPRESENTATION_CONTEXT() REPRESENTATION_CONTEXT('2D SPACE',''
  ) );
#3298 = PCURVE('',#2025,#3299);
#3299 = DEFINITIONAL_REPRESENTATION('',(#3300),#3303);
#3300 = B_SPLINE_CURVE_WITH_KNOTS('',1,(#3301,#3302),.UNSPECIFIED.,.F.,
  .F.,(2,2),(0.,4.594743741582),.PIECEWISE_BEZIER_KNOTS.);
#3301 = CARTESIAN_POINT('',(0.,319.88750476583));
#3302 = CARTESIAN_POINT('',(4.594743741582,319.88750476583));
#3303 = ( GEOMETRIC_REPRESENTATION_CONTEXT(2) 
PARAMETRIC_REPRESENTATION_CONTEXT() REPRESENTATION_CONTEXT('2D SPACE',''
  ) );
#3304 = ORIENTED_EDGE('',*,*,#2048,.T.);
#3305 = ORIENTED_EDGE('',*,*,#3213,.F.);
#3306 = ORIENTED_EDGE('',*,*,#3184,.F.);
#3307 = ADVANCED_FACE('',(#3308),#1700,.T.);
#3308 = FACE_BOUND('',#3309,.T.);
#3309 = EDGE_LOOP('',(#3310,#3311,#3312,#3338));
#3310 = ORIENTED_EDGE('',*,*,#3247,.T.);
#3311 = ORIENTED_EDGE('',*,*,#1684,.T.);
#3312 = ORIENTED_EDGE('',*,*,#3313,.F.);
#3313 = EDGE_CURVE('',#2189,#1685,#3314,.T.);
#3314 = SURFACE_CURVE('',#3315,(#3320,#3326),.PCURVE_S1.);
#3315 = CIRCLE('',#3316,20.);
#3316 = AXIS2_PLACEMENT_3D('',#3317,#3318,#3319);
#3317 = CARTESIAN_POINT('',(-54.58865898896,-20.42543867133,20.));
#3318 = DIRECTION('',(0.,-1.,0.));
#3319 = DIRECTION('',(-0.819152044289,-0.,-0.573576436351));
#3320 = PCURVE('',#1700,#3321);
#3321 = DEFINITIONAL_REPRESENTATION('',(#3322),#3325);
#3322 = B_SPLINE_CURVE_WITH_KNOTS('',1,(#3323,#3324),.UNSPECIFIED.,.F.,
  .F.,(2,2),(0.,0.959931088597),.PIECEWISE_BEZIER_KNOTS.);
#3323 = CARTESIAN_POINT('',(0.,40.85087734266));
#3324 = CARTESIAN_POINT('',(0.959931088597,40.85087734266));
#3325 = ( GEOMETRIC_REPRESENTATION_CONTEXT(2) 
PARAMETRIC_REPRESENTATION_CONTEXT() REPRESENTATION_CONTEXT('2D SPACE',''
  ) );
#3326 = PCURVE('',#1732,#3327);
#3327 = DEFINITIONAL_REPRESENTATION('',(#3328),#3337);
#3328 = B_SPLINE_CURVE_WITH_KNOTS('',7,(#3329,#3330,#3331,#3332,#3333,
    #3334,#3335,#3336),.UNSPECIFIED.,.F.,.F.,(8,8),(0.,0.959931088597),
  .PIECEWISE_BEZIER_KNOTS.);
#3329 = CARTESIAN_POINT('',(-8.881784197001E-16,160.81337893127));
#3330 = CARTESIAN_POINT('',(0.682287974028,160.81337893127));
#3331 = CARTESIAN_POINT('',(1.337865312197,160.81337893127));
#3332 = CARTESIAN_POINT('',(1.979090652044,160.81337893127));
#3333 = CARTESIAN_POINT('',(2.615653089538,160.81337893126));
#3334 = CARTESIAN_POINT('',(3.256878429385,160.81337893127));
#3335 = CARTESIAN_POINT('',(3.912455767554,160.81337893127));
#3336 = CARTESIAN_POINT('',(4.594743741582,160.81337893127));
#3337 = ( GEOMETRIC_REPRESENTATION_CONTEXT(2) 
PARAMETRIC_REPRESENTATION_CONTEXT() REPRESENTATION_CONTEXT('2D SPACE',''
  ) );
#3338 = ORIENTED_EDGE('',*,*,#2215,.F.);
#3339 = ADVANCED_FACE('',(#3340),#2025,.T.);
#3340 = FACE_BOUND('',#3341,.T.);
#3341 = EDGE_LOOP('',(#3342,#3361,#3362,#3363));
#3342 = ORIENTED_EDGE('',*,*,#3343,.T.);
#3343 = EDGE_CURVE('',#2937,#1938,#3344,.T.);
#3344 = SURFACE_CURVE('',#3345,(#3349,#3355),.PCURVE_S1.);
#3345 = ( BOUNDED_CURVE() B_SPLINE_CURVE(2,(#3346,#3347,#3348),
.UNSPECIFIED.,.F.,.F.) B_SPLINE_CURVE_WITH_KNOTS((3,3),(0.,
29.922136762787),.PIECEWISE_BEZIER_KNOTS.) CURVE() 
GEOMETRIC_REPRESENTATION_ITEM() RATIONAL_B_SPLINE_CURVE((1.,
0.888433751603,1.)) REPRESENTATION_ITEM('') );
#3346 = CARTESIAN_POINT('',(70.900942143734,-26.32638081506,
    8.427418760474));
#3347 = CARTESIAN_POINT('',(65.,-25.36392400297,0.));
#3348 = CARTESIAN_POINT('',(54.801856609865,-23.70058409259,0.));
#3349 = PCURVE('',#2025,#3350);
#3350 = DEFINITIONAL_REPRESENTATION('',(#3351),#3354);
#3351 = B_SPLINE_CURVE_WITH_KNOTS('',1,(#3352,#3353),.UNSPECIFIED.,.F.,
  .F.,(2,2),(0.,29.922136762787),.PIECEWISE_BEZIER_KNOTS.);
#3352 = CARTESIAN_POINT('',(0.,315.29276102425));
#3353 = CARTESIAN_POINT('',(4.594743741582,315.29276102425));
#3354 = ( GEOMETRIC_REPRESENTATION_CONTEXT(2) 
PARAMETRIC_REPRESENTATION_CONTEXT() REPRESENTATION_CONTEXT('2D SPACE',''
  ) );
#3355 = PCURVE('',#1967,#3356);
#3356 = DEFINITIONAL_REPRESENTATION('',(#3357),#3360);
#3357 = B_SPLINE_CURVE_WITH_KNOTS('',1,(#3358,#3359),.UNSPECIFIED.,.F.,
  .F.,(2,2),(0.,29.922136762787),.PIECEWISE_BEZIER_KNOTS.);
#3358 = CARTESIAN_POINT('',(0.,315.29276102425));
#3359 = CARTESIAN_POINT('',(29.922136762787,315.29276102425));
#3360 = ( GEOMETRIC_REPRESENTATION_CONTEXT(2) 
PARAMETRIC_REPRESENTATION_CONTEXT() REPRESENTATION_CONTEXT('2D SPACE',''
  ) );
#3361 = ORIENTED_EDGE('',*,*,#2005,.T.);
#3362 = ORIENTED_EDGE('',*,*,#3278,.F.);
#3363 = ORIENTED_EDGE('',*,*,#3127,.F.);
#3364 = ADVANCED_FACE('',(#3365),#1732,.T.);
#3365 = FACE_BOUND('',#3366,.T.);
#3366 = EDGE_LOOP('',(#3367,#3368,#3369,#3388));
#3367 = ORIENTED_EDGE('',*,*,#3313,.T.);
#3368 = ORIENTED_EDGE('',*,*,#1712,.T.);
#3369 = ORIENTED_EDGE('',*,*,#3370,.F.);
#3370 = EDGE_CURVE('',#2166,#1713,#3371,.T.);
#3371 = SURFACE_CURVE('',#3372,(#3376,#3382),.PCURVE_S1.);
#3372 = ( BOUNDED_CURVE() B_SPLINE_CURVE(2,(#3373,#3374,#3375),
.UNSPECIFIED.,.F.,.F.) B_SPLINE_CURVE_WITH_KNOTS((3,3),(0.,
4.594743741582),.PIECEWISE_BEZIER_KNOTS.) CURVE() 
GEOMETRIC_REPRESENTATION_ITEM() RATIONAL_B_SPLINE_CURVE((1.,
0.888433751603,1.)) REPRESENTATION_ITEM('') );
#3373 = CARTESIAN_POINT('',(-70.90094214373,-26.32638081506,
    8.427418760474));
#3374 = CARTESIAN_POINT('',(-65.,-25.36392400297,8.881784197001E-16));
#3375 = CARTESIAN_POINT('',(-54.80185660986,-23.70058409259,0.));
#3376 = PCURVE('',#1732,#3377);
#3377 = DEFINITIONAL_REPRESENTATION('',(#3378),#3381);
#3378 = B_SPLINE_CURVE_WITH_KNOTS('',1,(#3379,#3380),.UNSPECIFIED.,.F.,
  .F.,(2,2),(0.,4.594743741582),.PIECEWISE_BEZIER_KNOTS.);
#3379 = CARTESIAN_POINT('',(0.,165.40812267285));
#3380 = CARTESIAN_POINT('',(4.594743741582,165.40812267285));
#3381 = ( GEOMETRIC_REPRESENTATION_CONTEXT(2) 
PARAMETRIC_REPRESENTATION_CONTEXT() REPRESENTATION_CONTEXT('2D SPACE',''
  ) );
#3382 = PCURVE('',#1785,#3383);
#3383 = DEFINITIONAL_REPRESENTATION('',(#3384),#3387);
#3384 = B_SPLINE_CURVE_WITH_KNOTS('',1,(#3385,#3386),.UNSPECIFIED.,.F.,
  .F.,(2,2),(0.,4.594743741582),.PIECEWISE_BEZIER_KNOTS.);
#3385 = CARTESIAN_POINT('',(0.,165.40812267285));
#3386 = CARTESIAN_POINT('',(29.922136762787,165.40812267285));
#3387 = ( GEOMETRIC_REPRESENTATION_CONTEXT(2) 
PARAMETRIC_REPRESENTATION_CONTEXT() REPRESENTATION_CONTEXT('2D SPACE',''
  ) );
#3388 = ORIENTED_EDGE('',*,*,#2188,.F.);
#3389 = ADVANCED_FACE('',(#3390),#1967,.T.);
#3390 = FACE_BOUND('',#3391,.T.);
#3391 = EDGE_LOOP('',(#3392,#3411,#3412,#3413));
#3392 = ORIENTED_EDGE('',*,*,#3393,.T.);
#3393 = EDGE_CURVE('',#2862,#1895,#3394,.T.);
#3394 = SURFACE_CURVE('',#3395,(#3399,#3405),.PCURVE_S1.);
#3395 = ( BOUNDED_CURVE() B_SPLINE_CURVE(2,(#3396,#3397,#3398),
.UNSPECIFIED.,.F.,.F.) B_SPLINE_CURVE_WITH_KNOTS((3,3),(0.,
4.594743741582),.PIECEWISE_BEZIER_KNOTS.) CURVE() 
GEOMETRIC_REPRESENTATION_ITEM() RATIONAL_B_SPLINE_CURVE((1.,
0.888433751603,1.)) REPRESENTATION_ITEM('') );
#3396 = CARTESIAN_POINT('',(46.326380815064,-50.90094214373,
    8.427418760474));
#3397 = CARTESIAN_POINT('',(45.363924002974,-45.,8.881784197001E-16));
#3398 = CARTESIAN_POINT('',(43.700584092594,-34.80185660986,0.));
#3399 = PCURVE('',#1967,#3400);
#3400 = DEFINITIONAL_REPRESENTATION('',(#3401),#3404);
#3401 = B_SPLINE_CURVE_WITH_KNOTS('',1,(#3402,#3403),.UNSPECIFIED.,.F.,
  .F.,(2,2),(0.,4.594743741582),.PIECEWISE_BEZIER_KNOTS.);
#3402 = CARTESIAN_POINT('',(0.,285.37062426146));
#3403 = CARTESIAN_POINT('',(29.922136762787,285.37062426146));
#3404 = ( GEOMETRIC_REPRESENTATION_CONTEXT(2) 
PARAMETRIC_REPRESENTATION_CONTEXT() REPRESENTATION_CONTEXT('2D SPACE',''
  ) );
#3405 = PCURVE('',#1914,#3406);
#3406 = DEFINITIONAL_REPRESENTATION('',(#3407),#3410);
#3407 = B_SPLINE_CURVE_WITH_KNOTS('',1,(#3408,#3409),.UNSPECIFIED.,.F.,
  .F.,(2,2),(0.,4.594743741582),.PIECEWISE_BEZIER_KNOTS.);
#3408 = CARTESIAN_POINT('',(0.,285.37062426146));
#3409 = CARTESIAN_POINT('',(4.594743741582,285.37062426146));
#3410 = ( GEOMETRIC_REPRESENTATION_CONTEXT(2) 
PARAMETRIC_REPRESENTATION_CONTEXT() REPRESENTATION_CONTEXT('2D SPACE',''
  ) );
#3411 = ORIENTED_EDGE('',*,*,#1937,.T.);
#3412 = ORIENTED_EDGE('',*,*,#3343,.F.);
#3413 = ORIENTED_EDGE('',*,*,#2936,.F.);
#3414 = ADVANCED_FACE('',(#3415),#1785,.T.);
#3415 = FACE_BOUND('',#3416,.T.);
#3416 = EDGE_LOOP('',(#3417,#3418,#3419,#3438));
#3417 = ORIENTED_EDGE('',*,*,#3370,.T.);
#3418 = ORIENTED_EDGE('',*,*,#1755,.T.);
#3419 = ORIENTED_EDGE('',*,*,#3420,.F.);
#3420 = EDGE_CURVE('',#2642,#1756,#3421,.T.);
#3421 = SURFACE_CURVE('',#3422,(#3426,#3432),.PCURVE_S1.);
#3422 = ( BOUNDED_CURVE() B_SPLINE_CURVE(2,(#3423,#3424,#3425),
.UNSPECIFIED.,.F.,.F.) B_SPLINE_CURVE_WITH_KNOTS((3,3),(0.,
29.922136762787),.PIECEWISE_BEZIER_KNOTS.) CURVE() 
GEOMETRIC_REPRESENTATION_ITEM() RATIONAL_B_SPLINE_CURVE((1.,
0.888433751603,1.)) REPRESENTATION_ITEM('') );
#3423 = CARTESIAN_POINT('',(-46.32638081506,-50.90094214373,
    8.427418760474));
#3424 = CARTESIAN_POINT('',(-45.36392400297,-45.,-8.881784197001E-16));
#3425 = CARTESIAN_POINT('',(-43.70058409259,-34.80185660986,0.));
#3426 = PCURVE('',#1785,#3427);
#3427 = DEFINITIONAL_REPRESENTATION('',(#3428),#3431);
#3428 = B_SPLINE_CURVE_WITH_KNOTS('',1,(#3429,#3430),.UNSPECIFIED.,.F.,
  .F.,(2,2),(0.,29.922136762787),.PIECEWISE_BEZIER_KNOTS.);
#3429 = CARTESIAN_POINT('',(0.,195.33025943564));
#3430 = CARTESIAN_POINT('',(29.922136762787,195.33025943564));
#3431 = ( GEOMETRIC_REPRESENTATION_CONTEXT(2) 
PARAMETRIC_REPRESENTATION_CONTEXT() REPRESENTATION_CONTEXT('2D SPACE',''
  ) );
#3432 = PCURVE('',#1843,#3433);
#3433 = DEFINITIONAL_REPRESENTATION('',(#3434),#3437);
#3434 = B_SPLINE_CURVE_WITH_KNOTS('',1,(#3435,#3436),.UNSPECIFIED.,.F.,
  .F.,(2,2),(0.,29.922136762787),.PIECEWISE_BEZIER_KNOTS.);
#3435 = CARTESIAN_POINT('',(0.,195.33025943564));
#3436 = CARTESIAN_POINT('',(4.594743741582,195.33025943564));
#3437 = ( GEOMETRIC_REPRESENTATION_CONTEXT(2) 
PARAMETRIC_REPRESENTATION_CONTEXT() REPRESENTATION_CONTEXT('2D SPACE',''
  ) );
#3438 = ORIENTED_EDGE('',*,*,#2641,.F.);
#3439 = ADVANCED_FACE('',(#3440),#1914,.T.);
#3440 = FACE_BOUND('',#3441,.T.);
#3441 = EDGE_LOOP('',(#3442,#3468,#3469,#3470));
#3442 = ORIENTED_EDGE('',*,*,#3443,.T.);
#3443 = EDGE_CURVE('',#2885,#1867,#3444,.T.);
#3444 = SURFACE_CURVE('',#3445,(#3450,#3462),.PCURVE_S1.);
#3445 = CIRCLE('',#3446,20.);
#3446 = AXIS2_PLACEMENT_3D('',#3447,#3448,#3449);
#3447 = CARTESIAN_POINT('',(40.42543867133,-34.58865898896,20.));
#3448 = DIRECTION('',(1.,0.,0.));
#3449 = DIRECTION('',(0.,-0.819152044289,-0.573576436351));
#3450 = PCURVE('',#1914,#3451);
#3451 = DEFINITIONAL_REPRESENTATION('',(#3452),#3461);
#3452 = B_SPLINE_CURVE_WITH_KNOTS('',7,(#3453,#3454,#3455,#3456,#3457,
    #3458,#3459,#3460),.UNSPECIFIED.,.F.,.F.,(8,8),(0.,0.959931088597),
  .PIECEWISE_BEZIER_KNOTS.);
#3453 = CARTESIAN_POINT('',(0.,280.77588051988));
#3454 = CARTESIAN_POINT('',(0.682287974028,280.77588051988));
#3455 = CARTESIAN_POINT('',(1.337865312197,280.77588051987));
#3456 = CARTESIAN_POINT('',(1.979090652044,280.77588051989));
#3457 = CARTESIAN_POINT('',(2.615653089538,280.77588051987));
#3458 = CARTESIAN_POINT('',(3.256878429385,280.77588051988));
#3459 = CARTESIAN_POINT('',(3.912455767554,280.77588051988));
#3460 = CARTESIAN_POINT('',(4.594743741582,280.77588051988));
#3461 = ( GEOMETRIC_REPRESENTATION_CONTEXT(2) 
PARAMETRIC_REPRESENTATION_CONTEXT() REPRESENTATION_CONTEXT('2D SPACE',''
  ) );
#3462 = PCURVE('',#1882,#3463);
#3463 = DEFINITIONAL_REPRESENTATION('',(#3464),#3467);
#3464 = B_SPLINE_CURVE_WITH_KNOTS('',1,(#3465,#3466),.UNSPECIFIED.,.F.,
  .F.,(2,2),(0.,0.959931088597),.PIECEWISE_BEZIER_KNOTS.);
#3465 = CARTESIAN_POINT('',(0.,80.85087734266));
#3466 = CARTESIAN_POINT('',(0.959931088597,80.85087734266));
#3467 = ( GEOMETRIC_REPRESENTATION_CONTEXT(2) 
PARAMETRIC_REPRESENTATION_CONTEXT() REPRESENTATION_CONTEXT('2D SPACE',''
  ) );
#3468 = ORIENTED_EDGE('',*,*,#1894,.T.);
#3469 = ORIENTED_EDGE('',*,*,#3393,.F.);
#3470 = ORIENTED_EDGE('',*,*,#2884,.F.);
#3471 = ADVANCED_FACE('',(#3472),#1843,.T.);
#3472 = FACE_BOUND('',#3473,.T.);
#3473 = EDGE_LOOP('',(#3474,#3475,#3476,#3503));
#3474 = ORIENTED_EDGE('',*,*,#3420,.T.);
#3475 = ORIENTED_EDGE('',*,*,#1823,.T.);
#3476 = ORIENTED_EDGE('',*,*,#3477,.F.);
#3477 = EDGE_CURVE('',#2833,#1824,#3478,.T.);
#3478 = SURFACE_CURVE('',#3479,(#3483,#3489),.PCURVE_S1.);
#3479 = ( BOUNDED_CURVE() B_SPLINE_CURVE(2,(#3480,#3481,#3482),
.UNSPECIFIED.,.F.,.F.) B_SPLINE_CURVE_WITH_KNOTS((3,3),(0.,
4.594743741582),.PIECEWISE_BEZIER_KNOTS.) CURVE() 
GEOMETRIC_REPRESENTATION_ITEM() RATIONAL_B_SPLINE_CURVE((1.,
0.887010833178,1.)) REPRESENTATION_ITEM('') );
#3480 = CARTESIAN_POINT('',(-40.42543867133,-50.97169987474,
    8.528471272979));
#3481 = CARTESIAN_POINT('',(-40.42543867133,-45.,-4.440892098501E-15));
#3482 = CARTESIAN_POINT('',(-40.42543867133,-34.58865898896,0.));
#3483 = PCURVE('',#1843,#3484);
#3484 = DEFINITIONAL_REPRESENTATION('',(#3485),#3488);
#3485 = B_SPLINE_CURVE_WITH_KNOTS('',1,(#3486,#3487),.UNSPECIFIED.,.F.,
  .F.,(2,2),(0.,4.594743741582),.PIECEWISE_BEZIER_KNOTS.);
#3486 = CARTESIAN_POINT('',(0.,199.92500317722));
#3487 = CARTESIAN_POINT('',(4.594743741582,199.92500317722));
#3488 = ( GEOMETRIC_REPRESENTATION_CONTEXT(2) 
PARAMETRIC_REPRESENTATION_CONTEXT() REPRESENTATION_CONTEXT('2D SPACE',''
  ) );
#3489 = PCURVE('',#1882,#3490);
#3490 = DEFINITIONAL_REPRESENTATION('',(#3491),#3502);
#3491 = B_SPLINE_CURVE_WITH_KNOTS('',9,(#3492,#3493,#3494,#3495,#3496,
    #3497,#3498,#3499,#3500,#3501),.UNSPECIFIED.,.F.,.F.,(10,10),(0.,
    4.594743741582),.PIECEWISE_BEZIER_KNOTS.);
#3492 = CARTESIAN_POINT('',(5.551115123126E-17,0.));
#3493 = CARTESIAN_POINT('',(0.102610802941,0.));
#3494 = CARTESIAN_POINT('',(0.208120074675,0.));
#3495 = CARTESIAN_POINT('',(0.315886884951,0.));
#3496 = CARTESIAN_POINT('',(0.425103975859,0.));
#3497 = CARTESIAN_POINT('',(0.534827112746,0.));
#3498 = CARTESIAN_POINT('',(0.644044203636,0.));
#3499 = CARTESIAN_POINT('',(0.751811013925,0.));
#3500 = CARTESIAN_POINT('',(0.857320285656,0.));
#3501 = CARTESIAN_POINT('',(0.959931088597,0.));
#3502 = ( GEOMETRIC_REPRESENTATION_CONTEXT(2) 
PARAMETRIC_REPRESENTATION_CONTEXT() REPRESENTATION_CONTEXT('2D SPACE',''
  ) );
#3503 = ORIENTED_EDGE('',*,*,#2832,.F.);
#3504 = ADVANCED_FACE('',(#3505),#1882,.T.);
#3505 = FACE_BOUND('',#3506,.T.);
#3506 = EDGE_LOOP('',(#3507,#3508,#3509,#3510));
#3507 = ORIENTED_EDGE('',*,*,#3477,.T.);
#3508 = ORIENTED_EDGE('',*,*,#1866,.T.);
#3509 = ORIENTED_EDGE('',*,*,#3443,.F.);
#3510 = ORIENTED_EDGE('',*,*,#2911,.F.);
#3511 = ADVANCED_FACE('',(#3512,#3522),#2278,.T.);
#3512 = FACE_BOUND('',#3513,.T.);
#3513 = EDGE_LOOP('',(#3514,#3515,#3516,#3517,#3518,#3519,#3520,#3521));
#3514 = ORIENTED_EDGE('',*,*,#2262,.T.);
#3515 = ORIENTED_EDGE('',*,*,#2366,.T.);
#3516 = ORIENTED_EDGE('',*,*,#2465,.T.);
#3517 = ORIENTED_EDGE('',*,*,#2564,.T.);
#3518 = ORIENTED_EDGE('',*,*,#2614,.T.);
#3519 = ORIENTED_EDGE('',*,*,#2536,.T.);
#3520 = ORIENTED_EDGE('',*,*,#2438,.T.);
#3521 = ORIENTED_EDGE('',*,*,#2338,.T.);
#3522 = FACE_BOUND('',#3523,.T.);
#3523 = EDGE_LOOP('',(#3524,#3553,#3595,#3632,#3659,#3701,#3738,#3765,
    #3807,#3844,#3871,#3913));
#3524 = ORIENTED_EDGE('',*,*,#3525,.F.);
#3525 = EDGE_CURVE('',#3526,#3528,#3530,.T.);
#3526 = VERTEX_POINT('',#3527);
#3527 = CARTESIAN_POINT('',(87.065714659817,-44.12945741972,35.));
#3528 = VERTEX_POINT('',#3529);
#3529 = CARTESIAN_POINT('',(87.065714660693,44.129457420601,
    35.000000001251));
#3530 = SURFACE_CURVE('',#3531,(#3535,#3542),.PCURVE_S1.);
#3531 = LINE('',#3532,#3533);
#3532 = CARTESIAN_POINT('',(87.065714659817,-22.5,35.));
#3533 = VECTOR('',#3534,1.);
#3534 = DIRECTION('',(0.,1.,-0.));
#3535 = PCURVE('',#2278,#3536);
#3536 = DEFINITIONAL_REPRESENTATION('',(#3537),#3541);
#3537 = LINE('',#3538,#3539);
#3538 = CARTESIAN_POINT('',(87.065732558467,-22.50002014741));
#3539 = VECTOR('',#3540,1.);
#3540 = DIRECTION('',(0.,1.));
#3541 = ( GEOMETRIC_REPRESENTATION_CONTEXT(2) 
PARAMETRIC_REPRESENTATION_CONTEXT() REPRESENTATION_CONTEXT('2D SPACE',''
  ) );
#3542 = PCURVE('',#3543,#3548);
#3543 = PLANE('',#3544);
#3544 = AXIS2_PLACEMENT_3D('',#3545,#3546,#3547);
#3545 = CARTESIAN_POINT('',(63.361695911422,-45.,1.147152872702));
#3546 = DIRECTION('',(-0.819152044289,0.,0.573576436351));
#3547 = DIRECTION('',(0.,1.,0.));
#3548 = DEFINITIONAL_REPRESENTATION('',(#3549),#3552);
#3549 = B_SPLINE_CURVE_WITH_KNOTS('',1,(#3550,#3551),.UNSPECIFIED.,.F.,
  .F.,(2,2),(-9.9999775E+06,9.9999775E+06),.PIECEWISE_BEZIER_KNOTS.);
#3550 = CARTESIAN_POINT('',(-9.999955E+06,-41.32669553023));
#3551 = CARTESIAN_POINT('',(1.E+07,-41.32669553023));
#3552 = ( GEOMETRIC_REPRESENTATION_CONTEXT(2) 
PARAMETRIC_REPRESENTATION_CONTEXT() REPRESENTATION_CONTEXT('2D SPACE',''
  ) );
#3553 = ORIENTED_EDGE('',*,*,#3554,.F.);
#3554 = EDGE_CURVE('',#3555,#3526,#3557,.T.);
#3555 = VERTEX_POINT('',#3556);
#3556 = CARTESIAN_POINT('',(80.747762915765,-60.74776300623,35.));
#3557 = SURFACE_CURVE('',#3558,(#3563,#3570),.PCURVE_S1.);
#3558 = ELLIPSE('',#3559,39.405274461866,28.);
#3559 = AXIS2_PLACEMENT_3D('',#3560,#3561,#3562);
#3560 = CARTESIAN_POINT('',(52.884026174496,-32.88402617449,35.));
#3561 = DIRECTION('',(0.,0.,1.));
#3562 = DIRECTION('',(0.707106781187,-0.707106781187,0.));
#3563 = PCURVE('',#2278,#3564);
#3564 = DEFINITIONAL_REPRESENTATION('',(#3565),#3569);
#3565 = ELLIPSE('',#3566,39.405274461866,28.);
#3566 = AXIS2_PLACEMENT_2D('',#3567,#3568);
#3567 = CARTESIAN_POINT('',(52.884044073147,-32.88404632191));
#3568 = DIRECTION('',(0.707106781187,-0.707106781187));
#3569 = ( GEOMETRIC_REPRESENTATION_CONTEXT(2) 
PARAMETRIC_REPRESENTATION_CONTEXT() REPRESENTATION_CONTEXT('2D SPACE',''
  ) );
#3570 = PCURVE('',#3571,#3576);
#3571 = CYLINDRICAL_SURFACE('',#3572,28.);
#3572 = AXIS2_PLACEMENT_3D('',#3573,#3574,#3575);
#3573 = CARTESIAN_POINT('',(46.508843065938,-26.50884306593,
    25.895294950897));
#3574 = DIRECTION('',(0.497542812165,-0.497542812165,0.710564775462));
#3575 = DIRECTION('',(-2.775557561563E-17,-0.819152044289,
    -0.573576436351));
#3576 = DEFINITIONAL_REPRESENTATION('',(#3577),#3594);
#3577 = B_SPLINE_CURVE_WITH_KNOTS('',8,(#3578,#3579,#3580,#3581,#3582,
    #3583,#3584,#3585,#3586,#3587,#3588,#3589,#3590,#3591,#3592,#3593),
  .UNSPECIFIED.,.F.,.F.,(9,7,9),(5.160641750631,6.28318530718,
    7.405728863729),.UNSPECIFIED.);
#3578 = CARTESIAN_POINT('',(-0.50476227426,24.829899203725));
#3579 = CARTESIAN_POINT('',(-0.364444329692,28.336101430851));
#3580 = CARTESIAN_POINT('',(-0.224126385123,31.571908704431));
#3581 = CARTESIAN_POINT('',(-8.380844055421E-02,34.432125829466));
#3582 = CARTESIAN_POINT('',(5.6509504014E-02,36.822917540325));
#3583 = CARTESIAN_POINT('',(0.196827448583,38.668426134274));
#3584 = CARTESIAN_POINT('',(0.337145393151,39.916235037497));
#3585 = CARTESIAN_POINT('',(0.47746333772,40.540139678989));
#3586 = CARTESIAN_POINT('',(0.758099226857,40.540139678989));
#3587 = CARTESIAN_POINT('',(0.898417171425,39.916235037399));
#3588 = CARTESIAN_POINT('',(1.038735115997,38.668426134696));
#3589 = CARTESIAN_POINT('',(1.179053060556,36.822917539888));
#3590 = CARTESIAN_POINT('',(1.319371005135,34.432125829873));
#3591 = CARTESIAN_POINT('',(1.4596889497,31.571908704333));
#3592 = CARTESIAN_POINT('',(1.600006894269,28.336101430851));
#3593 = CARTESIAN_POINT('',(1.740324838838,24.829899203725));
#3594 = ( GEOMETRIC_REPRESENTATION_CONTEXT(2) 
PARAMETRIC_REPRESENTATION_CONTEXT() REPRESENTATION_CONTEXT('2D SPACE',''
  ) );
#3595 = ORIENTED_EDGE('',*,*,#3596,.F.);
#3596 = EDGE_CURVE('',#3597,#3555,#3599,.T.);
#3597 = VERTEX_POINT('',#3598);
#3598 = CARTESIAN_POINT('',(64.129457420641,-67.06571466073,
    35.000000001308));
#3599 = SURFACE_CURVE('',#3600,(#3605,#3612),.PCURVE_S1.);
#3600 = ELLIPSE('',#3601,39.405274461866,28.);
#3601 = AXIS2_PLACEMENT_3D('',#3602,#3603,#3604);
#3602 = CARTESIAN_POINT('',(52.884026174496,-32.88402617449,35.));
#3603 = DIRECTION('',(0.,0.,1.));
#3604 = DIRECTION('',(0.707106781187,-0.707106781187,0.));
#3605 = PCURVE('',#2278,#3606);
#3606 = DEFINITIONAL_REPRESENTATION('',(#3607),#3611);
#3607 = ELLIPSE('',#3608,39.405274461866,28.);
#3608 = AXIS2_PLACEMENT_2D('',#3609,#3610);
#3609 = CARTESIAN_POINT('',(52.884044073147,-32.88404632191));
#3610 = DIRECTION('',(0.707106781187,-0.707106781187));
#3611 = ( GEOMETRIC_REPRESENTATION_CONTEXT(2) 
PARAMETRIC_REPRESENTATION_CONTEXT() REPRESENTATION_CONTEXT('2D SPACE',''
  ) );
#3612 = PCURVE('',#3571,#3613);
#3613 = DEFINITIONAL_REPRESENTATION('',(#3614),#3631);
#3614 = B_SPLINE_CURVE_WITH_KNOTS('',8,(#3615,#3616,#3617,#3618,#3619,
    #3620,#3621,#3622,#3623,#3624,#3625,#3626,#3627,#3628,#3629,#3630),
  .UNSPECIFIED.,.F.,.F.,(9,7,9),(5.160641750631,6.28318530718,
    7.405728863729),.UNSPECIFIED.);
#3615 = CARTESIAN_POINT('',(-0.50476227426,24.829899203725));
#3616 = CARTESIAN_POINT('',(-0.364444329692,28.336101430851));
#3617 = CARTESIAN_POINT('',(-0.224126385123,31.571908704431));
#3618 = CARTESIAN_POINT('',(-8.380844055421E-02,34.432125829466));
#3619 = CARTESIAN_POINT('',(5.6509504014E-02,36.822917540325));
#3620 = CARTESIAN_POINT('',(0.196827448583,38.668426134274));
#3621 = CARTESIAN_POINT('',(0.337145393151,39.916235037497));
#3622 = CARTESIAN_POINT('',(0.47746333772,40.540139678989));
#3623 = CARTESIAN_POINT('',(0.758099226857,40.540139678989));
#3624 = CARTESIAN_POINT('',(0.898417171425,39.916235037399));
#3625 = CARTESIAN_POINT('',(1.038735115997,38.668426134696));
#3626 = CARTESIAN_POINT('',(1.179053060556,36.822917539888));
#3627 = CARTESIAN_POINT('',(1.319371005135,34.432125829873));
#3628 = CARTESIAN_POINT('',(1.4596889497,31.571908704333));
#3629 = CARTESIAN_POINT('',(1.600006894269,28.336101430851));
#3630 = CARTESIAN_POINT('',(1.740324838838,24.829899203725));
#3631 = ( GEOMETRIC_REPRESENTATION_CONTEXT(2) 
PARAMETRIC_REPRESENTATION_CONTEXT() REPRESENTATION_CONTEXT('2D SPACE',''
  ) );
#3632 = ORIENTED_EDGE('',*,*,#3633,.F.);
#3633 = EDGE_CURVE('',#3634,#3597,#3636,.T.);
#3634 = VERTEX_POINT('',#3635);
#3635 = CARTESIAN_POINT('',(-64.1294574206,-67.06571466069,
    35.000000001253));
#3636 = SURFACE_CURVE('',#3637,(#3641,#3648),.PCURVE_S1.);
#3637 = LINE('',#3638,#3639);
#3638 = CARTESIAN_POINT('',(-32.5,-67.06571465981,35.));
#3639 = VECTOR('',#3640,1.);
#3640 = DIRECTION('',(1.,0.,0.));
#3641 = PCURVE('',#2278,#3642);
#3642 = DEFINITIONAL_REPRESENTATION('',(#3643),#3647);
#3643 = LINE('',#3644,#3645);
#3644 = CARTESIAN_POINT('',(-32.49998210135,-67.06573480723));
#3645 = VECTOR('',#3646,1.);
#3646 = DIRECTION('',(1.,0.));
#3647 = ( GEOMETRIC_REPRESENTATION_CONTEXT(2) 
PARAMETRIC_REPRESENTATION_CONTEXT() REPRESENTATION_CONTEXT('2D SPACE',''
  ) );
#3648 = PCURVE('',#3649,#3654);
#3649 = PLANE('',#3650);
#3650 = AXIS2_PLACEMENT_3D('',#3651,#3652,#3653);
#3651 = CARTESIAN_POINT('',(-65.,-43.36169591142,1.147152872702));
#3652 = DIRECTION('',(0.,0.819152044289,0.573576436351));
#3653 = DIRECTION('',(1.,0.,0.));
#3654 = DEFINITIONAL_REPRESENTATION('',(#3655),#3658);
#3655 = B_SPLINE_CURVE_WITH_KNOTS('',1,(#3656,#3657),.UNSPECIFIED.,.F.,
  .F.,(2,2),(-9.9999675E+06,9.9999675E+06),.PIECEWISE_BEZIER_KNOTS.);
#3656 = CARTESIAN_POINT('',(-9.999935E+06,-41.32669553023));
#3657 = CARTESIAN_POINT('',(1.E+07,-41.32669553023));
#3658 = ( GEOMETRIC_REPRESENTATION_CONTEXT(2) 
PARAMETRIC_REPRESENTATION_CONTEXT() REPRESENTATION_CONTEXT('2D SPACE',''
  ) );
#3659 = ORIENTED_EDGE('',*,*,#3660,.F.);
#3660 = EDGE_CURVE('',#3661,#3634,#3663,.T.);
#3661 = VERTEX_POINT('',#3662);
#3662 = CARTESIAN_POINT('',(-80.74776346328,-60.74776245871,35.));
#3663 = SURFACE_CURVE('',#3664,(#3669,#3676),.PCURVE_S1.);
#3664 = ELLIPSE('',#3665,39.405274461866,28.);
#3665 = AXIS2_PLACEMENT_3D('',#3666,#3667,#3668);
#3666 = CARTESIAN_POINT('',(-52.88402617449,-32.88402617449,35.));
#3667 = DIRECTION('',(0.,0.,1.));
#3668 = DIRECTION('',(-0.707106781187,-0.707106781187,0.));
#3669 = PCURVE('',#2278,#3670);
#3670 = DEFINITIONAL_REPRESENTATION('',(#3671),#3675);
#3671 = ELLIPSE('',#3672,39.405274461866,28.);
#3672 = AXIS2_PLACEMENT_2D('',#3673,#3674);
#3673 = CARTESIAN_POINT('',(-52.88400827584,-32.88404632191));
#3674 = DIRECTION('',(-0.707106781187,-0.707106781187));
#3675 = ( GEOMETRIC_REPRESENTATION_CONTEXT(2) 
PARAMETRIC_REPRESENTATION_CONTEXT() REPRESENTATION_CONTEXT('2D SPACE',''
  ) );
#3676 = PCURVE('',#3677,#3682);
#3677 = CYLINDRICAL_SURFACE('',#3678,28.);
#3678 = AXIS2_PLACEMENT_3D('',#3679,#3680,#3681);
#3679 = CARTESIAN_POINT('',(-46.50884306593,-26.50884306593,
    25.895294950897));
#3680 = DIRECTION('',(-0.497542812165,-0.497542812165,0.710564775462));
#3681 = DIRECTION('',(-0.819152044289,2.775557561563E-17,-0.573576436351
    ));
#3682 = DEFINITIONAL_REPRESENTATION('',(#3683),#3700);
#3683 = B_SPLINE_CURVE_WITH_KNOTS('',8,(#3684,#3685,#3686,#3687,#3688,
    #3689,#3690,#3691,#3692,#3693,#3694,#3695,#3696,#3697,#3698,#3699),
  .UNSPECIFIED.,.F.,.F.,(9,7,9),(5.160641750631,6.28318530718,
    7.405728863729),.UNSPECIFIED.);
#3684 = CARTESIAN_POINT('',(-0.50476227426,24.829899203725));
#3685 = CARTESIAN_POINT('',(-0.364444329692,28.33610143085));
#3686 = CARTESIAN_POINT('',(-0.224126385123,31.571908704303));
#3687 = CARTESIAN_POINT('',(-8.380844055415E-02,34.432125829844));
#3688 = CARTESIAN_POINT('',(5.650950401412E-02,36.822917539597));
#3689 = CARTESIAN_POINT('',(0.196827448583,38.668426134667));
#3690 = CARTESIAN_POINT('',(0.337145393152,39.916235037381));
#3691 = CARTESIAN_POINT('',(0.47746333772,40.540139678989));
#3692 = CARTESIAN_POINT('',(0.758099226857,40.540139678989));
#3693 = CARTESIAN_POINT('',(0.898417171426,39.916235037439));
#3694 = CARTESIAN_POINT('',(1.038735115991,38.668426134478));
#3695 = CARTESIAN_POINT('',(1.179053060569,36.822917539714));
#3696 = CARTESIAN_POINT('',(1.31937100513,34.432125829699));
#3697 = CARTESIAN_POINT('',(1.459688949701,31.571908704333));
#3698 = CARTESIAN_POINT('',(1.600006894269,28.336101430851));
#3699 = CARTESIAN_POINT('',(1.740324838838,24.829899203725));
#3700 = ( GEOMETRIC_REPRESENTATION_CONTEXT(2) 
PARAMETRIC_REPRESENTATION_CONTEXT() REPRESENTATION_CONTEXT('2D SPACE',''
  ) );
#3701 = ORIENTED_EDGE('',*,*,#3702,.F.);
#3702 = EDGE_CURVE('',#3703,#3661,#3705,.T.);
#3703 = VERTEX_POINT('',#3704);
#3704 = CARTESIAN_POINT('',(-87.06571465981,-44.12945741972,35.));
#3705 = SURFACE_CURVE('',#3706,(#3711,#3718),.PCURVE_S1.);
#3706 = ELLIPSE('',#3707,39.405274461866,28.);
#3707 = AXIS2_PLACEMENT_3D('',#3708,#3709,#3710);
#3708 = CARTESIAN_POINT('',(-52.88402617449,-32.88402617449,35.));
#3709 = DIRECTION('',(0.,0.,1.));
#3710 = DIRECTION('',(-0.707106781187,-0.707106781187,0.));
#3711 = PCURVE('',#2278,#3712);
#3712 = DEFINITIONAL_REPRESENTATION('',(#3713),#3717);
#3713 = ELLIPSE('',#3714,39.405274461866,28.);
#3714 = AXIS2_PLACEMENT_2D('',#3715,#3716);
#3715 = CARTESIAN_POINT('',(-52.88400827584,-32.88404632191));
#3716 = DIRECTION('',(-0.707106781187,-0.707106781187));
#3717 = ( GEOMETRIC_REPRESENTATION_CONTEXT(2) 
PARAMETRIC_REPRESENTATION_CONTEXT() REPRESENTATION_CONTEXT('2D SPACE',''
  ) );
#3718 = PCURVE('',#3677,#3719);
#3719 = DEFINITIONAL_REPRESENTATION('',(#3720),#3737);
#3720 = B_SPLINE_CURVE_WITH_KNOTS('',8,(#3721,#3722,#3723,#3724,#3725,
    #3726,#3727,#3728,#3729,#3730,#3731,#3732,#3733,#3734,#3735,#3736),
  .UNSPECIFIED.,.F.,.F.,(9,7,9),(5.160641750631,6.28318530718,
    7.405728863729),.UNSPECIFIED.);
#3721 = CARTESIAN_POINT('',(-0.50476227426,24.829899203725));
#3722 = CARTESIAN_POINT('',(-0.364444329692,28.33610143085));
#3723 = CARTESIAN_POINT('',(-0.224126385123,31.571908704303));
#3724 = CARTESIAN_POINT('',(-8.380844055415E-02,34.432125829844));
#3725 = CARTESIAN_POINT('',(5.650950401412E-02,36.822917539597));
#3726 = CARTESIAN_POINT('',(0.196827448583,38.668426134667));
#3727 = CARTESIAN_POINT('',(0.337145393152,39.916235037381));
#3728 = CARTESIAN_POINT('',(0.47746333772,40.540139678989));
#3729 = CARTESIAN_POINT('',(0.758099226857,40.540139678989));
#3730 = CARTESIAN_POINT('',(0.898417171426,39.916235037439));
#3731 = CARTESIAN_POINT('',(1.038735115991,38.668426134478));
#3732 = CARTESIAN_POINT('',(1.179053060569,36.822917539714));
#3733 = CARTESIAN_POINT('',(1.31937100513,34.432125829699));
#3734 = CARTESIAN_POINT('',(1.459688949701,31.571908704333));
#3735 = CARTESIAN_POINT('',(1.600006894269,28.336101430851));
#3736 = CARTESIAN_POINT('',(1.740324838838,24.829899203725));
#3737 = ( GEOMETRIC_REPRESENTATION_CONTEXT(2) 
PARAMETRIC_REPRESENTATION_CONTEXT() REPRESENTATION_CONTEXT('2D SPACE',''
  ) );
#3738 = ORIENTED_EDGE('',*,*,#3739,.F.);
#3739 = EDGE_CURVE('',#3740,#3703,#3742,.T.);
#3740 = VERTEX_POINT('',#3741);
#3741 = CARTESIAN_POINT('',(-87.06571466074,44.129457420652,
    35.000000001324));
#3742 = SURFACE_CURVE('',#3743,(#3747,#3754),.PCURVE_S1.);
#3743 = LINE('',#3744,#3745);
#3744 = CARTESIAN_POINT('',(-87.06571465981,22.5,35.));
#3745 = VECTOR('',#3746,1.);
#3746 = DIRECTION('',(0.,-1.,0.));
#3747 = PCURVE('',#2278,#3748);
#3748 = DEFINITIONAL_REPRESENTATION('',(#3749),#3753);
#3749 = LINE('',#3750,#3751);
#3750 = CARTESIAN_POINT('',(-87.06569676116,22.499979852585));
#3751 = VECTOR('',#3752,1.);
#3752 = DIRECTION('',(0.,-1.));
#3753 = ( GEOMETRIC_REPRESENTATION_CONTEXT(2) 
PARAMETRIC_REPRESENTATION_CONTEXT() REPRESENTATION_CONTEXT('2D SPACE',''
  ) );
#3754 = PCURVE('',#3755,#3760);
#3755 = PLANE('',#3756);
#3756 = AXIS2_PLACEMENT_3D('',#3757,#3758,#3759);
#3757 = CARTESIAN_POINT('',(-63.36169591142,45.,1.147152872702));
#3758 = DIRECTION('',(0.819152044289,0.,0.573576436351));
#3759 = DIRECTION('',(0.,-1.,0.));
#3760 = DEFINITIONAL_REPRESENTATION('',(#3761),#3764);
#3761 = B_SPLINE_CURVE_WITH_KNOTS('',1,(#3762,#3763),.UNSPECIFIED.,.F.,
  .F.,(2,2),(-9.9999775E+06,9.9999775E+06),.PIECEWISE_BEZIER_KNOTS.);
#3762 = CARTESIAN_POINT('',(-9.999955E+06,-41.32669553023));
#3763 = CARTESIAN_POINT('',(1.E+07,-41.32669553023));
#3764 = ( GEOMETRIC_REPRESENTATION_CONTEXT(2) 
PARAMETRIC_REPRESENTATION_CONTEXT() REPRESENTATION_CONTEXT('2D SPACE',''
  ) );
#3765 = ORIENTED_EDGE('',*,*,#3766,.F.);
#3766 = EDGE_CURVE('',#3767,#3740,#3769,.T.);
#3767 = VERTEX_POINT('',#3768);
#3768 = CARTESIAN_POINT('',(-80.74776285973,60.747763062266,35.));
#3769 = SURFACE_CURVE('',#3770,(#3775,#3782),.PCURVE_S1.);
#3770 = ELLIPSE('',#3771,39.405274461866,28.);
#3771 = AXIS2_PLACEMENT_3D('',#3772,#3773,#3774);
#3772 = CARTESIAN_POINT('',(-52.88402617449,32.884026174496,35.));
#3773 = DIRECTION('',(0.,0.,1.));
#3774 = DIRECTION('',(-0.707106781187,0.707106781187,0.));
#3775 = PCURVE('',#2278,#3776);
#3776 = DEFINITIONAL_REPRESENTATION('',(#3777),#3781);
#3777 = ELLIPSE('',#3778,39.405274461866,28.);
#3778 = AXIS2_PLACEMENT_2D('',#3779,#3780);
#3779 = CARTESIAN_POINT('',(-52.88400827584,32.884006027081));
#3780 = DIRECTION('',(-0.707106781187,0.707106781187));
#3781 = ( GEOMETRIC_REPRESENTATION_CONTEXT(2) 
PARAMETRIC_REPRESENTATION_CONTEXT() REPRESENTATION_CONTEXT('2D SPACE',''
  ) );
#3782 = PCURVE('',#3783,#3788);
#3783 = CYLINDRICAL_SURFACE('',#3784,28.);
#3784 = AXIS2_PLACEMENT_3D('',#3785,#3786,#3787);
#3785 = CARTESIAN_POINT('',(-46.50884306593,26.508843065938,
    25.895294950897));
#3786 = DIRECTION('',(-0.497542812165,0.497542812165,0.710564775462));
#3787 = DIRECTION('',(2.775557561563E-17,0.819152044289,-0.573576436351)
  );
#3788 = DEFINITIONAL_REPRESENTATION('',(#3789),#3806);
#3789 = B_SPLINE_CURVE_WITH_KNOTS('',8,(#3790,#3791,#3792,#3793,#3794,
    #3795,#3796,#3797,#3798,#3799,#3800,#3801,#3802,#3803,#3804,#3805),
  .UNSPECIFIED.,.F.,.F.,(9,7,9),(5.160641750631,6.28318530718,
    7.405728863729),.UNSPECIFIED.);
#3790 = CARTESIAN_POINT('',(-0.50476227426,24.829899203725));
#3791 = CARTESIAN_POINT('',(-0.364444329692,28.336101430851));
#3792 = CARTESIAN_POINT('',(-0.224126385123,31.571908704431));
#3793 = CARTESIAN_POINT('',(-8.380844055421E-02,34.432125829466));
#3794 = CARTESIAN_POINT('',(5.6509504014E-02,36.822917540325));
#3795 = CARTESIAN_POINT('',(0.196827448583,38.668426134274));
#3796 = CARTESIAN_POINT('',(0.337145393151,39.916235037497));
#3797 = CARTESIAN_POINT('',(0.47746333772,40.540139678989));
#3798 = CARTESIAN_POINT('',(0.758099226857,40.540139678989));
#3799 = CARTESIAN_POINT('',(0.898417171425,39.916235037399));
#3800 = CARTESIAN_POINT('',(1.038735115997,38.668426134696));
#3801 = CARTESIAN_POINT('',(1.179053060556,36.822917539888));
#3802 = CARTESIAN_POINT('',(1.319371005135,34.432125829873));
#3803 = CARTESIAN_POINT('',(1.4596889497,31.571908704333));
#3804 = CARTESIAN_POINT('',(1.600006894269,28.336101430851));
#3805 = CARTESIAN_POINT('',(1.740324838838,24.829899203725));
#3806 = ( GEOMETRIC_REPRESENTATION_CONTEXT(2) 
PARAMETRIC_REPRESENTATION_CONTEXT() REPRESENTATION_CONTEXT('2D SPACE',''
  ) );
#3807 = ORIENTED_EDGE('',*,*,#3808,.F.);
#3808 = EDGE_CURVE('',#3809,#3767,#3811,.T.);
#3809 = VERTEX_POINT('',#3810);
#3810 = CARTESIAN_POINT('',(-64.12945741972,67.065714659817,35.));
#3811 = SURFACE_CURVE('',#3812,(#3817,#3824),.PCURVE_S1.);
#3812 = ELLIPSE('',#3813,39.405274461866,28.);
#3813 = AXIS2_PLACEMENT_3D('',#3814,#3815,#3816);
#3814 = CARTESIAN_POINT('',(-52.88402617449,32.884026174496,35.));
#3815 = DIRECTION('',(0.,0.,1.));
#3816 = DIRECTION('',(-0.707106781187,0.707106781187,0.));
#3817 = PCURVE('',#2278,#3818);
#3818 = DEFINITIONAL_REPRESENTATION('',(#3819),#3823);
#3819 = ELLIPSE('',#3820,39.405274461866,28.);
#3820 = AXIS2_PLACEMENT_2D('',#3821,#3822);
#3821 = CARTESIAN_POINT('',(-52.88400827584,32.884006027081));
#3822 = DIRECTION('',(-0.707106781187,0.707106781187));
#3823 = ( GEOMETRIC_REPRESENTATION_CONTEXT(2) 
PARAMETRIC_REPRESENTATION_CONTEXT() REPRESENTATION_CONTEXT('2D SPACE',''
  ) );
#3824 = PCURVE('',#3783,#3825);
#3825 = DEFINITIONAL_REPRESENTATION('',(#3826),#3843);
#3826 = B_SPLINE_CURVE_WITH_KNOTS('',8,(#3827,#3828,#3829,#3830,#3831,
    #3832,#3833,#3834,#3835,#3836,#3837,#3838,#3839,#3840,#3841,#3842),
  .UNSPECIFIED.,.F.,.F.,(9,7,9),(5.160641750631,6.28318530718,
    7.405728863729),.UNSPECIFIED.);
#3827 = CARTESIAN_POINT('',(-0.50476227426,24.829899203725));
#3828 = CARTESIAN_POINT('',(-0.364444329692,28.336101430851));
#3829 = CARTESIAN_POINT('',(-0.224126385123,31.571908704431));
#3830 = CARTESIAN_POINT('',(-8.380844055421E-02,34.432125829466));
#3831 = CARTESIAN_POINT('',(5.6509504014E-02,36.822917540325));
#3832 = CARTESIAN_POINT('',(0.196827448583,38.668426134274));
#3833 = CARTESIAN_POINT('',(0.337145393151,39.916235037497));
#3834 = CARTESIAN_POINT('',(0.47746333772,40.540139678989));
#3835 = CARTESIAN_POINT('',(0.758099226857,40.540139678989));
#3836 = CARTESIAN_POINT('',(0.898417171425,39.916235037399));
#3837 = CARTESIAN_POINT('',(1.038735115997,38.668426134696));
#3838 = CARTESIAN_POINT('',(1.179053060556,36.822917539888));
#3839 = CARTESIAN_POINT('',(1.319371005135,34.432125829873));
#3840 = CARTESIAN_POINT('',(1.4596889497,31.571908704333));
#3841 = CARTESIAN_POINT('',(1.600006894269,28.336101430851));
#3842 = CARTESIAN_POINT('',(1.740324838838,24.829899203725));
#3843 = ( GEOMETRIC_REPRESENTATION_CONTEXT(2) 
PARAMETRIC_REPRESENTATION_CONTEXT() REPRESENTATION_CONTEXT('2D SPACE',''
  ) );
#3844 = ORIENTED_EDGE('',*,*,#3845,.F.);
#3845 = EDGE_CURVE('',#3846,#3809,#3848,.T.);
#3846 = VERTEX_POINT('',#3847);
#3847 = CARTESIAN_POINT('',(64.129457419725,67.065714659817,35.));
#3848 = SURFACE_CURVE('',#3849,(#3853,#3860),.PCURVE_S1.);
#3849 = LINE('',#3850,#3851);
#3850 = CARTESIAN_POINT('',(32.5,67.065714659817,35.));
#3851 = VECTOR('',#3852,1.);
#3852 = DIRECTION('',(-1.,0.,0.));
#3853 = PCURVE('',#2278,#3854);
#3854 = DEFINITIONAL_REPRESENTATION('',(#3855),#3859);
#3855 = LINE('',#3856,#3857);
#3856 = CARTESIAN_POINT('',(32.50001789865,67.065694512402));
#3857 = VECTOR('',#3858,1.);
#3858 = DIRECTION('',(-1.,0.));
#3859 = ( GEOMETRIC_REPRESENTATION_CONTEXT(2) 
PARAMETRIC_REPRESENTATION_CONTEXT() REPRESENTATION_CONTEXT('2D SPACE',''
  ) );
#3860 = PCURVE('',#3861,#3866);
#3861 = PLANE('',#3862);
#3862 = AXIS2_PLACEMENT_3D('',#3863,#3864,#3865);
#3863 = CARTESIAN_POINT('',(65.,43.361695911422,1.147152872702));
#3864 = DIRECTION('',(0.,-0.819152044289,0.573576436351));
#3865 = DIRECTION('',(-1.,0.,0.));
#3866 = DEFINITIONAL_REPRESENTATION('',(#3867),#3870);
#3867 = B_SPLINE_CURVE_WITH_KNOTS('',1,(#3868,#3869),.UNSPECIFIED.,.F.,
  .F.,(2,2),(-9.9999675E+06,9.9999675E+06),.PIECEWISE_BEZIER_KNOTS.);
#3868 = CARTESIAN_POINT('',(-9.999935E+06,-41.32669553023));
#3869 = CARTESIAN_POINT('',(1.E+07,-41.32669553023));
#3870 = ( GEOMETRIC_REPRESENTATION_CONTEXT(2) 
PARAMETRIC_REPRESENTATION_CONTEXT() REPRESENTATION_CONTEXT('2D SPACE',''
  ) );
#3871 = ORIENTED_EDGE('',*,*,#3872,.F.);
#3872 = EDGE_CURVE('',#3873,#3846,#3875,.T.);
#3873 = VERTEX_POINT('',#3874);
#3874 = CARTESIAN_POINT('',(80.747763061213,60.747762860785,35.));
#3875 = SURFACE_CURVE('',#3876,(#3881,#3888),.PCURVE_S1.);
#3876 = ELLIPSE('',#3877,39.405274461866,28.);
#3877 = AXIS2_PLACEMENT_3D('',#3878,#3879,#3880);
#3878 = CARTESIAN_POINT('',(52.884026174496,32.884026174496,35.));
#3879 = DIRECTION('',(0.,0.,1.));
#3880 = DIRECTION('',(0.707106781187,0.707106781187,-0.));
#3881 = PCURVE('',#2278,#3882);
#3882 = DEFINITIONAL_REPRESENTATION('',(#3883),#3887);
#3883 = ELLIPSE('',#3884,39.405274461866,28.);
#3884 = AXIS2_PLACEMENT_2D('',#3885,#3886);
#3885 = CARTESIAN_POINT('',(52.884044073147,32.884006027081));
#3886 = DIRECTION('',(0.707106781187,0.707106781187));
#3887 = ( GEOMETRIC_REPRESENTATION_CONTEXT(2) 
PARAMETRIC_REPRESENTATION_CONTEXT() REPRESENTATION_CONTEXT('2D SPACE',''
  ) );
#3888 = PCURVE('',#3889,#3894);
#3889 = CYLINDRICAL_SURFACE('',#3890,28.);
#3890 = AXIS2_PLACEMENT_3D('',#3891,#3892,#3893);
#3891 = CARTESIAN_POINT('',(46.508843065938,26.508843065938,
    25.895294950897));
#3892 = DIRECTION('',(0.497542812165,0.497542812165,0.710564775462));
#3893 = DIRECTION('',(-2.775557561563E-17,0.819152044289,-0.573576436351
    ));
#3894 = DEFINITIONAL_REPRESENTATION('',(#3895),#3912);
#3895 = B_SPLINE_CURVE_WITH_KNOTS('',8,(#3896,#3897,#3898,#3899,#3900,
    #3901,#3902,#3903,#3904,#3905,#3906,#3907,#3908,#3909,#3910,#3911),
  .UNSPECIFIED.,.F.,.F.,(9,7,9),(5.160641750631,6.28318530718,
    7.405728863729),.UNSPECIFIED.);
#3896 = CARTESIAN_POINT('',(-1.740324838838,24.829899203725));
#3897 = CARTESIAN_POINT('',(-1.600006894269,28.336101430851));
#3898 = CARTESIAN_POINT('',(-1.459688949702,31.571908704347));
#3899 = CARTESIAN_POINT('',(-1.319371005127,34.432125829611));
#3900 = CARTESIAN_POINT('',(-1.179053060567,36.822917539888));
#3901 = CARTESIAN_POINT('',(-1.038735115988,38.668426134478));
#3902 = CARTESIAN_POINT('',(-0.898417171427,39.916235037432));
#3903 = CARTESIAN_POINT('',(-0.758099226857,40.540139678989));
#3904 = CARTESIAN_POINT('',(-0.47746333772,40.540139678989));
#3905 = CARTESIAN_POINT('',(-0.337145393152,39.916235037439));
#3906 = CARTESIAN_POINT('',(-0.196827448583,38.668426134478));
#3907 = CARTESIAN_POINT('',(-5.650950401421E-02,36.822917539714));
#3908 = CARTESIAN_POINT('',(8.380844055427E-02,34.432125829699));
#3909 = CARTESIAN_POINT('',(0.224126385123,31.571908704333));
#3910 = CARTESIAN_POINT('',(0.364444329692,28.336101430851));
#3911 = CARTESIAN_POINT('',(0.50476227426,24.829899203725));
#3912 = ( GEOMETRIC_REPRESENTATION_CONTEXT(2) 
PARAMETRIC_REPRESENTATION_CONTEXT() REPRESENTATION_CONTEXT('2D SPACE',''
  ) );
#3913 = ORIENTED_EDGE('',*,*,#3914,.F.);
#3914 = EDGE_CURVE('',#3528,#3873,#3915,.T.);
#3915 = SURFACE_CURVE('',#3916,(#3921,#3928),.PCURVE_S1.);
#3916 = ELLIPSE('',#3917,39.405274461866,28.);
#3917 = AXIS2_PLACEMENT_3D('',#3918,#3919,#3920);
#3918 = CARTESIAN_POINT('',(52.884026174496,32.884026174496,35.));
#3919 = DIRECTION('',(0.,0.,1.));
#3920 = DIRECTION('',(0.707106781187,0.707106781187,-0.));
#3921 = PCURVE('',#2278,#3922);
#3922 = DEFINITIONAL_REPRESENTATION('',(#3923),#3927);
#3923 = ELLIPSE('',#3924,39.405274461866,28.);
#3924 = AXIS2_PLACEMENT_2D('',#3925,#3926);
#3925 = CARTESIAN_POINT('',(52.884044073147,32.884006027081));
#3926 = DIRECTION('',(0.707106781187,0.707106781187));
#3927 = ( GEOMETRIC_REPRESENTATION_CONTEXT(2) 
PARAMETRIC_REPRESENTATION_CONTEXT() REPRESENTATION_CONTEXT('2D SPACE',''
  ) );
#3928 = PCURVE('',#3889,#3929);
#3929 = DEFINITIONAL_REPRESENTATION('',(#3930),#3947);
#3930 = B_SPLINE_CURVE_WITH_KNOTS('',8,(#3931,#3932,#3933,#3934,#3935,
    #3936,#3937,#3938,#3939,#3940,#3941,#3942,#3943,#3944,#3945,#3946),
  .UNSPECIFIED.,.F.,.F.,(9,7,9),(5.160641750631,6.28318530718,
    7.405728863729),.UNSPECIFIED.);
#3931 = CARTESIAN_POINT('',(-1.740324838838,24.829899203725));
#3932 = CARTESIAN_POINT('',(-1.600006894269,28.336101430851));
#3933 = CARTESIAN_POINT('',(-1.459688949702,31.571908704347));
#3934 = CARTESIAN_POINT('',(-1.319371005127,34.432125829611));
#3935 = CARTESIAN_POINT('',(-1.179053060567,36.822917539888));
#3936 = CARTESIAN_POINT('',(-1.038735115988,38.668426134478));
#3937 = CARTESIAN_POINT('',(-0.898417171427,39.916235037432));
#3938 = CARTESIAN_POINT('',(-0.758099226857,40.540139678989));
#3939 = CARTESIAN_POINT('',(-0.47746333772,40.540139678989));
#3940 = CARTESIAN_POINT('',(-0.337145393152,39.916235037439));
#3941 = CARTESIAN_POINT('',(-0.196827448583,38.668426134478));
#3942 = CARTESIAN_POINT('',(-5.650950401421E-02,36.822917539714));
#3943 = CARTESIAN_POINT('',(8.380844055427E-02,34.432125829699));
#3944 = CARTESIAN_POINT('',(0.224126385123,31.571908704333));
#3945 = CARTESIAN_POINT('',(0.364444329692,28.336101430851));
#3946 = CARTESIAN_POINT('',(0.50476227426,24.829899203725));
#3947 = ( GEOMETRIC_REPRESENTATION_CONTEXT(2) 
PARAMETRIC_REPRESENTATION_CONTEXT() REPRESENTATION_CONTEXT('2D SPACE',''
  ) );
#3948 = ADVANCED_FACE('',(#3949),#3861,.T.);
#3949 = FACE_BOUND('',#3950,.T.);
#3950 = EDGE_LOOP('',(#3951,#3974,#3975,#3998,#4042,#4070));
#3951 = ORIENTED_EDGE('',*,*,#3952,.T.);
#3952 = EDGE_CURVE('',#3953,#3846,#3955,.T.);
#3953 = VERTEX_POINT('',#3954);
#3954 = CARTESIAN_POINT('',(46.326380815064,49.262638055156,
    9.574571633176));
#3955 = SURFACE_CURVE('',#3956,(#3960,#3967),.PCURVE_S1.);
#3956 = LINE('',#3957,#3958);
#3957 = CARTESIAN_POINT('',(46.508843065938,49.44510030603,
    9.835154733068));
#3958 = VECTOR('',#3959,1.);
#3959 = DIRECTION('',(0.497542812165,0.497542812165,0.710564775462));
#3960 = PCURVE('',#3861,#3961);
#3961 = DEFINITIONAL_REPRESENTATION('',(#3962),#3966);
#3962 = LINE('',#3963,#3964);
#3963 = CARTESIAN_POINT('',(18.491156934062,-10.60609189824));
#3964 = VECTOR('',#3965,1.);
#3965 = DIRECTION('',(-0.497542812165,-0.867439421553));
#3966 = ( GEOMETRIC_REPRESENTATION_CONTEXT(2) 
PARAMETRIC_REPRESENTATION_CONTEXT() REPRESENTATION_CONTEXT('2D SPACE',''
  ) );
#3967 = PCURVE('',#3889,#3968);
#3968 = DEFINITIONAL_REPRESENTATION('',(#3969),#3973);
#3969 = LINE('',#3970,#3971);
#3970 = CARTESIAN_POINT('',(-0.,0.));
#3971 = VECTOR('',#3972,1.);
#3972 = DIRECTION('',(-0.,1.));
#3973 = ( GEOMETRIC_REPRESENTATION_CONTEXT(2) 
PARAMETRIC_REPRESENTATION_CONTEXT() REPRESENTATION_CONTEXT('2D SPACE',''
  ) );
#3974 = ORIENTED_EDGE('',*,*,#3845,.T.);
#3975 = ORIENTED_EDGE('',*,*,#3976,.F.);
#3976 = EDGE_CURVE('',#3977,#3809,#3979,.T.);
#3977 = VERTEX_POINT('',#3978);
#3978 = CARTESIAN_POINT('',(-46.32638081506,49.262638055156,
    9.574571633176));
#3979 = SURFACE_CURVE('',#3980,(#3984,#3991),.PCURVE_S1.);
#3980 = LINE('',#3981,#3982);
#3981 = CARTESIAN_POINT('',(-46.50884306593,49.44510030603,
    9.835154733068));
#3982 = VECTOR('',#3983,1.);
#3983 = DIRECTION('',(-0.497542812165,0.497542812165,0.710564775462));
#3984 = PCURVE('',#3861,#3985);
#3985 = DEFINITIONAL_REPRESENTATION('',(#3986),#3990);
#3986 = LINE('',#3987,#3988);
#3987 = CARTESIAN_POINT('',(111.50884306593,-10.60609189824));
#3988 = VECTOR('',#3989,1.);
#3989 = DIRECTION('',(0.497542812165,-0.867439421553));
#3990 = ( GEOMETRIC_REPRESENTATION_CONTEXT(2) 
PARAMETRIC_REPRESENTATION_CONTEXT() REPRESENTATION_CONTEXT('2D SPACE',''
  ) );
#3991 = PCURVE('',#3783,#3992);
#3992 = DEFINITIONAL_REPRESENTATION('',(#3993),#3997);
#3993 = LINE('',#3994,#3995);
#3994 = CARTESIAN_POINT('',(0.,0.));
#3995 = VECTOR('',#3996,1.);
#3996 = DIRECTION('',(0.,1.));
#3997 = ( GEOMETRIC_REPRESENTATION_CONTEXT(2) 
PARAMETRIC_REPRESENTATION_CONTEXT() REPRESENTATION_CONTEXT('2D SPACE',''
  ) );
#3998 = ORIENTED_EDGE('',*,*,#3999,.F.);
#3999 = EDGE_CURVE('',#4000,#3977,#4002,.T.);
#4000 = VERTEX_POINT('',#4001);
#4001 = CARTESIAN_POINT('',(-40.42543867133,49.333395786167,
    9.675624145681));
#4002 = SURFACE_CURVE('',#4003,(#4009,#4018),.PCURVE_S1.);
#4003 = B_SPLINE_CURVE_WITH_KNOTS('',4,(#4004,#4005,#4006,#4007,#4008),
  .UNSPECIFIED.,.F.,.F.,(5,5),(80.85087734266,85.445621084243),
  .PIECEWISE_BEZIER_KNOTS.);
#4004 = CARTESIAN_POINT('',(-40.42543867133,49.333395786167,
    9.675624145681));
#4005 = CARTESIAN_POINT('',(-41.90990654822,49.333395786167,
    9.675624145681));
#4006 = CARTESIAN_POINT('',(-43.38099558332,49.322783850569,
    9.66046873101));
#4007 = CARTESIAN_POINT('',(-44.84865321521,49.299952482204,
    9.627862157788));
#4008 = CARTESIAN_POINT('',(-46.32638081506,49.262638055156,
    9.574571633176));
#4009 = PCURVE('',#3861,#4010);
#4010 = DEFINITIONAL_REPRESENTATION('',(#4011),#4017);
#4011 = B_SPLINE_CURVE_WITH_KNOTS('',4,(#4012,#4013,#4014,#4015,#4016),
  .UNSPECIFIED.,.F.,.F.,(5,5),(80.85087734266,85.445621084243),
  .PIECEWISE_BEZIER_KNOTS.);
#4012 = CARTESIAN_POINT('',(105.42543867133,-10.41134101103));
#4013 = CARTESIAN_POINT('',(106.90990654822,-10.41134101103));
#4014 = CARTESIAN_POINT('',(108.38099558332,-10.39283966592));
#4015 = CARTESIAN_POINT('',(109.84865321521,-10.3530343899));
#4016 = CARTESIAN_POINT('',(111.32638081506,-10.28797867163));
#4017 = ( GEOMETRIC_REPRESENTATION_CONTEXT(2) 
PARAMETRIC_REPRESENTATION_CONTEXT() REPRESENTATION_CONTEXT('2D SPACE',''
  ) );
#4018 = PCURVE('',#4019,#4036);
#4019 = OFFSET_SURFACE('',#4020,-2.,.F.);
#4020 = ( BOUNDED_SURFACE() B_SPLINE_SURFACE(2,4,(
    (#4021,#4022,#4023,#4024,#4025)
    ,(#4026,#4027,#4028,#4029,#4030)
    ,(#4031,#4032,#4033,#4034,#4035
)),.UNSPECIFIED.,.F.,.F.,.F.) B_SPLINE_SURFACE_WITH_KNOTS((3,3),(5,5),(
    0.,4.594743741582),(80.85087734266,85.445621084243),
.PIECEWISE_BEZIER_KNOTS.) GEOMETRIC_REPRESENTATION_ITEM() 
RATIONAL_B_SPLINE_SURFACE((
    (1.,1.,1.,1.,1.)
    ,(0.887010833178,0.887010833178,0.887224385532,0.887683969691
      ,0.888433751603)
,(1.,1.,1.,1.,1.))) REPRESENTATION_ITEM('') SURFACE() );
#4021 = CARTESIAN_POINT('',(-40.42543867133,50.971699874745,
    8.528471272979));
#4022 = CARTESIAN_POINT('',(-41.90990654822,50.971699874745,
    8.528471272979));
#4023 = CARTESIAN_POINT('',(-43.38099558332,50.961087939147,
    8.513315858308));
#4024 = CARTESIAN_POINT('',(-44.84865321521,50.938256570782,
    8.480709285086));
#4025 = CARTESIAN_POINT('',(-46.32638081506,50.900942143734,
    8.427418760474));
#4026 = CARTESIAN_POINT('',(-40.42543867133,45.,8.881784197001E-16));
#4027 = CARTESIAN_POINT('',(-41.68043316022,45.,-2.6645352591E-15));
#4028 = CARTESIAN_POINT('',(-42.91373944484,45.,4.440892098501E-15));
#4029 = CARTESIAN_POINT('',(-44.13619595044,45.,-1.7763568394E-15));
#4030 = CARTESIAN_POINT('',(-45.36392400297,45.,8.881784197001E-16));
#4031 = CARTESIAN_POINT('',(-40.42543867133,34.588658988965,0.));
#4032 = CARTESIAN_POINT('',(-41.28035851723,34.588658988965,
    2.6645352591E-15));
#4033 = CARTESIAN_POINT('',(-42.10071269518,34.620882310199,
    -4.440892098501E-15));
#4034 = CARTESIAN_POINT('',(-42.90007825813,34.690407579989,
    1.7763568394E-15));
#4035 = CARTESIAN_POINT('',(-43.70058409259,34.801856609865,0.));
#4036 = DEFINITIONAL_REPRESENTATION('',(#4037),#4041);
#4037 = LINE('',#4038,#4039);
#4038 = CARTESIAN_POINT('',(0.,0.));
#4039 = VECTOR('',#4040,1.);
#4040 = DIRECTION('',(0.,1.));
#4041 = ( GEOMETRIC_REPRESENTATION_CONTEXT(2) 
PARAMETRIC_REPRESENTATION_CONTEXT() REPRESENTATION_CONTEXT('2D SPACE',''
  ) );
#4042 = ORIENTED_EDGE('',*,*,#4043,.F.);
#4043 = EDGE_CURVE('',#4044,#4000,#4046,.T.);
#4044 = VERTEX_POINT('',#4045);
#4045 = CARTESIAN_POINT('',(40.42543867133,49.333395786167,
    9.675624145681));
#4046 = SURFACE_CURVE('',#4047,(#4051,#4058),.PCURVE_S1.);
#4047 = LINE('',#4048,#4049);
#4048 = CARTESIAN_POINT('',(40.42543867133,49.333395786167,
    9.675624145681));
#4049 = VECTOR('',#4050,1.);
#4050 = DIRECTION('',(-1.,0.,0.));
#4051 = PCURVE('',#3861,#4052);
#4052 = DEFINITIONAL_REPRESENTATION('',(#4053),#4057);
#4053 = LINE('',#4054,#4055);
#4054 = CARTESIAN_POINT('',(24.57456132867,-10.41134101103));
#4055 = VECTOR('',#4056,1.);
#4056 = DIRECTION('',(1.,0.));
#4057 = ( GEOMETRIC_REPRESENTATION_CONTEXT(2) 
PARAMETRIC_REPRESENTATION_CONTEXT() REPRESENTATION_CONTEXT('2D SPACE',''
  ) );
#4058 = PCURVE('',#4059,#4064);
#4059 = CYLINDRICAL_SURFACE('',#4060,18.);
#4060 = AXIS2_PLACEMENT_3D('',#4061,#4062,#4063);
#4061 = CARTESIAN_POINT('',(40.42543867133,34.588658988965,20.));
#4062 = DIRECTION('',(-1.,0.,0.));
#4063 = DIRECTION('',(0.,0.819152044289,-0.573576436351));
#4064 = DEFINITIONAL_REPRESENTATION('',(#4065),#4069);
#4065 = LINE('',#4066,#4067);
#4066 = CARTESIAN_POINT('',(0.,0.));
#4067 = VECTOR('',#4068,1.);
#4068 = DIRECTION('',(0.,1.));
#4069 = ( GEOMETRIC_REPRESENTATION_CONTEXT(2) 
PARAMETRIC_REPRESENTATION_CONTEXT() REPRESENTATION_CONTEXT('2D SPACE',''
  ) );
#4070 = ORIENTED_EDGE('',*,*,#4071,.F.);
#4071 = EDGE_CURVE('',#3953,#4044,#4072,.T.);
#4072 = SURFACE_CURVE('',#4073,(#4079,#4088),.PCURVE_S1.);
#4073 = B_SPLINE_CURVE_WITH_KNOTS('',4,(#4074,#4075,#4076,#4077,#4078),
  .UNSPECIFIED.,.F.,.F.,(5,5),(395.25526261286,399.85000635444),
  .PIECEWISE_BEZIER_KNOTS.);
#4074 = CARTESIAN_POINT('',(46.326380815064,49.262638055156,
    9.574571633176));
#4075 = CARTESIAN_POINT('',(44.848653215212,49.299952482204,
    9.627862157788));
#4076 = CARTESIAN_POINT('',(43.380995583329,49.322783850569,
    9.66046873101));
#4077 = CARTESIAN_POINT('',(41.909906548227,49.333395786167,
    9.675624145681));
#4078 = CARTESIAN_POINT('',(40.42543867133,49.333395786167,
    9.675624145681));
#4079 = PCURVE('',#3861,#4080);
#4080 = DEFINITIONAL_REPRESENTATION('',(#4081),#4087);
#4081 = B_SPLINE_CURVE_WITH_KNOTS('',4,(#4082,#4083,#4084,#4085,#4086),
  .UNSPECIFIED.,.F.,.F.,(5,5),(395.25526261286,399.85000635444),
  .PIECEWISE_BEZIER_KNOTS.);
#4082 = CARTESIAN_POINT('',(18.673619184936,-10.28797867163));
#4083 = CARTESIAN_POINT('',(20.151346784788,-10.3530343899));
#4084 = CARTESIAN_POINT('',(21.619004416671,-10.39283966592));
#4085 = CARTESIAN_POINT('',(23.090093451772,-10.41134101103));
#4086 = CARTESIAN_POINT('',(24.57456132867,-10.41134101103));
#4087 = ( GEOMETRIC_REPRESENTATION_CONTEXT(2) 
PARAMETRIC_REPRESENTATION_CONTEXT() REPRESENTATION_CONTEXT('2D SPACE',''
  ) );
#4088 = PCURVE('',#4089,#4106);
#4089 = OFFSET_SURFACE('',#4090,-2.,.F.);
#4090 = ( BOUNDED_SURFACE() B_SPLINE_SURFACE(2,4,(
    (#4091,#4092,#4093,#4094,#4095)
    ,(#4096,#4097,#4098,#4099,#4100)
    ,(#4101,#4102,#4103,#4104,#4105
)),.UNSPECIFIED.,.F.,.F.,.F.) B_SPLINE_SURFACE_WITH_KNOTS((3,3),(5,5),(
    0.,4.594743741582),(395.25526261286,399.85000635444),
.PIECEWISE_BEZIER_KNOTS.) GEOMETRIC_REPRESENTATION_ITEM() 
RATIONAL_B_SPLINE_SURFACE((
    (1.,1.,1.,1.,1.)
    ,(0.888433751603,0.887683969691,0.887224385532,0.887010833178
      ,0.887010833178)
,(1.,1.,1.,1.,1.))) REPRESENTATION_ITEM('') SURFACE() );
#4091 = CARTESIAN_POINT('',(46.326380815064,50.900942143734,
    8.427418760474));
#4092 = CARTESIAN_POINT('',(44.848653215212,50.938256570782,
    8.480709285086));
#4093 = CARTESIAN_POINT('',(43.380995583329,50.961087939147,
    8.513315858308));
#4094 = CARTESIAN_POINT('',(41.909906548227,50.971699874745,
    8.528471272979));
#4095 = CARTESIAN_POINT('',(40.42543867133,50.971699874745,
    8.528471272979));
#4096 = CARTESIAN_POINT('',(45.363924002974,45.,-4.440892098501E-15));
#4097 = CARTESIAN_POINT('',(44.136195950443,45.,-2.6645352591E-15));
#4098 = CARTESIAN_POINT('',(42.913739444848,45.,8.881784197001E-15));
#4099 = CARTESIAN_POINT('',(41.680433160225,45.,-1.7763568394E-15));
#4100 = CARTESIAN_POINT('',(40.42543867133,45.,-4.440892098501E-15));
#4101 = CARTESIAN_POINT('',(43.700584092594,34.801856609865,0.));
#4102 = CARTESIAN_POINT('',(42.900078258139,34.690407579989,
    -1.7763568394E-15));
#4103 = CARTESIAN_POINT('',(42.100712695186,34.620882310199,
    1.7763568394E-15));
#4104 = CARTESIAN_POINT('',(41.280358517233,34.588658988965,
    -8.881784197001E-16));
#4105 = CARTESIAN_POINT('',(40.42543867133,34.588658988965,0.));
#4106 = DEFINITIONAL_REPRESENTATION('',(#4107),#4111);
#4107 = LINE('',#4108,#4109);
#4108 = CARTESIAN_POINT('',(0.,0.));
#4109 = VECTOR('',#4110,1.);
#4110 = DIRECTION('',(0.,1.));
#4111 = ( GEOMETRIC_REPRESENTATION_CONTEXT(2) 
PARAMETRIC_REPRESENTATION_CONTEXT() REPRESENTATION_CONTEXT('2D SPACE',''
  ) );
#4112 = ADVANCED_FACE('',(#4113),#3755,.T.);
#4113 = FACE_BOUND('',#4114,.T.);
#4114 = EDGE_LOOP('',(#4115,#4161,#4182,#4183,#4206,#4250));
#4115 = ORIENTED_EDGE('',*,*,#4116,.F.);
#4116 = EDGE_CURVE('',#4117,#4119,#4121,.T.);
#4117 = VERTEX_POINT('',#4118);
#4118 = CARTESIAN_POINT('',(-69.26263805515,26.326380815064,
    9.574571633176));
#4119 = VERTEX_POINT('',#4120);
#4120 = CARTESIAN_POINT('',(-69.33339578616,20.42543867133,
    9.675624145681));
#4121 = SURFACE_CURVE('',#4122,(#4128,#4137),.PCURVE_S1.);
#4122 = B_SPLINE_CURVE_WITH_KNOTS('',4,(#4123,#4124,#4125,#4126,#4127),
  .UNSPECIFIED.,.F.,.F.,(5,5),(115.36775784702,119.96250158861),
  .PIECEWISE_BEZIER_KNOTS.);
#4123 = CARTESIAN_POINT('',(-69.26263805515,26.326380815064,
    9.574571633176));
#4124 = CARTESIAN_POINT('',(-69.2999524822,24.848653215212,
    9.627862157788));
#4125 = CARTESIAN_POINT('',(-69.32278385056,23.380995583329,
    9.66046873101));
#4126 = CARTESIAN_POINT('',(-69.33339578616,21.909906548228,
    9.675624145681));
#4127 = CARTESIAN_POINT('',(-69.33339578616,20.42543867133,
    9.675624145681));
#4128 = PCURVE('',#3755,#4129);
#4129 = DEFINITIONAL_REPRESENTATION('',(#4130),#4136);
#4130 = B_SPLINE_CURVE_WITH_KNOTS('',4,(#4131,#4132,#4133,#4134,#4135),
  .UNSPECIFIED.,.F.,.F.,(5,5),(115.36775784702,119.96250158861),
  .PIECEWISE_BEZIER_KNOTS.);
#4131 = CARTESIAN_POINT('',(18.673619184936,-10.28797867163));
#4132 = CARTESIAN_POINT('',(20.151346784788,-10.3530343899));
#4133 = CARTESIAN_POINT('',(21.619004416671,-10.39283966592));
#4134 = CARTESIAN_POINT('',(23.090093451772,-10.41134101103));
#4135 = CARTESIAN_POINT('',(24.57456132867,-10.41134101103));
#4136 = ( GEOMETRIC_REPRESENTATION_CONTEXT(2) 
PARAMETRIC_REPRESENTATION_CONTEXT() REPRESENTATION_CONTEXT('2D SPACE',''
  ) );
#4137 = PCURVE('',#4138,#4155);
#4138 = OFFSET_SURFACE('',#4139,-2.,.F.);
#4139 = ( BOUNDED_SURFACE() B_SPLINE_SURFACE(2,4,(
    (#4140,#4141,#4142,#4143,#4144)
    ,(#4145,#4146,#4147,#4148,#4149)
    ,(#4150,#4151,#4152,#4153,#4154
)),.UNSPECIFIED.,.F.,.F.,.F.) B_SPLINE_SURFACE_WITH_KNOTS((3,3),(5,5),(
    0.,4.594743741582),(115.36775784702,119.96250158861),
.PIECEWISE_BEZIER_KNOTS.) GEOMETRIC_REPRESENTATION_ITEM() 
RATIONAL_B_SPLINE_SURFACE((
    (1.,1.,1.,1.,1.)
    ,(0.888433751603,0.887683969691,0.887224385532,0.887010833178
      ,0.887010833178)
,(1.,1.,1.,1.,1.))) REPRESENTATION_ITEM('') SURFACE() );
#4140 = CARTESIAN_POINT('',(-70.90094214373,26.326380815064,
    8.427418760474));
#4141 = CARTESIAN_POINT('',(-70.93825657078,24.848653215212,
    8.480709285086));
#4142 = CARTESIAN_POINT('',(-70.96108793914,23.380995583329,
    8.513315858307));
#4143 = CARTESIAN_POINT('',(-70.97169987474,21.909906548228,
    8.528471272979));
#4144 = CARTESIAN_POINT('',(-70.97169987474,20.42543867133,
    8.528471272979));
#4145 = CARTESIAN_POINT('',(-65.,25.363924002974,0.));
#4146 = CARTESIAN_POINT('',(-65.,24.136195950443,8.881784197001E-16));
#4147 = CARTESIAN_POINT('',(-65.,22.913739444848,3.552713678801E-15));
#4148 = CARTESIAN_POINT('',(-65.,21.680433160225,0.));
#4149 = CARTESIAN_POINT('',(-65.,20.42543867133,-8.881784197001E-16));
#4150 = CARTESIAN_POINT('',(-54.80185660986,23.700584092594,0.));
#4151 = CARTESIAN_POINT('',(-54.69040757998,22.900078258139,
    -1.7763568394E-15));
#4152 = CARTESIAN_POINT('',(-54.62088231019,22.100712695186,
    8.881784197001E-16));
#4153 = CARTESIAN_POINT('',(-54.58865898896,21.280358517233,
    -8.881784197001E-16));
#4154 = CARTESIAN_POINT('',(-54.58865898896,20.42543867133,0.));
#4155 = DEFINITIONAL_REPRESENTATION('',(#4156),#4160);
#4156 = LINE('',#4157,#4158);
#4157 = CARTESIAN_POINT('',(0.,0.));
#4158 = VECTOR('',#4159,1.);
#4159 = DIRECTION('',(0.,1.));
#4160 = ( GEOMETRIC_REPRESENTATION_CONTEXT(2) 
PARAMETRIC_REPRESENTATION_CONTEXT() REPRESENTATION_CONTEXT('2D SPACE',''
  ) );
#4161 = ORIENTED_EDGE('',*,*,#4162,.T.);
#4162 = EDGE_CURVE('',#4117,#3740,#4163,.T.);
#4163 = SURFACE_CURVE('',#4164,(#4168,#4175),.PCURVE_S1.);
#4164 = LINE('',#4165,#4166);
#4165 = CARTESIAN_POINT('',(-69.44510030603,26.508843065938,
    9.835154733068));
#4166 = VECTOR('',#4167,1.);
#4167 = DIRECTION('',(-0.497542812165,0.497542812165,0.710564775462));
#4168 = PCURVE('',#3755,#4169);
#4169 = DEFINITIONAL_REPRESENTATION('',(#4170),#4174);
#4170 = LINE('',#4171,#4172);
#4171 = CARTESIAN_POINT('',(18.491156934062,-10.60609189824));
#4172 = VECTOR('',#4173,1.);
#4173 = DIRECTION('',(-0.497542812165,-0.867439421553));
#4174 = ( GEOMETRIC_REPRESENTATION_CONTEXT(2) 
PARAMETRIC_REPRESENTATION_CONTEXT() REPRESENTATION_CONTEXT('2D SPACE',''
  ) );
#4175 = PCURVE('',#3783,#4176);
#4176 = DEFINITIONAL_REPRESENTATION('',(#4177),#4181);
#4177 = LINE('',#4178,#4179);
#4178 = CARTESIAN_POINT('',(1.235562564578,0.));
#4179 = VECTOR('',#4180,1.);
#4180 = DIRECTION('',(0.,1.));
#4181 = ( GEOMETRIC_REPRESENTATION_CONTEXT(2) 
PARAMETRIC_REPRESENTATION_CONTEXT() REPRESENTATION_CONTEXT('2D SPACE',''
  ) );
#4182 = ORIENTED_EDGE('',*,*,#3739,.T.);
#4183 = ORIENTED_EDGE('',*,*,#4184,.F.);
#4184 = EDGE_CURVE('',#4185,#3703,#4187,.T.);
#4185 = VERTEX_POINT('',#4186);
#4186 = CARTESIAN_POINT('',(-69.26263805515,-26.32638081506,
    9.574571633176));
#4187 = SURFACE_CURVE('',#4188,(#4192,#4199),.PCURVE_S1.);
#4188 = LINE('',#4189,#4190);
#4189 = CARTESIAN_POINT('',(-69.44510030603,-26.50884306593,
    9.835154733068));
#4190 = VECTOR('',#4191,1.);
#4191 = DIRECTION('',(-0.497542812165,-0.497542812165,0.710564775462));
#4192 = PCURVE('',#3755,#4193);
#4193 = DEFINITIONAL_REPRESENTATION('',(#4194),#4198);
#4194 = LINE('',#4195,#4196);
#4195 = CARTESIAN_POINT('',(71.508843065938,-10.60609189824));
#4196 = VECTOR('',#4197,1.);
#4197 = DIRECTION('',(0.497542812165,-0.867439421553));
#4198 = ( GEOMETRIC_REPRESENTATION_CONTEXT(2) 
PARAMETRIC_REPRESENTATION_CONTEXT() REPRESENTATION_CONTEXT('2D SPACE',''
  ) );
#4199 = PCURVE('',#3677,#4200);
#4200 = DEFINITIONAL_REPRESENTATION('',(#4201),#4205);
#4201 = LINE('',#4202,#4203);
#4202 = CARTESIAN_POINT('',(0.,0.));
#4203 = VECTOR('',#4204,1.);
#4204 = DIRECTION('',(0.,1.));
#4205 = ( GEOMETRIC_REPRESENTATION_CONTEXT(2) 
PARAMETRIC_REPRESENTATION_CONTEXT() REPRESENTATION_CONTEXT('2D SPACE',''
  ) );
#4206 = ORIENTED_EDGE('',*,*,#4207,.F.);
#4207 = EDGE_CURVE('',#4208,#4185,#4210,.T.);
#4208 = VERTEX_POINT('',#4209);
#4209 = CARTESIAN_POINT('',(-69.33339578616,-20.42543867133,
    9.675624145681));
#4210 = SURFACE_CURVE('',#4211,(#4217,#4226),.PCURVE_S1.);
#4211 = B_SPLINE_CURVE_WITH_KNOTS('',4,(#4212,#4213,#4214,#4215,#4216),
  .UNSPECIFIED.,.F.,.F.,(5,5),(160.81337893127,165.40812267285),
  .PIECEWISE_BEZIER_KNOTS.);
#4212 = CARTESIAN_POINT('',(-69.33339578616,-20.42543867133,
    9.675624145681));
#4213 = CARTESIAN_POINT('',(-69.33339578616,-21.90990654822,
    9.675624145681));
#4214 = CARTESIAN_POINT('',(-69.32278385056,-23.38099558332,
    9.66046873101));
#4215 = CARTESIAN_POINT('',(-69.2999524822,-24.84865321521,
    9.627862157788));
#4216 = CARTESIAN_POINT('',(-69.26263805515,-26.32638081506,
    9.574571633176));
#4217 = PCURVE('',#3755,#4218);
#4218 = DEFINITIONAL_REPRESENTATION('',(#4219),#4225);
#4219 = B_SPLINE_CURVE_WITH_KNOTS('',4,(#4220,#4221,#4222,#4223,#4224),
  .UNSPECIFIED.,.F.,.F.,(5,5),(160.81337893127,165.40812267285),
  .PIECEWISE_BEZIER_KNOTS.);
#4220 = CARTESIAN_POINT('',(65.42543867133,-10.41134101103));
#4221 = CARTESIAN_POINT('',(66.909906548227,-10.41134101103));
#4222 = CARTESIAN_POINT('',(68.380995583329,-10.39283966592));
#4223 = CARTESIAN_POINT('',(69.848653215212,-10.3530343899));
#4224 = CARTESIAN_POINT('',(71.326380815064,-10.28797867163));
#4225 = ( GEOMETRIC_REPRESENTATION_CONTEXT(2) 
PARAMETRIC_REPRESENTATION_CONTEXT() REPRESENTATION_CONTEXT('2D SPACE',''
  ) );
#4226 = PCURVE('',#4227,#4244);
#4227 = OFFSET_SURFACE('',#4228,-2.,.F.);
#4228 = ( BOUNDED_SURFACE() B_SPLINE_SURFACE(2,4,(
    (#4229,#4230,#4231,#4232,#4233)
    ,(#4234,#4235,#4236,#4237,#4238)
    ,(#4239,#4240,#4241,#4242,#4243
)),.UNSPECIFIED.,.F.,.F.,.F.) B_SPLINE_SURFACE_WITH_KNOTS((3,3),(5,5),(
    0.,4.594743741582),(160.81337893127,165.40812267285),
.PIECEWISE_BEZIER_KNOTS.) GEOMETRIC_REPRESENTATION_ITEM() 
RATIONAL_B_SPLINE_SURFACE((
    (1.,1.,1.,1.,1.)
    ,(0.887010833178,0.887010833178,0.887224385532,0.887683969691
      ,0.888433751603)
,(1.,1.,1.,1.,1.))) REPRESENTATION_ITEM('') SURFACE() );
#4229 = CARTESIAN_POINT('',(-70.97169987474,-20.42543867133,
    8.528471272979));
#4230 = CARTESIAN_POINT('',(-70.97169987474,-21.90990654822,
    8.528471272979));
#4231 = CARTESIAN_POINT('',(-70.96108793914,-23.38099558332,
    8.513315858308));
#4232 = CARTESIAN_POINT('',(-70.93825657078,-24.84865321521,
    8.480709285086));
#4233 = CARTESIAN_POINT('',(-70.90094214373,-26.32638081506,
    8.427418760474));
#4234 = CARTESIAN_POINT('',(-65.,-20.42543867133,0.));
#4235 = CARTESIAN_POINT('',(-65.,-21.68043316022,-1.7763568394E-15));
#4236 = CARTESIAN_POINT('',(-65.,-22.91373944484,1.7763568394E-15));
#4237 = CARTESIAN_POINT('',(-65.,-24.13619595044,8.881784197001E-16));
#4238 = CARTESIAN_POINT('',(-65.,-25.36392400297,8.881784197001E-16));
#4239 = CARTESIAN_POINT('',(-54.58865898896,-20.42543867133,0.));
#4240 = CARTESIAN_POINT('',(-54.58865898896,-21.28035851723,
    -8.881784197001E-16));
#4241 = CARTESIAN_POINT('',(-54.62088231019,-22.10071269518,
    8.881784197001E-16));
#4242 = CARTESIAN_POINT('',(-54.69040757998,-22.90007825813,
    -8.881784197001E-16));
#4243 = CARTESIAN_POINT('',(-54.80185660986,-23.70058409259,0.));
#4244 = DEFINITIONAL_REPRESENTATION('',(#4245),#4249);
#4245 = LINE('',#4246,#4247);
#4246 = CARTESIAN_POINT('',(0.,0.));
#4247 = VECTOR('',#4248,1.);
#4248 = DIRECTION('',(0.,1.));
#4249 = ( GEOMETRIC_REPRESENTATION_CONTEXT(2) 
PARAMETRIC_REPRESENTATION_CONTEXT() REPRESENTATION_CONTEXT('2D SPACE',''
  ) );
#4250 = ORIENTED_EDGE('',*,*,#4251,.F.);
#4251 = EDGE_CURVE('',#4119,#4208,#4252,.T.);
#4252 = SURFACE_CURVE('',#4253,(#4257,#4264),.PCURVE_S1.);
#4253 = LINE('',#4254,#4255);
#4254 = CARTESIAN_POINT('',(-69.33339578616,20.42543867133,
    9.675624145681));
#4255 = VECTOR('',#4256,1.);
#4256 = DIRECTION('',(0.,-1.,0.));
#4257 = PCURVE('',#3755,#4258);
#4258 = DEFINITIONAL_REPRESENTATION('',(#4259),#4263);
#4259 = LINE('',#4260,#4261);
#4260 = CARTESIAN_POINT('',(24.57456132867,-10.41134101103));
#4261 = VECTOR('',#4262,1.);
#4262 = DIRECTION('',(1.,0.));
#4263 = ( GEOMETRIC_REPRESENTATION_CONTEXT(2) 
PARAMETRIC_REPRESENTATION_CONTEXT() REPRESENTATION_CONTEXT('2D SPACE',''
  ) );
#4264 = PCURVE('',#4265,#4270);
#4265 = CYLINDRICAL_SURFACE('',#4266,18.);
#4266 = AXIS2_PLACEMENT_3D('',#4267,#4268,#4269);
#4267 = CARTESIAN_POINT('',(-54.58865898896,20.42543867133,20.));
#4268 = DIRECTION('',(0.,-1.,0.));
#4269 = DIRECTION('',(-0.819152044289,-0.,-0.573576436351));
#4270 = DEFINITIONAL_REPRESENTATION('',(#4271),#4275);
#4271 = LINE('',#4272,#4273);
#4272 = CARTESIAN_POINT('',(0.,0.));
#4273 = VECTOR('',#4274,1.);
#4274 = DIRECTION('',(0.,1.));
#4275 = ( GEOMETRIC_REPRESENTATION_CONTEXT(2) 
PARAMETRIC_REPRESENTATION_CONTEXT() REPRESENTATION_CONTEXT('2D SPACE',''
  ) );
#4276 = ADVANCED_FACE('',(#4277),#3649,.T.);
#4277 = FACE_BOUND('',#4278,.T.);
#4278 = EDGE_LOOP('',(#4279,#4325,#4346,#4347,#4370,#4414));
#4279 = ORIENTED_EDGE('',*,*,#4280,.F.);
#4280 = EDGE_CURVE('',#4281,#4283,#4285,.T.);
#4281 = VERTEX_POINT('',#4282);
#4282 = CARTESIAN_POINT('',(-46.32638081506,-49.26263805515,
    9.574571633176));
#4283 = VERTEX_POINT('',#4284);
#4284 = CARTESIAN_POINT('',(-40.42543867133,-49.33339578616,
    9.675624145681));
#4285 = SURFACE_CURVE('',#4286,(#4292,#4301),.PCURVE_S1.);
#4286 = B_SPLINE_CURVE_WITH_KNOTS('',4,(#4287,#4288,#4289,#4290,#4291),
  .UNSPECIFIED.,.F.,.F.,(5,5),(195.33025943564,199.92500317722),
  .PIECEWISE_BEZIER_KNOTS.);
#4287 = CARTESIAN_POINT('',(-46.32638081506,-49.26263805515,
    9.574571633176));
#4288 = CARTESIAN_POINT('',(-44.84865321521,-49.2999524822,
    9.627862157788));
#4289 = CARTESIAN_POINT('',(-43.38099558332,-49.32278385056,
    9.66046873101));
#4290 = CARTESIAN_POINT('',(-41.90990654822,-49.33339578616,
    9.675624145681));
#4291 = CARTESIAN_POINT('',(-40.42543867133,-49.33339578616,
    9.675624145681));
#4292 = PCURVE('',#3649,#4293);
#4293 = DEFINITIONAL_REPRESENTATION('',(#4294),#4300);
#4294 = B_SPLINE_CURVE_WITH_KNOTS('',4,(#4295,#4296,#4297,#4298,#4299),
  .UNSPECIFIED.,.F.,.F.,(5,5),(195.33025943564,199.92500317722),
  .PIECEWISE_BEZIER_KNOTS.);
#4295 = CARTESIAN_POINT('',(18.673619184936,-10.28797867163));
#4296 = CARTESIAN_POINT('',(20.151346784788,-10.3530343899));
#4297 = CARTESIAN_POINT('',(21.619004416671,-10.39283966592));
#4298 = CARTESIAN_POINT('',(23.090093451773,-10.41134101103));
#4299 = CARTESIAN_POINT('',(24.57456132867,-10.41134101103));
#4300 = ( GEOMETRIC_REPRESENTATION_CONTEXT(2) 
PARAMETRIC_REPRESENTATION_CONTEXT() REPRESENTATION_CONTEXT('2D SPACE',''
  ) );
#4301 = PCURVE('',#4302,#4319);
#4302 = OFFSET_SURFACE('',#4303,-2.,.F.);
#4303 = ( BOUNDED_SURFACE() B_SPLINE_SURFACE(2,4,(
    (#4304,#4305,#4306,#4307,#4308)
    ,(#4309,#4310,#4311,#4312,#4313)
    ,(#4314,#4315,#4316,#4317,#4318
)),.UNSPECIFIED.,.F.,.F.,.F.) B_SPLINE_SURFACE_WITH_KNOTS((3,3),(5,5),(
    0.,4.594743741582),(195.33025943564,199.92500317722),
.PIECEWISE_BEZIER_KNOTS.) GEOMETRIC_REPRESENTATION_ITEM() 
RATIONAL_B_SPLINE_SURFACE((
    (1.,1.,1.,1.,1.)
    ,(0.888433751603,0.887683969691,0.887224385532,0.887010833178
      ,0.887010833178)
,(1.,1.,1.,1.,1.))) REPRESENTATION_ITEM('') SURFACE() );
#4304 = CARTESIAN_POINT('',(-46.32638081506,-50.90094214373,
    8.427418760474));
#4305 = CARTESIAN_POINT('',(-44.84865321521,-50.93825657078,
    8.480709285086));
#4306 = CARTESIAN_POINT('',(-43.38099558332,-50.96108793914,
    8.513315858308));
#4307 = CARTESIAN_POINT('',(-41.90990654822,-50.97169987474,
    8.528471272979));
#4308 = CARTESIAN_POINT('',(-40.42543867133,-50.97169987474,
    8.528471272979));
#4309 = CARTESIAN_POINT('',(-45.36392400297,-45.,-4.440892098501E-15));
#4310 = CARTESIAN_POINT('',(-44.13619595044,-45.,-4.440892098501E-15));
#4311 = CARTESIAN_POINT('',(-42.91373944484,-45.,1.33226762955E-14));
#4312 = CARTESIAN_POINT('',(-41.68043316022,-45.,-5.329070518201E-15));
#4313 = CARTESIAN_POINT('',(-40.42543867133,-45.,-4.440892098501E-15));
#4314 = CARTESIAN_POINT('',(-43.70058409259,-34.80185660986,0.));
#4315 = CARTESIAN_POINT('',(-42.90007825813,-34.69040757998,
    8.881784197001E-16));
#4316 = CARTESIAN_POINT('',(-42.10071269518,-34.62088231019,
    -5.329070518201E-15));
#4317 = CARTESIAN_POINT('',(-41.28035851723,-34.58865898896,
    2.6645352591E-15));
#4318 = CARTESIAN_POINT('',(-40.42543867133,-34.58865898896,0.));
#4319 = DEFINITIONAL_REPRESENTATION('',(#4320),#4324);
#4320 = LINE('',#4321,#4322);
#4321 = CARTESIAN_POINT('',(0.,0.));
#4322 = VECTOR('',#4323,1.);
#4323 = DIRECTION('',(0.,1.));
#4324 = ( GEOMETRIC_REPRESENTATION_CONTEXT(2) 
PARAMETRIC_REPRESENTATION_CONTEXT() REPRESENTATION_CONTEXT('2D SPACE',''
  ) );
#4325 = ORIENTED_EDGE('',*,*,#4326,.T.);
#4326 = EDGE_CURVE('',#4281,#3634,#4327,.T.);
#4327 = SURFACE_CURVE('',#4328,(#4332,#4339),.PCURVE_S1.);
#4328 = LINE('',#4329,#4330);
#4329 = CARTESIAN_POINT('',(-46.50884306593,-49.44510030603,
    9.835154733068));
#4330 = VECTOR('',#4331,1.);
#4331 = DIRECTION('',(-0.497542812165,-0.497542812165,0.710564775462));
#4332 = PCURVE('',#3649,#4333);
#4333 = DEFINITIONAL_REPRESENTATION('',(#4334),#4338);
#4334 = LINE('',#4335,#4336);
#4335 = CARTESIAN_POINT('',(18.491156934062,-10.60609189824));
#4336 = VECTOR('',#4337,1.);
#4337 = DIRECTION('',(-0.497542812165,-0.867439421553));
#4338 = ( GEOMETRIC_REPRESENTATION_CONTEXT(2) 
PARAMETRIC_REPRESENTATION_CONTEXT() REPRESENTATION_CONTEXT('2D SPACE',''
  ) );
#4339 = PCURVE('',#3677,#4340);
#4340 = DEFINITIONAL_REPRESENTATION('',(#4341),#4345);
#4341 = LINE('',#4342,#4343);
#4342 = CARTESIAN_POINT('',(1.235562564578,0.));
#4343 = VECTOR('',#4344,1.);
#4344 = DIRECTION('',(0.,1.));
#4345 = ( GEOMETRIC_REPRESENTATION_CONTEXT(2) 
PARAMETRIC_REPRESENTATION_CONTEXT() REPRESENTATION_CONTEXT('2D SPACE',''
  ) );
#4346 = ORIENTED_EDGE('',*,*,#3633,.T.);
#4347 = ORIENTED_EDGE('',*,*,#4348,.F.);
#4348 = EDGE_CURVE('',#4349,#3597,#4351,.T.);
#4349 = VERTEX_POINT('',#4350);
#4350 = CARTESIAN_POINT('',(46.326380815064,-49.26263805515,
    9.574571633176));
#4351 = SURFACE_CURVE('',#4352,(#4356,#4363),.PCURVE_S1.);
#4352 = LINE('',#4353,#4354);
#4353 = CARTESIAN_POINT('',(46.508843065938,-49.44510030603,
    9.835154733068));
#4354 = VECTOR('',#4355,1.);
#4355 = DIRECTION('',(0.497542812165,-0.497542812165,0.710564775462));
#4356 = PCURVE('',#3649,#4357);
#4357 = DEFINITIONAL_REPRESENTATION('',(#4358),#4362);
#4358 = LINE('',#4359,#4360);
#4359 = CARTESIAN_POINT('',(111.50884306593,-10.60609189824));
#4360 = VECTOR('',#4361,1.);
#4361 = DIRECTION('',(0.497542812165,-0.867439421553));
#4362 = ( GEOMETRIC_REPRESENTATION_CONTEXT(2) 
PARAMETRIC_REPRESENTATION_CONTEXT() REPRESENTATION_CONTEXT('2D SPACE',''
  ) );
#4363 = PCURVE('',#3571,#4364);
#4364 = DEFINITIONAL_REPRESENTATION('',(#4365),#4369);
#4365 = LINE('',#4366,#4367);
#4366 = CARTESIAN_POINT('',(0.,0.));
#4367 = VECTOR('',#4368,1.);
#4368 = DIRECTION('',(0.,1.));
#4369 = ( GEOMETRIC_REPRESENTATION_CONTEXT(2) 
PARAMETRIC_REPRESENTATION_CONTEXT() REPRESENTATION_CONTEXT('2D SPACE',''
  ) );
#4370 = ORIENTED_EDGE('',*,*,#4371,.F.);
#4371 = EDGE_CURVE('',#4372,#4349,#4374,.T.);
#4372 = VERTEX_POINT('',#4373);
#4373 = CARTESIAN_POINT('',(40.42543867133,-49.33339578616,
    9.675624145681));
#4374 = SURFACE_CURVE('',#4375,(#4381,#4390),.PCURVE_S1.);
#4375 = B_SPLINE_CURVE_WITH_KNOTS('',4,(#4376,#4377,#4378,#4379,#4380),
  .UNSPECIFIED.,.F.,.F.,(5,5),(280.77588051988,285.37062426146),
  .PIECEWISE_BEZIER_KNOTS.);
#4376 = CARTESIAN_POINT('',(40.42543867133,-49.33339578616,
    9.675624145681));
#4377 = CARTESIAN_POINT('',(41.909906548227,-49.33339578616,
    9.675624145681));
#4378 = CARTESIAN_POINT('',(43.380995583329,-49.32278385056,
    9.66046873101));
#4379 = CARTESIAN_POINT('',(44.848653215212,-49.2999524822,
    9.627862157788));
#4380 = CARTESIAN_POINT('',(46.326380815064,-49.26263805515,
    9.574571633176));
#4381 = PCURVE('',#3649,#4382);
#4382 = DEFINITIONAL_REPRESENTATION('',(#4383),#4389);
#4383 = B_SPLINE_CURVE_WITH_KNOTS('',4,(#4384,#4385,#4386,#4387,#4388),
  .UNSPECIFIED.,.F.,.F.,(5,5),(280.77588051988,285.37062426146),
  .PIECEWISE_BEZIER_KNOTS.);
#4384 = CARTESIAN_POINT('',(105.42543867133,-10.41134101103));
#4385 = CARTESIAN_POINT('',(106.90990654822,-10.41134101103));
#4386 = CARTESIAN_POINT('',(108.38099558332,-10.39283966592));
#4387 = CARTESIAN_POINT('',(109.84865321521,-10.3530343899));
#4388 = CARTESIAN_POINT('',(111.32638081506,-10.28797867163));
#4389 = ( GEOMETRIC_REPRESENTATION_CONTEXT(2) 
PARAMETRIC_REPRESENTATION_CONTEXT() REPRESENTATION_CONTEXT('2D SPACE',''
  ) );
#4390 = PCURVE('',#4391,#4408);
#4391 = OFFSET_SURFACE('',#4392,-2.,.F.);
#4392 = ( BOUNDED_SURFACE() B_SPLINE_SURFACE(2,4,(
    (#4393,#4394,#4395,#4396,#4397)
    ,(#4398,#4399,#4400,#4401,#4402)
    ,(#4403,#4404,#4405,#4406,#4407
)),.UNSPECIFIED.,.F.,.F.,.F.) B_SPLINE_SURFACE_WITH_KNOTS((3,3),(5,5),(
    0.,4.594743741582),(280.77588051988,285.37062426146),
.PIECEWISE_BEZIER_KNOTS.) GEOMETRIC_REPRESENTATION_ITEM() 
RATIONAL_B_SPLINE_SURFACE((
    (1.,1.,1.,1.,1.)
    ,(0.887010833178,0.887010833178,0.887224385532,0.887683969691
      ,0.888433751603)
,(1.,1.,1.,1.,1.))) REPRESENTATION_ITEM('') SURFACE() );
#4393 = CARTESIAN_POINT('',(40.42543867133,-50.97169987474,
    8.528471272979));
#4394 = CARTESIAN_POINT('',(41.909906548227,-50.97169987474,
    8.528471272979));
#4395 = CARTESIAN_POINT('',(43.380995583329,-50.96108793914,
    8.513315858308));
#4396 = CARTESIAN_POINT('',(44.848653215212,-50.93825657078,
    8.480709285086));
#4397 = CARTESIAN_POINT('',(46.326380815064,-50.90094214373,
    8.427418760474));
#4398 = CARTESIAN_POINT('',(40.42543867133,-45.,8.881784197001E-16));
#4399 = CARTESIAN_POINT('',(41.680433160225,-45.,-8.881784197001E-16));
#4400 = CARTESIAN_POINT('',(42.913739444848,-45.,1.7763568394E-15));
#4401 = CARTESIAN_POINT('',(44.136195950443,-45.,-8.881784197001E-16));
#4402 = CARTESIAN_POINT('',(45.363924002974,-45.,8.881784197001E-16));
#4403 = CARTESIAN_POINT('',(40.42543867133,-34.58865898896,0.));
#4404 = CARTESIAN_POINT('',(41.280358517233,-34.58865898896,
    -1.7763568394E-15));
#4405 = CARTESIAN_POINT('',(42.100712695186,-34.62088231019,
    4.440892098501E-15));
#4406 = CARTESIAN_POINT('',(42.900078258139,-34.69040757998,
    -2.6645352591E-15));
#4407 = CARTESIAN_POINT('',(43.700584092594,-34.80185660986,0.));
#4408 = DEFINITIONAL_REPRESENTATION('',(#4409),#4413);
#4409 = LINE('',#4410,#4411);
#4410 = CARTESIAN_POINT('',(0.,0.));
#4411 = VECTOR('',#4412,1.);
#4412 = DIRECTION('',(0.,1.));
#4413 = ( GEOMETRIC_REPRESENTATION_CONTEXT(2) 
PARAMETRIC_REPRESENTATION_CONTEXT() REPRESENTATION_CONTEXT('2D SPACE',''
  ) );
#4414 = ORIENTED_EDGE('',*,*,#4415,.F.);
#4415 = EDGE_CURVE('',#4283,#4372,#4416,.T.);
#4416 = SURFACE_CURVE('',#4417,(#4421,#4428),.PCURVE_S1.);
#4417 = LINE('',#4418,#4419);
#4418 = CARTESIAN_POINT('',(-40.42543867133,-49.33339578616,
    9.675624145681));
#4419 = VECTOR('',#4420,1.);
#4420 = DIRECTION('',(1.,0.,0.));
#4421 = PCURVE('',#3649,#4422);
#4422 = DEFINITIONAL_REPRESENTATION('',(#4423),#4427);
#4423 = LINE('',#4424,#4425);
#4424 = CARTESIAN_POINT('',(24.57456132867,-10.41134101103));
#4425 = VECTOR('',#4426,1.);
#4426 = DIRECTION('',(1.,0.));
#4427 = ( GEOMETRIC_REPRESENTATION_CONTEXT(2) 
PARAMETRIC_REPRESENTATION_CONTEXT() REPRESENTATION_CONTEXT('2D SPACE',''
  ) );
#4428 = PCURVE('',#4429,#4434);
#4429 = CYLINDRICAL_SURFACE('',#4430,18.);
#4430 = AXIS2_PLACEMENT_3D('',#4431,#4432,#4433);
#4431 = CARTESIAN_POINT('',(-40.42543867133,-34.58865898896,20.));
#4432 = DIRECTION('',(1.,0.,0.));
#4433 = DIRECTION('',(0.,-0.819152044289,-0.573576436351));
#4434 = DEFINITIONAL_REPRESENTATION('',(#4435),#4439);
#4435 = LINE('',#4436,#4437);
#4436 = CARTESIAN_POINT('',(0.,0.));
#4437 = VECTOR('',#4438,1.);
#4438 = DIRECTION('',(0.,1.));
#4439 = ( GEOMETRIC_REPRESENTATION_CONTEXT(2) 
PARAMETRIC_REPRESENTATION_CONTEXT() REPRESENTATION_CONTEXT('2D SPACE',''
  ) );
#4440 = ADVANCED_FACE('',(#4441),#3543,.T.);
#4441 = FACE_BOUND('',#4442,.T.);
#4442 = EDGE_LOOP('',(#4443,#4466,#4467,#4490,#4534,#4562));
#4443 = ORIENTED_EDGE('',*,*,#4444,.T.);
#4444 = EDGE_CURVE('',#4445,#3526,#4447,.T.);
#4445 = VERTEX_POINT('',#4446);
#4446 = CARTESIAN_POINT('',(69.262638055156,-26.32638081506,
    9.574571633176));
#4447 = SURFACE_CURVE('',#4448,(#4452,#4459),.PCURVE_S1.);
#4448 = LINE('',#4449,#4450);
#4449 = CARTESIAN_POINT('',(69.44510030603,-26.50884306593,
    9.835154733068));
#4450 = VECTOR('',#4451,1.);
#4451 = DIRECTION('',(0.497542812165,-0.497542812165,0.710564775462));
#4452 = PCURVE('',#3543,#4453);
#4453 = DEFINITIONAL_REPRESENTATION('',(#4454),#4458);
#4454 = LINE('',#4455,#4456);
#4455 = CARTESIAN_POINT('',(18.491156934062,-10.60609189824));
#4456 = VECTOR('',#4457,1.);
#4457 = DIRECTION('',(-0.497542812165,-0.867439421553));
#4458 = ( GEOMETRIC_REPRESENTATION_CONTEXT(2) 
PARAMETRIC_REPRESENTATION_CONTEXT() REPRESENTATION_CONTEXT('2D SPACE',''
  ) );
#4459 = PCURVE('',#3571,#4460);
#4460 = DEFINITIONAL_REPRESENTATION('',(#4461),#4465);
#4461 = LINE('',#4462,#4463);
#4462 = CARTESIAN_POINT('',(1.235562564578,0.));
#4463 = VECTOR('',#4464,1.);
#4464 = DIRECTION('',(0.,1.));
#4465 = ( GEOMETRIC_REPRESENTATION_CONTEXT(2) 
PARAMETRIC_REPRESENTATION_CONTEXT() REPRESENTATION_CONTEXT('2D SPACE',''
  ) );
#4466 = ORIENTED_EDGE('',*,*,#3525,.T.);
#4467 = ORIENTED_EDGE('',*,*,#4468,.F.);
#4468 = EDGE_CURVE('',#4469,#3528,#4471,.T.);
#4469 = VERTEX_POINT('',#4470);
#4470 = CARTESIAN_POINT('',(69.262638055156,26.326380815064,
    9.574571633176));
#4471 = SURFACE_CURVE('',#4472,(#4476,#4483),.PCURVE_S1.);
#4472 = LINE('',#4473,#4474);
#4473 = CARTESIAN_POINT('',(69.44510030603,26.508843065938,
    9.835154733068));
#4474 = VECTOR('',#4475,1.);
#4475 = DIRECTION('',(0.497542812165,0.497542812165,0.710564775462));
#4476 = PCURVE('',#3543,#4477);
#4477 = DEFINITIONAL_REPRESENTATION('',(#4478),#4482);
#4478 = LINE('',#4479,#4480);
#4479 = CARTESIAN_POINT('',(71.508843065938,-10.60609189824));
#4480 = VECTOR('',#4481,1.);
#4481 = DIRECTION('',(0.497542812165,-0.867439421553));
#4482 = ( GEOMETRIC_REPRESENTATION_CONTEXT(2) 
PARAMETRIC_REPRESENTATION_CONTEXT() REPRESENTATION_CONTEXT('2D SPACE',''
  ) );
#4483 = PCURVE('',#3889,#4484);
#4484 = DEFINITIONAL_REPRESENTATION('',(#4485),#4489);
#4485 = LINE('',#4486,#4487);
#4486 = CARTESIAN_POINT('',(-1.235562564578,0.));
#4487 = VECTOR('',#4488,1.);
#4488 = DIRECTION('',(-0.,1.));
#4489 = ( GEOMETRIC_REPRESENTATION_CONTEXT(2) 
PARAMETRIC_REPRESENTATION_CONTEXT() REPRESENTATION_CONTEXT('2D SPACE',''
  ) );
#4490 = ORIENTED_EDGE('',*,*,#4491,.F.);
#4491 = EDGE_CURVE('',#4492,#4469,#4494,.T.);
#4492 = VERTEX_POINT('',#4493);
#4493 = CARTESIAN_POINT('',(69.333395786167,20.42543867133,
    9.675624145681));
#4494 = SURFACE_CURVE('',#4495,(#4501,#4510),.PCURVE_S1.);
#4495 = B_SPLINE_CURVE_WITH_KNOTS('',4,(#4496,#4497,#4498,#4499,#4500),
  .UNSPECIFIED.,.F.,.F.,(5,5),(360.73838210849,365.33312585007),
  .PIECEWISE_BEZIER_KNOTS.);
#4496 = CARTESIAN_POINT('',(69.333395786167,20.42543867133,
    9.675624145681));
#4497 = CARTESIAN_POINT('',(69.333395786167,21.909906548227,
    9.675624145681));
#4498 = CARTESIAN_POINT('',(69.322783850569,23.38099558333,9.66046873101
    ));
#4499 = CARTESIAN_POINT('',(69.299952482204,24.848653215212,
    9.627862157788));
#4500 = CARTESIAN_POINT('',(69.262638055156,26.326380815064,
    9.574571633176));
#4501 = PCURVE('',#3543,#4502);
#4502 = DEFINITIONAL_REPRESENTATION('',(#4503),#4509);
#4503 = B_SPLINE_CURVE_WITH_KNOTS('',4,(#4504,#4505,#4506,#4507,#4508),
  .UNSPECIFIED.,.F.,.F.,(5,5),(360.73838210849,365.33312585007),
  .PIECEWISE_BEZIER_KNOTS.);
#4504 = CARTESIAN_POINT('',(65.42543867133,-10.41134101103));
#4505 = CARTESIAN_POINT('',(66.909906548227,-10.41134101103));
#4506 = CARTESIAN_POINT('',(68.38099558333,-10.39283966592));
#4507 = CARTESIAN_POINT('',(69.848653215212,-10.3530343899));
#4508 = CARTESIAN_POINT('',(71.326380815064,-10.28797867163));
#4509 = ( GEOMETRIC_REPRESENTATION_CONTEXT(2) 
PARAMETRIC_REPRESENTATION_CONTEXT() REPRESENTATION_CONTEXT('2D SPACE',''
  ) );
#4510 = PCURVE('',#4511,#4528);
#4511 = OFFSET_SURFACE('',#4512,-2.,.F.);
#4512 = ( BOUNDED_SURFACE() B_SPLINE_SURFACE(2,4,(
    (#4513,#4514,#4515,#4516,#4517)
    ,(#4518,#4519,#4520,#4521,#4522)
    ,(#4523,#4524,#4525,#4526,#4527
)),.UNSPECIFIED.,.F.,.F.,.F.) B_SPLINE_SURFACE_WITH_KNOTS((3,3),(5,5),(
    0.,4.594743741582),(360.73838210849,365.33312585007),
.PIECEWISE_BEZIER_KNOTS.) GEOMETRIC_REPRESENTATION_ITEM() 
RATIONAL_B_SPLINE_SURFACE((
    (1.,1.,1.,1.,1.)
    ,(0.887010833178,0.887010833178,0.887224385532,0.887683969691
      ,0.888433751603)
,(1.,1.,1.,1.,1.))) REPRESENTATION_ITEM('') SURFACE() );
#4513 = CARTESIAN_POINT('',(70.971699874745,20.42543867133,
    8.528471272979));
#4514 = CARTESIAN_POINT('',(70.971699874745,21.909906548227,
    8.528471272979));
#4515 = CARTESIAN_POINT('',(70.961087939147,23.380995583329,
    8.513315858307));
#4516 = CARTESIAN_POINT('',(70.938256570782,24.848653215212,
    8.480709285086));
#4517 = CARTESIAN_POINT('',(70.900942143734,26.326380815064,
    8.427418760474));
#4518 = CARTESIAN_POINT('',(65.,20.42543867133,0.));
#4519 = CARTESIAN_POINT('',(65.,21.680433160225,-2.6645352591E-15));
#4520 = CARTESIAN_POINT('',(65.,22.913739444848,5.329070518201E-15));
#4521 = CARTESIAN_POINT('',(65.,24.136195950443,-8.881784197001E-16));
#4522 = CARTESIAN_POINT('',(65.,25.363924002974,8.881784197001E-16));
#4523 = CARTESIAN_POINT('',(54.588658988965,20.42543867133,0.));
#4524 = CARTESIAN_POINT('',(54.588658988965,21.280358517233,
    -2.6645352591E-15));
#4525 = CARTESIAN_POINT('',(54.620882310199,22.100712695186,
    4.440892098501E-15));
#4526 = CARTESIAN_POINT('',(54.690407579989,22.900078258139,
    -2.6645352591E-15));
#4527 = CARTESIAN_POINT('',(54.801856609865,23.700584092594,0.));
#4528 = DEFINITIONAL_REPRESENTATION('',(#4529),#4533);
#4529 = LINE('',#4530,#4531);
#4530 = CARTESIAN_POINT('',(0.,0.));
#4531 = VECTOR('',#4532,1.);
#4532 = DIRECTION('',(0.,1.));
#4533 = ( GEOMETRIC_REPRESENTATION_CONTEXT(2) 
PARAMETRIC_REPRESENTATION_CONTEXT() REPRESENTATION_CONTEXT('2D SPACE',''
  ) );
#4534 = ORIENTED_EDGE('',*,*,#4535,.F.);
#4535 = EDGE_CURVE('',#4536,#4492,#4538,.T.);
#4536 = VERTEX_POINT('',#4537);
#4537 = CARTESIAN_POINT('',(69.333395786167,-20.42543867133,
    9.675624145681));
#4538 = SURFACE_CURVE('',#4539,(#4543,#4550),.PCURVE_S1.);
#4539 = LINE('',#4540,#4541);
#4540 = CARTESIAN_POINT('',(69.333395786167,-20.42543867133,
    9.675624145681));
#4541 = VECTOR('',#4542,1.);
#4542 = DIRECTION('',(0.,1.,-0.));
#4543 = PCURVE('',#3543,#4544);
#4544 = DEFINITIONAL_REPRESENTATION('',(#4545),#4549);
#4545 = LINE('',#4546,#4547);
#4546 = CARTESIAN_POINT('',(24.57456132867,-10.41134101103));
#4547 = VECTOR('',#4548,1.);
#4548 = DIRECTION('',(1.,0.));
#4549 = ( GEOMETRIC_REPRESENTATION_CONTEXT(2) 
PARAMETRIC_REPRESENTATION_CONTEXT() REPRESENTATION_CONTEXT('2D SPACE',''
  ) );
#4550 = PCURVE('',#4551,#4556);
#4551 = CYLINDRICAL_SURFACE('',#4552,18.);
#4552 = AXIS2_PLACEMENT_3D('',#4553,#4554,#4555);
#4553 = CARTESIAN_POINT('',(54.588658988965,-20.42543867133,20.));
#4554 = DIRECTION('',(0.,1.,-0.));
#4555 = DIRECTION('',(0.819152044289,-0.,-0.573576436351));
#4556 = DEFINITIONAL_REPRESENTATION('',(#4557),#4561);
#4557 = LINE('',#4558,#4559);
#4558 = CARTESIAN_POINT('',(0.,0.));
#4559 = VECTOR('',#4560,1.);
#4560 = DIRECTION('',(0.,1.));
#4561 = ( GEOMETRIC_REPRESENTATION_CONTEXT(2) 
PARAMETRIC_REPRESENTATION_CONTEXT() REPRESENTATION_CONTEXT('2D SPACE',''
  ) );
#4562 = ORIENTED_EDGE('',*,*,#4563,.F.);
#4563 = EDGE_CURVE('',#4445,#4536,#4564,.T.);
#4564 = SURFACE_CURVE('',#4565,(#4571,#4580),.PCURVE_S1.);
#4565 = B_SPLINE_CURVE_WITH_KNOTS('',4,(#4566,#4567,#4568,#4569,#4570),
  .UNSPECIFIED.,.F.,.F.,(5,5),(315.29276102425,319.88750476583),
  .PIECEWISE_BEZIER_KNOTS.);
#4566 = CARTESIAN_POINT('',(69.262638055156,-26.32638081506,
    9.574571633176));
#4567 = CARTESIAN_POINT('',(69.299952482204,-24.84865321521,
    9.627862157788));
#4568 = CARTESIAN_POINT('',(69.322783850569,-23.38099558333,
    9.66046873101));
#4569 = CARTESIAN_POINT('',(69.333395786167,-21.90990654822,
    9.675624145681));
#4570 = CARTESIAN_POINT('',(69.333395786167,-20.42543867133,
    9.675624145681));
#4571 = PCURVE('',#3543,#4572);
#4572 = DEFINITIONAL_REPRESENTATION('',(#4573),#4579);
#4573 = B_SPLINE_CURVE_WITH_KNOTS('',4,(#4574,#4575,#4576,#4577,#4578),
  .UNSPECIFIED.,.F.,.F.,(5,5),(315.29276102425,319.88750476583),
  .PIECEWISE_BEZIER_KNOTS.);
#4574 = CARTESIAN_POINT('',(18.673619184936,-10.28797867163));
#4575 = CARTESIAN_POINT('',(20.151346784788,-10.3530343899));
#4576 = CARTESIAN_POINT('',(21.61900441667,-10.39283966592));
#4577 = CARTESIAN_POINT('',(23.090093451773,-10.41134101103));
#4578 = CARTESIAN_POINT('',(24.57456132867,-10.41134101103));
#4579 = ( GEOMETRIC_REPRESENTATION_CONTEXT(2) 
PARAMETRIC_REPRESENTATION_CONTEXT() REPRESENTATION_CONTEXT('2D SPACE',''
  ) );
#4580 = PCURVE('',#4581,#4598);
#4581 = OFFSET_SURFACE('',#4582,-2.,.F.);
#4582 = ( BOUNDED_SURFACE() B_SPLINE_SURFACE(2,4,(
    (#4583,#4584,#4585,#4586,#4587)
    ,(#4588,#4589,#4590,#4591,#4592)
    ,(#4593,#4594,#4595,#4596,#4597
)),.UNSPECIFIED.,.F.,.F.,.F.) B_SPLINE_SURFACE_WITH_KNOTS((3,3),(5,5),(
    0.,4.594743741582),(315.29276102425,319.88750476583),
.PIECEWISE_BEZIER_KNOTS.) GEOMETRIC_REPRESENTATION_ITEM() 
RATIONAL_B_SPLINE_SURFACE((
    (1.,1.,1.,1.,1.)
    ,(0.888433751603,0.887683969691,0.887224385532,0.887010833178
      ,0.887010833178)
,(1.,1.,1.,1.,1.))) REPRESENTATION_ITEM('') SURFACE() );
#4583 = CARTESIAN_POINT('',(70.900942143734,-26.32638081506,
    8.427418760474));
#4584 = CARTESIAN_POINT('',(70.938256570782,-24.84865321521,
    8.480709285086));
#4585 = CARTESIAN_POINT('',(70.961087939147,-23.38099558333,
    8.513315858307));
#4586 = CARTESIAN_POINT('',(70.971699874745,-21.90990654822,
    8.528471272979));
#4587 = CARTESIAN_POINT('',(70.971699874745,-20.42543867133,
    8.528471272979));
#4588 = CARTESIAN_POINT('',(65.,-25.36392400297,-8.881784197001E-16));
#4589 = CARTESIAN_POINT('',(65.,-24.13619595044,-2.6645352591E-15));
#4590 = CARTESIAN_POINT('',(65.,-22.91373944484,1.42108547152E-14));
#4591 = CARTESIAN_POINT('',(65.,-21.68043316022,-7.105427357601E-15));
#4592 = CARTESIAN_POINT('',(65.,-20.42543867133,-4.440892098501E-15));
#4593 = CARTESIAN_POINT('',(54.801856609865,-23.70058409259,0.));
#4594 = CARTESIAN_POINT('',(54.690407579989,-22.90007825813,
    -1.7763568394E-15));
#4595 = CARTESIAN_POINT('',(54.620882310199,-22.10071269518,
    2.6645352591E-15));
#4596 = CARTESIAN_POINT('',(54.588658988965,-21.28035851723,0.));
#4597 = CARTESIAN_POINT('',(54.588658988965,-20.42543867133,0.));
#4598 = DEFINITIONAL_REPRESENTATION('',(#4599),#4603);
#4599 = LINE('',#4600,#4601);
#4600 = CARTESIAN_POINT('',(0.,0.));
#4601 = VECTOR('',#4602,1.);
#4602 = DIRECTION('',(0.,1.));
#4603 = ( GEOMETRIC_REPRESENTATION_CONTEXT(2) 
PARAMETRIC_REPRESENTATION_CONTEXT() REPRESENTATION_CONTEXT('2D SPACE',''
  ) );
#4604 = ADVANCED_FACE('',(#4605),#3889,.F.);
#4605 = FACE_BOUND('',#4606,.T.);
#4606 = EDGE_LOOP('',(#4607,#4670,#4671,#4672,#4673));
#4607 = ORIENTED_EDGE('',*,*,#4608,.F.);
#4608 = EDGE_CURVE('',#4469,#3953,#4609,.T.);
#4609 = SURFACE_CURVE('',#4610,(#4617,#4631),.PCURVE_S1.);
#4610 = B_SPLINE_CURVE_WITH_KNOTS('',5,(#4611,#4612,#4613,#4614,#4615,
    #4616),.UNSPECIFIED.,.F.,.F.,(6,6),(365.33312585007,395.25526261286)
  ,.PIECEWISE_BEZIER_KNOTS.);
#4611 = CARTESIAN_POINT('',(69.262638055156,26.326380815064,
    9.574571633176));
#4612 = CARTESIAN_POINT('',(67.982812808388,33.376297830424,
    7.746791758026));
#4613 = CARTESIAN_POINT('',(64.49533224071,39.676704598441,
    6.902649458743));
#4614 = CARTESIAN_POINT('',(59.676704598442,44.49533224071,
    6.902649458742));
#4615 = CARTESIAN_POINT('',(53.376297830423,47.982812808388,
    7.746791758027));
#4616 = CARTESIAN_POINT('',(46.326380815064,49.262638055156,
    9.574571633176));
#4617 = PCURVE('',#3889,#4618);
#4618 = DEFINITIONAL_REPRESENTATION('',(#4619),#4630);
#4619 = B_SPLINE_CURVE_WITH_KNOTS('',9,(#4620,#4621,#4622,#4623,#4624,
    #4625,#4626,#4627,#4628,#4629),.UNSPECIFIED.,.F.,.F.,(10,10),(
    365.33312585007,395.25526261286),.PIECEWISE_BEZIER_KNOTS.);
#4620 = CARTESIAN_POINT('',(-1.235562564578,-0.366726734692));
#4621 = CARTESIAN_POINT('',(-1.092198540579,0.50666864776));
#4622 = CARTESIAN_POINT('',(-0.95289710223,1.170019811771));
#4623 = CARTESIAN_POINT('',(-0.817067035225,1.609078602735));
#4624 = CARTESIAN_POINT('',(-0.683806995011,1.822283771098));
#4625 = CARTESIAN_POINT('',(-0.551755569567,1.822283771099));
#4626 = CARTESIAN_POINT('',(-0.418495529353,1.609078602734));
#4627 = CARTESIAN_POINT('',(-0.282665462348,1.170019811771));
#4628 = CARTESIAN_POINT('',(-0.143364023999,0.50666864776));
#4629 = CARTESIAN_POINT('',(-1.33226762955E-15,-0.366726734692));
#4630 = ( GEOMETRIC_REPRESENTATION_CONTEXT(2) 
PARAMETRIC_REPRESENTATION_CONTEXT() REPRESENTATION_CONTEXT('2D SPACE',''
  ) );
#4631 = PCURVE('',#4632,#4664);
#4632 = OFFSET_SURFACE('',#4633,-2.,.F.);
#4633 = ( BOUNDED_SURFACE() B_SPLINE_SURFACE(2,9,(
    (#4634,#4635,#4636,#4637,#4638,#4639,#4640,#4641,#4642,#4643)
    ,(#4644,#4645,#4646,#4647,#4648,#4649,#4650,#4651,#4652,#4653)
    ,(#4654,#4655,#4656,#4657,#4658,#4659,#4660,#4661,#4662,#4663
)),.UNSPECIFIED.,.F.,.F.,.F.) B_SPLINE_SURFACE_WITH_KNOTS((3,3),(10,10),
  (0.,29.922136762787),(365.33312585007,395.25526261286),
.PIECEWISE_BEZIER_KNOTS.) GEOMETRIC_REPRESENTATION_ITEM() 
RATIONAL_B_SPLINE_SURFACE((
    (1.,1.,1.,1.,1.,1.,1.,1.,1.,1.)
    ,(0.888433751603,0.904364780029,0.915776605551,0.923044220165
      ,0.926515298572,0.926515298572,0.923044220165,0.915776605551
      ,0.904364780029,0.888433751603)
,(1.,1.,1.,1.,1.,1.,1.,1.,1.,1.))) REPRESENTATION_ITEM('') SURFACE() );
#4634 = CARTESIAN_POINT('',(70.900942143734,26.326380815064,
    8.427418760474));
#4635 = CARTESIAN_POINT('',(70.108102001988,30.491720591251,
    7.295125692374));
#4636 = CARTESIAN_POINT('',(68.677243058996,34.446806995959,
    6.461198731572));
#4637 = CARTESIAN_POINT('',(66.688530250063,38.089249651,5.921141356405)
  );
#4638 = CARTESIAN_POINT('',(64.222124948459,41.355058783489,
    5.661447993956));
#4639 = CARTESIAN_POINT('',(61.355058783491,44.22212494846,
    5.661447993955));
#4640 = CARTESIAN_POINT('',(58.089249650999,46.688530250063,
    5.921141356406));
#4641 = CARTESIAN_POINT('',(54.44680699596,48.677243058997,
    6.461198731572));
#4642 = CARTESIAN_POINT('',(50.491720591251,50.108102001988,
    7.295125692374));
#4643 = CARTESIAN_POINT('',(46.326380815064,50.900942143734,
    8.427418760474));
#4644 = CARTESIAN_POINT('',(65.,25.363924002974,3.552713678801E-15));
#4645 = CARTESIAN_POINT('',(64.26347075689,28.731707945894,
    4.440892098501E-14));
#4646 = CARTESIAN_POINT('',(63.140290552695,31.908425165639,
    -2.007283228522E-13));
#4647 = CARTESIAN_POINT('',(61.620252673181,34.830175601765,
    4.360956040728E-13));
#4648 = CARTESIAN_POINT('',(59.712655998575,37.443317725125,
    -5.622169396702E-13));
#4649 = CARTESIAN_POINT('',(57.443317725126,39.712655998575,
    4.556355293062E-13));
#4650 = CARTESIAN_POINT('',(54.830175601764,41.620252673181,
    -2.327027459614E-13));
#4651 = CARTESIAN_POINT('',(51.908425165639,43.140290552695,
    9.592326932761E-14));
#4652 = CARTESIAN_POINT('',(48.731707945894,44.26347075689,
    -2.6645352591E-14));
#4653 = CARTESIAN_POINT('',(45.363924002974,45.,3.552713678801E-15));
#4654 = CARTESIAN_POINT('',(54.801856609865,23.700584092594,0.));
#4655 = CARTESIAN_POINT('',(55.124427433452,26.017516116096,
    -4.440892098501E-15));
#4656 = CARTESIAN_POINT('',(54.994199212047,28.220939963108,
    1.50990331349E-14));
#4657 = CARTESIAN_POINT('',(54.414345669566,30.234834731835,
    -3.907985046681E-14));
#4658 = CARTESIAN_POINT('',(53.402868866925,31.986450171345,
    7.016609515631E-14));
#4659 = CARTESIAN_POINT('',(51.986450171344,33.402868866925,
    -1.003641614261E-13));
#4660 = CARTESIAN_POINT('',(50.234834731836,34.414345669567,
    9.503509090791E-14));
#4661 = CARTESIAN_POINT('',(48.220939963108,34.994199212047,
    -5.595524044111E-14));
#4662 = CARTESIAN_POINT('',(46.017516116096,35.124427433452,
    1.68753899743E-14));
#4663 = CARTESIAN_POINT('',(43.700584092594,34.801856609865,0.));
#4664 = DEFINITIONAL_REPRESENTATION('',(#4665),#4669);
#4665 = LINE('',#4666,#4667);
#4666 = CARTESIAN_POINT('',(0.,0.));
#4667 = VECTOR('',#4668,1.);
#4668 = DIRECTION('',(0.,1.));
#4669 = ( GEOMETRIC_REPRESENTATION_CONTEXT(2) 
PARAMETRIC_REPRESENTATION_CONTEXT() REPRESENTATION_CONTEXT('2D SPACE',''
  ) );
#4670 = ORIENTED_EDGE('',*,*,#4468,.T.);
#4671 = ORIENTED_EDGE('',*,*,#3914,.T.);
#4672 = ORIENTED_EDGE('',*,*,#3872,.T.);
#4673 = ORIENTED_EDGE('',*,*,#3952,.F.);
#4674 = ADVANCED_FACE('',(#4675),#3783,.F.);
#4675 = FACE_BOUND('',#4676,.F.);
#4676 = EDGE_LOOP('',(#4677,#4740,#4741,#4742,#4743));
#4677 = ORIENTED_EDGE('',*,*,#4678,.T.);
#4678 = EDGE_CURVE('',#3977,#4117,#4679,.T.);
#4679 = SURFACE_CURVE('',#4680,(#4687,#4701),.PCURVE_S1.);
#4680 = B_SPLINE_CURVE_WITH_KNOTS('',5,(#4681,#4682,#4683,#4684,#4685,
    #4686),.UNSPECIFIED.,.F.,.F.,(6,6),(85.445621084243,115.36775784702)
  ,.PIECEWISE_BEZIER_KNOTS.);
#4681 = CARTESIAN_POINT('',(-46.32638081506,49.262638055156,
    9.574571633176));
#4682 = CARTESIAN_POINT('',(-53.37629783042,47.982812808389,
    7.746791758027));
#4683 = CARTESIAN_POINT('',(-59.67670459844,44.495332240709,
    6.902649458742));
#4684 = CARTESIAN_POINT('',(-64.4953322407,39.676704598442,
    6.902649458742));
#4685 = CARTESIAN_POINT('',(-67.98281280838,33.376297830424,
    7.746791758027));
#4686 = CARTESIAN_POINT('',(-69.26263805515,26.326380815064,
    9.574571633176));
#4687 = PCURVE('',#3783,#4688);
#4688 = DEFINITIONAL_REPRESENTATION('',(#4689),#4700);
#4689 = B_SPLINE_CURVE_WITH_KNOTS('',9,(#4690,#4691,#4692,#4693,#4694,
    #4695,#4696,#4697,#4698,#4699),.UNSPECIFIED.,.F.,.F.,(10,10),(
    85.445621084243,115.36775784702),.PIECEWISE_BEZIER_KNOTS.);
#4690 = CARTESIAN_POINT('',(3.907434453825E-16,-0.366726734692));
#4691 = CARTESIAN_POINT('',(0.143364023999,0.50666864776));
#4692 = CARTESIAN_POINT('',(0.282665462348,1.170019811772));
#4693 = CARTESIAN_POINT('',(0.418495529353,1.609078602734));
#4694 = CARTESIAN_POINT('',(0.551755569567,1.8222837711));
#4695 = CARTESIAN_POINT('',(0.68380699501,1.822283771096));
#4696 = CARTESIAN_POINT('',(0.817067035225,1.609078602736));
#4697 = CARTESIAN_POINT('',(0.95289710223,1.17001981177));
#4698 = CARTESIAN_POINT('',(1.092198540579,0.506668647761));
#4699 = CARTESIAN_POINT('',(1.235562564578,-0.366726734692));
#4700 = ( GEOMETRIC_REPRESENTATION_CONTEXT(2) 
PARAMETRIC_REPRESENTATION_CONTEXT() REPRESENTATION_CONTEXT('2D SPACE',''
  ) );
#4701 = PCURVE('',#4702,#4734);
#4702 = OFFSET_SURFACE('',#4703,-2.,.F.);
#4703 = ( BOUNDED_SURFACE() B_SPLINE_SURFACE(2,9,(
    (#4704,#4705,#4706,#4707,#4708,#4709,#4710,#4711,#4712,#4713)
    ,(#4714,#4715,#4716,#4717,#4718,#4719,#4720,#4721,#4722,#4723)
    ,(#4724,#4725,#4726,#4727,#4728,#4729,#4730,#4731,#4732,#4733
)),.UNSPECIFIED.,.F.,.F.,.F.) B_SPLINE_SURFACE_WITH_KNOTS((3,3),(10,10),
  (0.,29.922136762787),(85.445621084243,115.36775784702),
.PIECEWISE_BEZIER_KNOTS.) GEOMETRIC_REPRESENTATION_ITEM() 
RATIONAL_B_SPLINE_SURFACE((
    (1.,1.,1.,1.,1.,1.,1.,1.,1.,1.)
    ,(0.888433751603,0.904364780029,0.915776605551,0.923044220164
      ,0.926515298573,0.926515298572,0.923044220165,0.915776605551
      ,0.904364780029,0.888433751603)
,(1.,1.,1.,1.,1.,1.,1.,1.,1.,1.))) REPRESENTATION_ITEM('') SURFACE() );
#4704 = CARTESIAN_POINT('',(-46.32638081506,50.900942143734,
    8.427418760474));
#4705 = CARTESIAN_POINT('',(-50.49172059125,50.108102001988,
    7.295125692374));
#4706 = CARTESIAN_POINT('',(-54.44680699596,48.677243058996,
    6.461198731572));
#4707 = CARTESIAN_POINT('',(-58.08924965099,46.688530250064,
    5.921141356406));
#4708 = CARTESIAN_POINT('',(-61.35505878349,44.222124948459,
    5.661447993955));
#4709 = CARTESIAN_POINT('',(-64.22212494846,41.35505878349,
    5.661447993955));
#4710 = CARTESIAN_POINT('',(-66.68853025006,38.089249651001,
    5.921141356405));
#4711 = CARTESIAN_POINT('',(-68.67724305899,34.446806995959,
    6.461198731572));
#4712 = CARTESIAN_POINT('',(-70.10810200198,30.491720591251,
    7.295125692374));
#4713 = CARTESIAN_POINT('',(-70.90094214373,26.326380815064,
    8.427418760474));
#4714 = CARTESIAN_POINT('',(-45.36392400297,45.,4.440892098501E-15));
#4715 = CARTESIAN_POINT('',(-48.73170794589,44.26347075689,
    1.95399252334E-14));
#4716 = CARTESIAN_POINT('',(-51.90842516564,43.140290552694,
    -9.414691248821E-14));
#4717 = CARTESIAN_POINT('',(-54.83017560176,41.620252673181,
    1.705302565824E-13));
#4718 = CARTESIAN_POINT('',(-57.44331772512,39.712655998575,
    -1.86517468137E-13));
#4719 = CARTESIAN_POINT('',(-59.71265599857,37.443317725125,
    1.563194018672E-13));
#4720 = CARTESIAN_POINT('',(-61.62025267318,34.830175601766,
    -1.127986593019E-13));
#4721 = CARTESIAN_POINT('',(-63.14029055269,31.908425165638,
    7.638334409421E-14));
#4722 = CARTESIAN_POINT('',(-64.26347075689,28.731707945894,
    -3.28626015289E-14));
#4723 = CARTESIAN_POINT('',(-65.,25.363924002974,8.881784197001E-16));
#4724 = CARTESIAN_POINT('',(-43.70058409259,34.801856609865,0.));
#4725 = CARTESIAN_POINT('',(-46.01751611609,35.124427433452,
    2.30926389122E-14));
#4726 = CARTESIAN_POINT('',(-48.2209399631,34.994199212047,
    -8.171241461241E-14));
#4727 = CARTESIAN_POINT('',(-50.23483473183,34.414345669567,
    1.412203687323E-13));
#4728 = CARTESIAN_POINT('',(-51.98645017134,33.402868866924,
    -1.190159082398E-13));
#4729 = CARTESIAN_POINT('',(-53.40286886692,31.986450171345,
    9.769962616701E-15));
#4730 = CARTESIAN_POINT('',(-54.41434566956,30.234834731835,
    7.549516567451E-14));
#4731 = CARTESIAN_POINT('',(-54.99419921204,28.220939963108,
    -6.750155989721E-14));
#4732 = CARTESIAN_POINT('',(-55.12442743345,26.017516116096,
    2.22044604925E-14));
#4733 = CARTESIAN_POINT('',(-54.80185660986,23.700584092594,0.));
#4734 = DEFINITIONAL_REPRESENTATION('',(#4735),#4739);
#4735 = LINE('',#4736,#4737);
#4736 = CARTESIAN_POINT('',(0.,0.));
#4737 = VECTOR('',#4738,1.);
#4738 = DIRECTION('',(0.,1.));
#4739 = ( GEOMETRIC_REPRESENTATION_CONTEXT(2) 
PARAMETRIC_REPRESENTATION_CONTEXT() REPRESENTATION_CONTEXT('2D SPACE',''
  ) );
#4740 = ORIENTED_EDGE('',*,*,#4162,.T.);
#4741 = ORIENTED_EDGE('',*,*,#3766,.F.);
#4742 = ORIENTED_EDGE('',*,*,#3808,.F.);
#4743 = ORIENTED_EDGE('',*,*,#3976,.F.);
#4744 = ADVANCED_FACE('',(#4745),#4019,.F.);
#4745 = FACE_BOUND('',#4746,.F.);
#4746 = EDGE_LOOP('',(#4747,#4776,#4808,#4830));
#4747 = ORIENTED_EDGE('',*,*,#4748,.T.);
#4748 = EDGE_CURVE('',#4000,#4749,#4751,.T.);
#4749 = VERTEX_POINT('',#4750);
#4750 = CARTESIAN_POINT('',(-40.42543867133,34.588658988965,2.));
#4751 = SURFACE_CURVE('',#4752,(#4757,#4769),.PCURVE_S1.);
#4752 = CIRCLE('',#4753,18.);
#4753 = AXIS2_PLACEMENT_3D('',#4754,#4755,#4756);
#4754 = CARTESIAN_POINT('',(-40.42543867133,34.588658988965,20.));
#4755 = DIRECTION('',(-1.,0.,0.));
#4756 = DIRECTION('',(0.,0.819152044289,-0.573576436351));
#4757 = PCURVE('',#4019,#4758);
#4758 = DEFINITIONAL_REPRESENTATION('',(#4759),#4768);
#4759 = B_SPLINE_CURVE_WITH_KNOTS('',7,(#4760,#4761,#4762,#4763,#4764,
    #4765,#4766,#4767),.UNSPECIFIED.,.F.,.F.,(8,8),(0.,0.959931088597),
  .PIECEWISE_BEZIER_KNOTS.);
#4760 = CARTESIAN_POINT('',(0.,80.85087734266));
#4761 = CARTESIAN_POINT('',(0.682287974028,80.850877342661));
#4762 = CARTESIAN_POINT('',(1.337865312197,80.850877342659));
#4763 = CARTESIAN_POINT('',(1.979090652044,80.850877342663));
#4764 = CARTESIAN_POINT('',(2.615653089538,80.850877342658));
#4765 = CARTESIAN_POINT('',(3.256878429385,80.850877342662));
#4766 = CARTESIAN_POINT('',(3.912455767554,80.85087734266));
#4767 = CARTESIAN_POINT('',(4.594743741582,80.85087734266));
#4768 = ( GEOMETRIC_REPRESENTATION_CONTEXT(2) 
PARAMETRIC_REPRESENTATION_CONTEXT() REPRESENTATION_CONTEXT('2D SPACE',''
  ) );
#4769 = PCURVE('',#4059,#4770);
#4770 = DEFINITIONAL_REPRESENTATION('',(#4771),#4775);
#4771 = LINE('',#4772,#4773);
#4772 = CARTESIAN_POINT('',(0.,80.85087734266));
#4773 = VECTOR('',#4774,1.);
#4774 = DIRECTION('',(1.,0.));
#4775 = ( GEOMETRIC_REPRESENTATION_CONTEXT(2) 
PARAMETRIC_REPRESENTATION_CONTEXT() REPRESENTATION_CONTEXT('2D SPACE',''
  ) );
#4776 = ORIENTED_EDGE('',*,*,#4777,.T.);
#4777 = EDGE_CURVE('',#4749,#4778,#4780,.T.);
#4778 = VERTEX_POINT('',#4779);
#4779 = CARTESIAN_POINT('',(-43.70058409259,34.801856609865,2.));
#4780 = SURFACE_CURVE('',#4781,(#4787,#4794),.PCURVE_S1.);
#4781 = B_SPLINE_CURVE_WITH_KNOTS('',4,(#4782,#4783,#4784,#4785,#4786),
  .UNSPECIFIED.,.F.,.F.,(5,5),(80.85087734266,85.445621084243),
  .PIECEWISE_BEZIER_KNOTS.);
#4782 = CARTESIAN_POINT('',(-40.42543867133,34.588658988965,2.));
#4783 = CARTESIAN_POINT('',(-41.28035851723,34.588658988965,2.));
#4784 = CARTESIAN_POINT('',(-42.10071269518,34.620882310199,2.));
#4785 = CARTESIAN_POINT('',(-42.90007825813,34.690407579989,2.));
#4786 = CARTESIAN_POINT('',(-43.70058409259,34.801856609865,2.));
#4787 = PCURVE('',#4019,#4788);
#4788 = DEFINITIONAL_REPRESENTATION('',(#4789),#4793);
#4789 = LINE('',#4790,#4791);
#4790 = CARTESIAN_POINT('',(4.594743741582,0.));
#4791 = VECTOR('',#4792,1.);
#4792 = DIRECTION('',(0.,1.));
#4793 = ( GEOMETRIC_REPRESENTATION_CONTEXT(2) 
PARAMETRIC_REPRESENTATION_CONTEXT() REPRESENTATION_CONTEXT('2D SPACE',''
  ) );
#4794 = PCURVE('',#4795,#4800);
#4795 = PLANE('',#4796);
#4796 = AXIS2_PLACEMENT_3D('',#4797,#4798,#4799);
#4797 = CARTESIAN_POINT('',(0.,0.,2.));
#4798 = DIRECTION('',(0.,0.,1.));
#4799 = DIRECTION('',(1.,0.,-0.));
#4800 = DEFINITIONAL_REPRESENTATION('',(#4801),#4807);
#4801 = B_SPLINE_CURVE_WITH_KNOTS('',4,(#4802,#4803,#4804,#4805,#4806),
  .UNSPECIFIED.,.F.,.F.,(5,5),(80.85087734266,85.445621084243),
  .PIECEWISE_BEZIER_KNOTS.);
#4802 = CARTESIAN_POINT('',(-40.42543867133,34.588658988965));
#4803 = CARTESIAN_POINT('',(-41.28035851723,34.588658988965));
#4804 = CARTESIAN_POINT('',(-42.10071269518,34.620882310199));
#4805 = CARTESIAN_POINT('',(-42.90007825813,34.690407579989));
#4806 = CARTESIAN_POINT('',(-43.70058409259,34.801856609865));
#4807 = ( GEOMETRIC_REPRESENTATION_CONTEXT(2) 
PARAMETRIC_REPRESENTATION_CONTEXT() REPRESENTATION_CONTEXT('2D SPACE',''
  ) );
#4808 = ORIENTED_EDGE('',*,*,#4809,.F.);
#4809 = EDGE_CURVE('',#3977,#4778,#4810,.T.);
#4810 = SURFACE_CURVE('',#4811,(#4817,#4824),.PCURVE_S1.);
#4811 = B_SPLINE_CURVE_WITH_KNOTS('',4,(#4812,#4813,#4814,#4815,#4816),
  .UNSPECIFIED.,.F.,.F.,(5,5),(0.,4.594743741582),
  .PIECEWISE_BEZIER_KNOTS.);
#4812 = CARTESIAN_POINT('',(-46.32638081506,49.262638055156,
    9.574571633176));
#4813 = CARTESIAN_POINT('',(-45.91887705483,46.902379846916,
    6.203773577681));
#4814 = CARTESIAN_POINT('',(-45.29011033674,43.29600595617,
    3.270653090051));
#4815 = CARTESIAN_POINT('',(-44.50572077347,38.856167893335,2.));
#4816 = CARTESIAN_POINT('',(-43.70058409259,34.801856609865,2.));
#4817 = PCURVE('',#4019,#4818);
#4818 = DEFINITIONAL_REPRESENTATION('',(#4819),#4823);
#4819 = LINE('',#4820,#4821);
#4820 = CARTESIAN_POINT('',(0.,85.445621084243));
#4821 = VECTOR('',#4822,1.);
#4822 = DIRECTION('',(1.,0.));
#4823 = ( GEOMETRIC_REPRESENTATION_CONTEXT(2) 
PARAMETRIC_REPRESENTATION_CONTEXT() REPRESENTATION_CONTEXT('2D SPACE',''
  ) );
#4824 = PCURVE('',#4702,#4825);
#4825 = DEFINITIONAL_REPRESENTATION('',(#4826),#4829);
#4826 = B_SPLINE_CURVE_WITH_KNOTS('',1,(#4827,#4828),.UNSPECIFIED.,.F.,
  .F.,(2,2),(0.,4.594743741582),.PIECEWISE_BEZIER_KNOTS.);
#4827 = CARTESIAN_POINT('',(0.,85.445621084243));
#4828 = CARTESIAN_POINT('',(29.922136762787,85.445621084243));
#4829 = ( GEOMETRIC_REPRESENTATION_CONTEXT(2) 
PARAMETRIC_REPRESENTATION_CONTEXT() REPRESENTATION_CONTEXT('2D SPACE',''
  ) );
#4830 = ORIENTED_EDGE('',*,*,#3999,.F.);
#4831 = ADVANCED_FACE('',(#4832),#4059,.F.);
#4832 = FACE_BOUND('',#4833,.F.);
#4833 = EDGE_LOOP('',(#4834,#4863,#4884,#4885));
#4834 = ORIENTED_EDGE('',*,*,#4835,.T.);
#4835 = EDGE_CURVE('',#4044,#4836,#4838,.T.);
#4836 = VERTEX_POINT('',#4837);
#4837 = CARTESIAN_POINT('',(40.42543867133,34.588658988965,2.));
#4838 = SURFACE_CURVE('',#4839,(#4844,#4851),.PCURVE_S1.);
#4839 = CIRCLE('',#4840,18.);
#4840 = AXIS2_PLACEMENT_3D('',#4841,#4842,#4843);
#4841 = CARTESIAN_POINT('',(40.42543867133,34.588658988965,20.));
#4842 = DIRECTION('',(-1.,0.,0.));
#4843 = DIRECTION('',(0.,0.819152044289,-0.573576436351));
#4844 = PCURVE('',#4059,#4845);
#4845 = DEFINITIONAL_REPRESENTATION('',(#4846),#4850);
#4846 = LINE('',#4847,#4848);
#4847 = CARTESIAN_POINT('',(0.,0.));
#4848 = VECTOR('',#4849,1.);
#4849 = DIRECTION('',(1.,0.));
#4850 = ( GEOMETRIC_REPRESENTATION_CONTEXT(2) 
PARAMETRIC_REPRESENTATION_CONTEXT() REPRESENTATION_CONTEXT('2D SPACE',''
  ) );
#4851 = PCURVE('',#4089,#4852);
#4852 = DEFINITIONAL_REPRESENTATION('',(#4853),#4862);
#4853 = B_SPLINE_CURVE_WITH_KNOTS('',7,(#4854,#4855,#4856,#4857,#4858,
    #4859,#4860,#4861),.UNSPECIFIED.,.F.,.F.,(8,8),(0.,0.959931088597),
  .PIECEWISE_BEZIER_KNOTS.);
#4854 = CARTESIAN_POINT('',(4.440892098501E-16,399.85000635444));
#4855 = CARTESIAN_POINT('',(0.682287974028,399.85000635444));
#4856 = CARTESIAN_POINT('',(1.337865312197,399.85000635444));
#4857 = CARTESIAN_POINT('',(1.979090652044,399.85000635445));
#4858 = CARTESIAN_POINT('',(2.615653089538,399.85000635444));
#4859 = CARTESIAN_POINT('',(3.256878429385,399.85000635444));
#4860 = CARTESIAN_POINT('',(3.912455767554,399.85000635444));
#4861 = CARTESIAN_POINT('',(4.594743741582,399.85000635444));
#4862 = ( GEOMETRIC_REPRESENTATION_CONTEXT(2) 
PARAMETRIC_REPRESENTATION_CONTEXT() REPRESENTATION_CONTEXT('2D SPACE',''
  ) );
#4863 = ORIENTED_EDGE('',*,*,#4864,.T.);
#4864 = EDGE_CURVE('',#4836,#4749,#4865,.T.);
#4865 = SURFACE_CURVE('',#4866,(#4870,#4877),.PCURVE_S1.);
#4866 = LINE('',#4867,#4868);
#4867 = CARTESIAN_POINT('',(40.42543867133,34.588658988965,2.));
#4868 = VECTOR('',#4869,1.);
#4869 = DIRECTION('',(-1.,0.,0.));
#4870 = PCURVE('',#4059,#4871);
#4871 = DEFINITIONAL_REPRESENTATION('',(#4872),#4876);
#4872 = LINE('',#4873,#4874);
#4873 = CARTESIAN_POINT('',(0.959931088597,0.));
#4874 = VECTOR('',#4875,1.);
#4875 = DIRECTION('',(0.,1.));
#4876 = ( GEOMETRIC_REPRESENTATION_CONTEXT(2) 
PARAMETRIC_REPRESENTATION_CONTEXT() REPRESENTATION_CONTEXT('2D SPACE',''
  ) );
#4877 = PCURVE('',#4795,#4878);
#4878 = DEFINITIONAL_REPRESENTATION('',(#4879),#4883);
#4879 = LINE('',#4880,#4881);
#4880 = CARTESIAN_POINT('',(40.42543867133,34.588658988965));
#4881 = VECTOR('',#4882,1.);
#4882 = DIRECTION('',(-1.,0.));
#4883 = ( GEOMETRIC_REPRESENTATION_CONTEXT(2) 
PARAMETRIC_REPRESENTATION_CONTEXT() REPRESENTATION_CONTEXT('2D SPACE',''
  ) );
#4884 = ORIENTED_EDGE('',*,*,#4748,.F.);
#4885 = ORIENTED_EDGE('',*,*,#4043,.F.);
#4886 = ADVANCED_FACE('',(#4887),#4089,.F.);
#4887 = FACE_BOUND('',#4888,.F.);
#4888 = EDGE_LOOP('',(#4889,#4913,#4938,#4939));
#4889 = ORIENTED_EDGE('',*,*,#4890,.T.);
#4890 = EDGE_CURVE('',#3953,#4891,#4893,.T.);
#4891 = VERTEX_POINT('',#4892);
#4892 = CARTESIAN_POINT('',(43.700584092594,34.801856609865,2.));
#4893 = SURFACE_CURVE('',#4894,(#4900,#4906),.PCURVE_S1.);
#4894 = B_SPLINE_CURVE_WITH_KNOTS('',4,(#4895,#4896,#4897,#4898,#4899),
  .UNSPECIFIED.,.F.,.F.,(5,5),(0.,29.922136762787),
  .PIECEWISE_BEZIER_KNOTS.);
#4895 = CARTESIAN_POINT('',(46.326380815064,49.262638055156,
    9.574571633176));
#4896 = CARTESIAN_POINT('',(45.918877054837,46.902379846916,
    6.203773577681));
#4897 = CARTESIAN_POINT('',(45.290110336746,43.29600595617,
    3.270653090051));
#4898 = CARTESIAN_POINT('',(44.50572077347,38.856167893335,2.));
#4899 = CARTESIAN_POINT('',(43.700584092594,34.801856609865,2.));
#4900 = PCURVE('',#4089,#4901);
#4901 = DEFINITIONAL_REPRESENTATION('',(#4902),#4905);
#4902 = B_SPLINE_CURVE_WITH_KNOTS('',1,(#4903,#4904),.UNSPECIFIED.,.F.,
  .F.,(2,2),(0.,29.922136762787),.PIECEWISE_BEZIER_KNOTS.);
#4903 = CARTESIAN_POINT('',(0.,395.25526261286));
#4904 = CARTESIAN_POINT('',(4.594743741582,395.25526261286));
#4905 = ( GEOMETRIC_REPRESENTATION_CONTEXT(2) 
PARAMETRIC_REPRESENTATION_CONTEXT() REPRESENTATION_CONTEXT('2D SPACE',''
  ) );
#4906 = PCURVE('',#4632,#4907);
#4907 = DEFINITIONAL_REPRESENTATION('',(#4908),#4912);
#4908 = LINE('',#4909,#4910);
#4909 = CARTESIAN_POINT('',(0.,395.25526261286));
#4910 = VECTOR('',#4911,1.);
#4911 = DIRECTION('',(1.,0.));
#4912 = ( GEOMETRIC_REPRESENTATION_CONTEXT(2) 
PARAMETRIC_REPRESENTATION_CONTEXT() REPRESENTATION_CONTEXT('2D SPACE',''
  ) );
#4913 = ORIENTED_EDGE('',*,*,#4914,.T.);
#4914 = EDGE_CURVE('',#4891,#4836,#4915,.T.);
#4915 = SURFACE_CURVE('',#4916,(#4922,#4929),.PCURVE_S1.);
#4916 = B_SPLINE_CURVE_WITH_KNOTS('',4,(#4917,#4918,#4919,#4920,#4921),
  .UNSPECIFIED.,.F.,.F.,(5,5),(395.25526261286,399.85000635444),
  .PIECEWISE_BEZIER_KNOTS.);
#4917 = CARTESIAN_POINT('',(43.700584092594,34.801856609865,2.));
#4918 = CARTESIAN_POINT('',(42.900078258139,34.690407579989,2.));
#4919 = CARTESIAN_POINT('',(42.100712695186,34.620882310199,2.));
#4920 = CARTESIAN_POINT('',(41.280358517233,34.588658988965,2.));
#4921 = CARTESIAN_POINT('',(40.42543867133,34.588658988965,2.));
#4922 = PCURVE('',#4089,#4923);
#4923 = DEFINITIONAL_REPRESENTATION('',(#4924),#4928);
#4924 = LINE('',#4925,#4926);
#4925 = CARTESIAN_POINT('',(4.594743741582,0.));
#4926 = VECTOR('',#4927,1.);
#4927 = DIRECTION('',(0.,1.));
#4928 = ( GEOMETRIC_REPRESENTATION_CONTEXT(2) 
PARAMETRIC_REPRESENTATION_CONTEXT() REPRESENTATION_CONTEXT('2D SPACE',''
  ) );
#4929 = PCURVE('',#4795,#4930);
#4930 = DEFINITIONAL_REPRESENTATION('',(#4931),#4937);
#4931 = B_SPLINE_CURVE_WITH_KNOTS('',4,(#4932,#4933,#4934,#4935,#4936),
  .UNSPECIFIED.,.F.,.F.,(5,5),(395.25526261286,399.85000635444),
  .PIECEWISE_BEZIER_KNOTS.);
#4932 = CARTESIAN_POINT('',(43.700584092594,34.801856609865));
#4933 = CARTESIAN_POINT('',(42.900078258139,34.690407579989));
#4934 = CARTESIAN_POINT('',(42.100712695186,34.620882310199));
#4935 = CARTESIAN_POINT('',(41.280358517233,34.588658988965));
#4936 = CARTESIAN_POINT('',(40.42543867133,34.588658988965));
#4937 = ( GEOMETRIC_REPRESENTATION_CONTEXT(2) 
PARAMETRIC_REPRESENTATION_CONTEXT() REPRESENTATION_CONTEXT('2D SPACE',''
  ) );
#4938 = ORIENTED_EDGE('',*,*,#4835,.F.);
#4939 = ORIENTED_EDGE('',*,*,#4071,.F.);
#4940 = ADVANCED_FACE('',(#4941),#4138,.F.);
#4941 = FACE_BOUND('',#4942,.F.);
#4942 = EDGE_LOOP('',(#4943,#4967,#4994,#5024));
#4943 = ORIENTED_EDGE('',*,*,#4944,.T.);
#4944 = EDGE_CURVE('',#4117,#4945,#4947,.T.);
#4945 = VERTEX_POINT('',#4946);
#4946 = CARTESIAN_POINT('',(-54.80185660986,23.700584092594,2.));
#4947 = SURFACE_CURVE('',#4948,(#4954,#4960),.PCURVE_S1.);
#4948 = B_SPLINE_CURVE_WITH_KNOTS('',4,(#4949,#4950,#4951,#4952,#4953),
  .UNSPECIFIED.,.F.,.F.,(5,5),(0.,29.922136762787),
  .PIECEWISE_BEZIER_KNOTS.);
#4949 = CARTESIAN_POINT('',(-69.26263805515,26.326380815064,
    9.574571633176));
#4950 = CARTESIAN_POINT('',(-66.90237984691,25.918877054837,
    6.203773577681));
#4951 = CARTESIAN_POINT('',(-63.29600595617,25.290110336746,
    3.270653090051));
#4952 = CARTESIAN_POINT('',(-58.85616789333,24.50572077347,2.));
#4953 = CARTESIAN_POINT('',(-54.80185660986,23.700584092594,2.));
#4954 = PCURVE('',#4138,#4955);
#4955 = DEFINITIONAL_REPRESENTATION('',(#4956),#4959);
#4956 = B_SPLINE_CURVE_WITH_KNOTS('',1,(#4957,#4958),.UNSPECIFIED.,.F.,
  .F.,(2,2),(0.,29.922136762787),.PIECEWISE_BEZIER_KNOTS.);
#4957 = CARTESIAN_POINT('',(0.,115.36775784702));
#4958 = CARTESIAN_POINT('',(4.594743741582,115.36775784702));
#4959 = ( GEOMETRIC_REPRESENTATION_CONTEXT(2) 
PARAMETRIC_REPRESENTATION_CONTEXT() REPRESENTATION_CONTEXT('2D SPACE',''
  ) );
#4960 = PCURVE('',#4702,#4961);
#4961 = DEFINITIONAL_REPRESENTATION('',(#4962),#4966);
#4962 = LINE('',#4963,#4964);
#4963 = CARTESIAN_POINT('',(0.,115.36775784702));
#4964 = VECTOR('',#4965,1.);
#4965 = DIRECTION('',(1.,0.));
#4966 = ( GEOMETRIC_REPRESENTATION_CONTEXT(2) 
PARAMETRIC_REPRESENTATION_CONTEXT() REPRESENTATION_CONTEXT('2D SPACE',''
  ) );
#4967 = ORIENTED_EDGE('',*,*,#4968,.T.);
#4968 = EDGE_CURVE('',#4945,#4969,#4971,.T.);
#4969 = VERTEX_POINT('',#4970);
#4970 = CARTESIAN_POINT('',(-54.58865898896,20.42543867133,2.));
#4971 = SURFACE_CURVE('',#4972,(#4978,#4985),.PCURVE_S1.);
#4972 = B_SPLINE_CURVE_WITH_KNOTS('',4,(#4973,#4974,#4975,#4976,#4977),
  .UNSPECIFIED.,.F.,.F.,(5,5),(115.36775784702,119.96250158861),
  .PIECEWISE_BEZIER_KNOTS.);
#4973 = CARTESIAN_POINT('',(-54.80185660986,23.700584092594,2.));
#4974 = CARTESIAN_POINT('',(-54.69040757998,22.900078258139,2.));
#4975 = CARTESIAN_POINT('',(-54.62088231019,22.100712695186,2.));
#4976 = CARTESIAN_POINT('',(-54.58865898896,21.280358517233,2.));
#4977 = CARTESIAN_POINT('',(-54.58865898896,20.42543867133,2.));
#4978 = PCURVE('',#4138,#4979);
#4979 = DEFINITIONAL_REPRESENTATION('',(#4980),#4984);
#4980 = LINE('',#4981,#4982);
#4981 = CARTESIAN_POINT('',(4.594743741582,0.));
#4982 = VECTOR('',#4983,1.);
#4983 = DIRECTION('',(0.,1.));
#4984 = ( GEOMETRIC_REPRESENTATION_CONTEXT(2) 
PARAMETRIC_REPRESENTATION_CONTEXT() REPRESENTATION_CONTEXT('2D SPACE',''
  ) );
#4985 = PCURVE('',#4795,#4986);
#4986 = DEFINITIONAL_REPRESENTATION('',(#4987),#4993);
#4987 = B_SPLINE_CURVE_WITH_KNOTS('',4,(#4988,#4989,#4990,#4991,#4992),
  .UNSPECIFIED.,.F.,.F.,(5,5),(115.36775784702,119.96250158861),
  .PIECEWISE_BEZIER_KNOTS.);
#4988 = CARTESIAN_POINT('',(-54.80185660986,23.700584092594));
#4989 = CARTESIAN_POINT('',(-54.69040757998,22.900078258139));
#4990 = CARTESIAN_POINT('',(-54.62088231019,22.100712695186));
#4991 = CARTESIAN_POINT('',(-54.58865898896,21.280358517233));
#4992 = CARTESIAN_POINT('',(-54.58865898896,20.42543867133));
#4993 = ( GEOMETRIC_REPRESENTATION_CONTEXT(2) 
PARAMETRIC_REPRESENTATION_CONTEXT() REPRESENTATION_CONTEXT('2D SPACE',''
  ) );
#4994 = ORIENTED_EDGE('',*,*,#4995,.F.);
#4995 = EDGE_CURVE('',#4119,#4969,#4996,.T.);
#4996 = SURFACE_CURVE('',#4997,(#5003,#5010),.PCURVE_S1.);
#4997 = B_SPLINE_CURVE_WITH_KNOTS('',4,(#4998,#4999,#5000,#5001,#5002),
  .UNSPECIFIED.,.F.,.F.,(5,5),(0.,4.594743741582),
  .PIECEWISE_BEZIER_KNOTS.);
#4998 = CARTESIAN_POINT('',(-69.33339578616,20.42543867133,
    9.675624145681));
#4999 = CARTESIAN_POINT('',(-66.94976266954,20.42543867133,
    6.271443261369));
#5000 = CARTESIAN_POINT('',(-63.28314913582,20.42543867133,
    3.298039824742));
#5001 = CARTESIAN_POINT('',(-58.74439650808,20.42543867133,2.));
#5002 = CARTESIAN_POINT('',(-54.58865898896,20.42543867133,2.));
#5003 = PCURVE('',#4138,#5004);
#5004 = DEFINITIONAL_REPRESENTATION('',(#5005),#5009);
#5005 = LINE('',#5006,#5007);
#5006 = CARTESIAN_POINT('',(0.,119.96250158861));
#5007 = VECTOR('',#5008,1.);
#5008 = DIRECTION('',(1.,0.));
#5009 = ( GEOMETRIC_REPRESENTATION_CONTEXT(2) 
PARAMETRIC_REPRESENTATION_CONTEXT() REPRESENTATION_CONTEXT('2D SPACE',''
  ) );
#5010 = PCURVE('',#4265,#5011);
#5011 = DEFINITIONAL_REPRESENTATION('',(#5012),#5023);
#5012 = B_SPLINE_CURVE_WITH_KNOTS('',9,(#5013,#5014,#5015,#5016,#5017,
    #5018,#5019,#5020,#5021,#5022),.UNSPECIFIED.,.F.,.F.,(10,10),(0.,
    4.594743741582),.PIECEWISE_BEZIER_KNOTS.);
#5013 = CARTESIAN_POINT('',(0.,0.));
#5014 = CARTESIAN_POINT('',(0.102610802941,0.));
#5015 = CARTESIAN_POINT('',(0.208120074675,0.));
#5016 = CARTESIAN_POINT('',(0.315886884951,0.));
#5017 = CARTESIAN_POINT('',(0.425103975859,0.));
#5018 = CARTESIAN_POINT('',(0.534827112746,0.));
#5019 = CARTESIAN_POINT('',(0.644044203636,0.));
#5020 = CARTESIAN_POINT('',(0.751811013925,0.));
#5021 = CARTESIAN_POINT('',(0.857320285656,0.));
#5022 = CARTESIAN_POINT('',(0.959931088597,0.));
#5023 = ( GEOMETRIC_REPRESENTATION_CONTEXT(2) 
PARAMETRIC_REPRESENTATION_CONTEXT() REPRESENTATION_CONTEXT('2D SPACE',''
  ) );
#5024 = ORIENTED_EDGE('',*,*,#4116,.F.);
#5025 = ADVANCED_FACE('',(#5026),#3677,.F.);
#5026 = FACE_BOUND('',#5027,.F.);
#5027 = EDGE_LOOP('',(#5028,#5091,#5092,#5093,#5094));
#5028 = ORIENTED_EDGE('',*,*,#5029,.T.);
#5029 = EDGE_CURVE('',#4185,#4281,#5030,.T.);
#5030 = SURFACE_CURVE('',#5031,(#5038,#5052),.PCURVE_S1.);
#5031 = B_SPLINE_CURVE_WITH_KNOTS('',5,(#5032,#5033,#5034,#5035,#5036,
    #5037),.UNSPECIFIED.,.F.,.F.,(6,6),(165.40812267285,195.33025943564)
  ,.PIECEWISE_BEZIER_KNOTS.);
#5032 = CARTESIAN_POINT('',(-69.26263805515,-26.32638081506,
    9.574571633176));
#5033 = CARTESIAN_POINT('',(-67.98281280838,-33.37629783042,
    7.746791758027));
#5034 = CARTESIAN_POINT('',(-64.4953322407,-39.67670459844,
    6.902649458742));
#5035 = CARTESIAN_POINT('',(-59.67670459844,-44.4953322407,
    6.902649458743));
#5036 = CARTESIAN_POINT('',(-53.37629783042,-47.98281280838,
    7.746791758027));
#5037 = CARTESIAN_POINT('',(-46.32638081506,-49.26263805515,
    9.574571633176));
#5038 = PCURVE('',#3677,#5039);
#5039 = DEFINITIONAL_REPRESENTATION('',(#5040),#5051);
#5040 = B_SPLINE_CURVE_WITH_KNOTS('',9,(#5041,#5042,#5043,#5044,#5045,
    #5046,#5047,#5048,#5049,#5050),.UNSPECIFIED.,.F.,.F.,(10,10),(
    165.40812267285,195.33025943564),.PIECEWISE_BEZIER_KNOTS.);
#5041 = CARTESIAN_POINT('',(-2.22044604925E-16,-0.366726734692));
#5042 = CARTESIAN_POINT('',(0.143364023999,0.50666864776));
#5043 = CARTESIAN_POINT('',(0.282665462348,1.170019811772));
#5044 = CARTESIAN_POINT('',(0.418495529353,1.609078602734));
#5045 = CARTESIAN_POINT('',(0.551755569567,1.822283771099));
#5046 = CARTESIAN_POINT('',(0.68380699501,1.822283771097));
#5047 = CARTESIAN_POINT('',(0.817067035225,1.609078602736));
#5048 = CARTESIAN_POINT('',(0.95289710223,1.170019811771));
#5049 = CARTESIAN_POINT('',(1.092198540579,0.506668647761));
#5050 = CARTESIAN_POINT('',(1.235562564578,-0.366726734692));
#5051 = ( GEOMETRIC_REPRESENTATION_CONTEXT(2) 
PARAMETRIC_REPRESENTATION_CONTEXT() REPRESENTATION_CONTEXT('2D SPACE',''
  ) );
#5052 = PCURVE('',#5053,#5085);
#5053 = OFFSET_SURFACE('',#5054,-2.,.F.);
#5054 = ( BOUNDED_SURFACE() B_SPLINE_SURFACE(2,9,(
    (#5055,#5056,#5057,#5058,#5059,#5060,#5061,#5062,#5063,#5064)
    ,(#5065,#5066,#5067,#5068,#5069,#5070,#5071,#5072,#5073,#5074)
    ,(#5075,#5076,#5077,#5078,#5079,#5080,#5081,#5082,#5083,#5084
)),.UNSPECIFIED.,.F.,.F.,.F.) B_SPLINE_SURFACE_WITH_KNOTS((3,3),(10,10),
  (0.,29.922136762787),(165.40812267285,195.33025943564),
.PIECEWISE_BEZIER_KNOTS.) GEOMETRIC_REPRESENTATION_ITEM() 
RATIONAL_B_SPLINE_SURFACE((
    (1.,1.,1.,1.,1.,1.,1.,1.,1.,1.)
    ,(0.888433751603,0.904364780029,0.915776605551,0.923044220165
      ,0.926515298572,0.926515298572,0.923044220165,0.915776605551
      ,0.904364780029,0.888433751603)
,(1.,1.,1.,1.,1.,1.,1.,1.,1.,1.))) REPRESENTATION_ITEM('') SURFACE() );
#5055 = CARTESIAN_POINT('',(-70.90094214373,-26.32638081506,
    8.427418760474));
#5056 = CARTESIAN_POINT('',(-70.10810200198,-30.49172059125,
    7.295125692374));
#5057 = CARTESIAN_POINT('',(-68.67724305899,-34.44680699596,
    6.461198731572));
#5058 = CARTESIAN_POINT('',(-66.68853025006,-38.08924965099,
    5.921141356406));
#5059 = CARTESIAN_POINT('',(-64.22212494845,-41.35505878349,
    5.661447993955));
#5060 = CARTESIAN_POINT('',(-61.35505878349,-44.22212494846,
    5.661447993955));
#5061 = CARTESIAN_POINT('',(-58.089249651,-46.68853025006,5.921141356405
    ));
#5062 = CARTESIAN_POINT('',(-54.44680699595,-48.67724305899,
    6.461198731572));
#5063 = CARTESIAN_POINT('',(-50.49172059125,-50.10810200198,
    7.295125692374));
#5064 = CARTESIAN_POINT('',(-46.32638081506,-50.90094214373,
    8.427418760474));
#5065 = CARTESIAN_POINT('',(-65.,-25.36392400297,-8.881784197001E-16));
#5066 = CARTESIAN_POINT('',(-64.26347075689,-28.73170794589,
    -2.6645352591E-15));
#5067 = CARTESIAN_POINT('',(-63.14029055269,-31.90842516564,
    -7.993605777301E-15));
#5068 = CARTESIAN_POINT('',(-61.62025267318,-34.83017560176,
    6.039613253961E-14));
#5069 = CARTESIAN_POINT('',(-59.71265599857,-37.44331772512,
    -1.492139745096E-13));
#5070 = CARTESIAN_POINT('',(-57.44331772512,-39.71265599857,
    2.007283228522E-13));
#5071 = CARTESIAN_POINT('',(-54.83017560176,-41.62025267318,
    -1.580957587066E-13));
#5072 = CARTESIAN_POINT('',(-51.90842516563,-43.14029055269,
    7.727152251391E-14));
#5073 = CARTESIAN_POINT('',(-48.73170794589,-44.26347075689,
    -1.86517468137E-14));
#5074 = CARTESIAN_POINT('',(-45.36392400297,-45.,-8.881784197001E-16));
#5075 = CARTESIAN_POINT('',(-54.80185660986,-23.70058409259,0.));
#5076 = CARTESIAN_POINT('',(-55.12442743345,-26.01751611609,
    -7.993605777301E-15));
#5077 = CARTESIAN_POINT('',(-54.99419921204,-28.2209399631,
    2.48689957516E-14));
#5078 = CARTESIAN_POINT('',(-54.41434566956,-30.23483473183,
    -4.529709940471E-14));
#5079 = CARTESIAN_POINT('',(-53.40286886692,-31.98645017134,
    5.861977570021E-14));
#5080 = CARTESIAN_POINT('',(-51.98645017134,-33.40286886692,
    -6.306066779871E-14));
#5081 = CARTESIAN_POINT('',(-50.23483473183,-34.41434566956,
    5.595524044111E-14));
#5082 = CARTESIAN_POINT('',(-48.2209399631,-34.99419921204,
    -3.641531520771E-14));
#5083 = CARTESIAN_POINT('',(-46.01751611609,-35.12442743345,
    1.15463194561E-14));
#5084 = CARTESIAN_POINT('',(-43.70058409259,-34.80185660986,0.));
#5085 = DEFINITIONAL_REPRESENTATION('',(#5086),#5090);
#5086 = LINE('',#5087,#5088);
#5087 = CARTESIAN_POINT('',(0.,0.));
#5088 = VECTOR('',#5089,1.);
#5089 = DIRECTION('',(0.,1.));
#5090 = ( GEOMETRIC_REPRESENTATION_CONTEXT(2) 
PARAMETRIC_REPRESENTATION_CONTEXT() REPRESENTATION_CONTEXT('2D SPACE',''
  ) );
#5091 = ORIENTED_EDGE('',*,*,#4326,.T.);
#5092 = ORIENTED_EDGE('',*,*,#3660,.F.);
#5093 = ORIENTED_EDGE('',*,*,#3702,.F.);
#5094 = ORIENTED_EDGE('',*,*,#4184,.F.);
#5095 = ADVANCED_FACE('',(#5096),#4227,.F.);
#5096 = FACE_BOUND('',#5097,.F.);
#5097 = EDGE_LOOP('',(#5098,#5127,#5154,#5176));
#5098 = ORIENTED_EDGE('',*,*,#5099,.T.);
#5099 = EDGE_CURVE('',#4208,#5100,#5102,.T.);
#5100 = VERTEX_POINT('',#5101);
#5101 = CARTESIAN_POINT('',(-54.58865898896,-20.42543867133,2.));
#5102 = SURFACE_CURVE('',#5103,(#5108,#5120),.PCURVE_S1.);
#5103 = CIRCLE('',#5104,18.);
#5104 = AXIS2_PLACEMENT_3D('',#5105,#5106,#5107);
#5105 = CARTESIAN_POINT('',(-54.58865898896,-20.42543867133,20.));
#5106 = DIRECTION('',(0.,-1.,0.));
#5107 = DIRECTION('',(-0.819152044289,-0.,-0.573576436351));
#5108 = PCURVE('',#4227,#5109);
#5109 = DEFINITIONAL_REPRESENTATION('',(#5110),#5119);
#5110 = B_SPLINE_CURVE_WITH_KNOTS('',7,(#5111,#5112,#5113,#5114,#5115,
    #5116,#5117,#5118),.UNSPECIFIED.,.F.,.F.,(8,8),(0.,0.959931088597),
  .PIECEWISE_BEZIER_KNOTS.);
#5111 = CARTESIAN_POINT('',(-8.881784197001E-16,160.81337893127));
#5112 = CARTESIAN_POINT('',(0.682287974028,160.81337893127));
#5113 = CARTESIAN_POINT('',(1.337865312197,160.81337893127));
#5114 = CARTESIAN_POINT('',(1.979090652044,160.81337893127));
#5115 = CARTESIAN_POINT('',(2.615653089538,160.81337893126));
#5116 = CARTESIAN_POINT('',(3.256878429385,160.81337893127));
#5117 = CARTESIAN_POINT('',(3.912455767554,160.81337893127));
#5118 = CARTESIAN_POINT('',(4.594743741582,160.81337893127));
#5119 = ( GEOMETRIC_REPRESENTATION_CONTEXT(2) 
PARAMETRIC_REPRESENTATION_CONTEXT() REPRESENTATION_CONTEXT('2D SPACE',''
  ) );
#5120 = PCURVE('',#4265,#5121);
#5121 = DEFINITIONAL_REPRESENTATION('',(#5122),#5126);
#5122 = LINE('',#5123,#5124);
#5123 = CARTESIAN_POINT('',(0.,40.85087734266));
#5124 = VECTOR('',#5125,1.);
#5125 = DIRECTION('',(1.,0.));
#5126 = ( GEOMETRIC_REPRESENTATION_CONTEXT(2) 
PARAMETRIC_REPRESENTATION_CONTEXT() REPRESENTATION_CONTEXT('2D SPACE',''
  ) );
#5127 = ORIENTED_EDGE('',*,*,#5128,.T.);
#5128 = EDGE_CURVE('',#5100,#5129,#5131,.T.);
#5129 = VERTEX_POINT('',#5130);
#5130 = CARTESIAN_POINT('',(-54.80185660986,-23.70058409259,2.));
#5131 = SURFACE_CURVE('',#5132,(#5138,#5145),.PCURVE_S1.);
#5132 = B_SPLINE_CURVE_WITH_KNOTS('',4,(#5133,#5134,#5135,#5136,#5137),
  .UNSPECIFIED.,.F.,.F.,(5,5),(160.81337893127,165.40812267285),
  .PIECEWISE_BEZIER_KNOTS.);
#5133 = CARTESIAN_POINT('',(-54.58865898896,-20.42543867133,2.));
#5134 = CARTESIAN_POINT('',(-54.58865898896,-21.28035851723,2.));
#5135 = CARTESIAN_POINT('',(-54.62088231019,-22.10071269518,2.));
#5136 = CARTESIAN_POINT('',(-54.69040757998,-22.90007825813,2.));
#5137 = CARTESIAN_POINT('',(-54.80185660986,-23.70058409259,2.));
#5138 = PCURVE('',#4227,#5139);
#5139 = DEFINITIONAL_REPRESENTATION('',(#5140),#5144);
#5140 = LINE('',#5141,#5142);
#5141 = CARTESIAN_POINT('',(4.594743741582,0.));
#5142 = VECTOR('',#5143,1.);
#5143 = DIRECTION('',(0.,1.));
#5144 = ( GEOMETRIC_REPRESENTATION_CONTEXT(2) 
PARAMETRIC_REPRESENTATION_CONTEXT() REPRESENTATION_CONTEXT('2D SPACE',''
  ) );
#5145 = PCURVE('',#4795,#5146);
#5146 = DEFINITIONAL_REPRESENTATION('',(#5147),#5153);
#5147 = B_SPLINE_CURVE_WITH_KNOTS('',4,(#5148,#5149,#5150,#5151,#5152),
  .UNSPECIFIED.,.F.,.F.,(5,5),(160.81337893127,165.40812267285),
  .PIECEWISE_BEZIER_KNOTS.);
#5148 = CARTESIAN_POINT('',(-54.58865898896,-20.42543867133));
#5149 = CARTESIAN_POINT('',(-54.58865898896,-21.28035851723));
#5150 = CARTESIAN_POINT('',(-54.62088231019,-22.10071269518));
#5151 = CARTESIAN_POINT('',(-54.69040757998,-22.90007825813));
#5152 = CARTESIAN_POINT('',(-54.80185660986,-23.70058409259));
#5153 = ( GEOMETRIC_REPRESENTATION_CONTEXT(2) 
PARAMETRIC_REPRESENTATION_CONTEXT() REPRESENTATION_CONTEXT('2D SPACE',''
  ) );
#5154 = ORIENTED_EDGE('',*,*,#5155,.F.);
#5155 = EDGE_CURVE('',#4185,#5129,#5156,.T.);
#5156 = SURFACE_CURVE('',#5157,(#5163,#5170),.PCURVE_S1.);
#5157 = B_SPLINE_CURVE_WITH_KNOTS('',4,(#5158,#5159,#5160,#5161,#5162),
  .UNSPECIFIED.,.F.,.F.,(5,5),(0.,4.594743741582),
  .PIECEWISE_BEZIER_KNOTS.);
#5158 = CARTESIAN_POINT('',(-69.26263805515,-26.32638081506,
    9.574571633176));
#5159 = CARTESIAN_POINT('',(-66.90237984691,-25.91887705483,
    6.203773577681));
#5160 = CARTESIAN_POINT('',(-63.29600595617,-25.29011033674,
    3.270653090051));
#5161 = CARTESIAN_POINT('',(-58.85616789333,-24.50572077347,2.));
#5162 = CARTESIAN_POINT('',(-54.80185660986,-23.70058409259,2.));
#5163 = PCURVE('',#4227,#5164);
#5164 = DEFINITIONAL_REPRESENTATION('',(#5165),#5169);
#5165 = LINE('',#5166,#5167);
#5166 = CARTESIAN_POINT('',(0.,165.40812267285));
#5167 = VECTOR('',#5168,1.);
#5168 = DIRECTION('',(1.,0.));
#5169 = ( GEOMETRIC_REPRESENTATION_CONTEXT(2) 
PARAMETRIC_REPRESENTATION_CONTEXT() REPRESENTATION_CONTEXT('2D SPACE',''
  ) );
#5170 = PCURVE('',#5053,#5171);
#5171 = DEFINITIONAL_REPRESENTATION('',(#5172),#5175);
#5172 = B_SPLINE_CURVE_WITH_KNOTS('',1,(#5173,#5174),.UNSPECIFIED.,.F.,
  .F.,(2,2),(0.,4.594743741582),.PIECEWISE_BEZIER_KNOTS.);
#5173 = CARTESIAN_POINT('',(0.,165.40812267285));
#5174 = CARTESIAN_POINT('',(29.922136762787,165.40812267285));
#5175 = ( GEOMETRIC_REPRESENTATION_CONTEXT(2) 
PARAMETRIC_REPRESENTATION_CONTEXT() REPRESENTATION_CONTEXT('2D SPACE',''
  ) );
#5176 = ORIENTED_EDGE('',*,*,#4207,.F.);
#5177 = ADVANCED_FACE('',(#5178),#4265,.F.);
#5178 = FACE_BOUND('',#5179,.F.);
#5179 = EDGE_LOOP('',(#5180,#5181,#5202,#5203));
#5180 = ORIENTED_EDGE('',*,*,#4995,.T.);
#5181 = ORIENTED_EDGE('',*,*,#5182,.T.);
#5182 = EDGE_CURVE('',#4969,#5100,#5183,.T.);
#5183 = SURFACE_CURVE('',#5184,(#5188,#5195),.PCURVE_S1.);
#5184 = LINE('',#5185,#5186);
#5185 = CARTESIAN_POINT('',(-54.58865898896,20.42543867133,2.));
#5186 = VECTOR('',#5187,1.);
#5187 = DIRECTION('',(0.,-1.,0.));
#5188 = PCURVE('',#4265,#5189);
#5189 = DEFINITIONAL_REPRESENTATION('',(#5190),#5194);
#5190 = LINE('',#5191,#5192);
#5191 = CARTESIAN_POINT('',(0.959931088597,0.));
#5192 = VECTOR('',#5193,1.);
#5193 = DIRECTION('',(0.,1.));
#5194 = ( GEOMETRIC_REPRESENTATION_CONTEXT(2) 
PARAMETRIC_REPRESENTATION_CONTEXT() REPRESENTATION_CONTEXT('2D SPACE',''
  ) );
#5195 = PCURVE('',#4795,#5196);
#5196 = DEFINITIONAL_REPRESENTATION('',(#5197),#5201);
#5197 = LINE('',#5198,#5199);
#5198 = CARTESIAN_POINT('',(-54.58865898896,20.42543867133));
#5199 = VECTOR('',#5200,1.);
#5200 = DIRECTION('',(0.,-1.));
#5201 = ( GEOMETRIC_REPRESENTATION_CONTEXT(2) 
PARAMETRIC_REPRESENTATION_CONTEXT() REPRESENTATION_CONTEXT('2D SPACE',''
  ) );
#5202 = ORIENTED_EDGE('',*,*,#5099,.F.);
#5203 = ORIENTED_EDGE('',*,*,#4251,.F.);
#5204 = ADVANCED_FACE('',(#5205),#4302,.F.);
#5205 = FACE_BOUND('',#5206,.F.);
#5206 = EDGE_LOOP('',(#5207,#5231,#5258,#5288));
#5207 = ORIENTED_EDGE('',*,*,#5208,.T.);
#5208 = EDGE_CURVE('',#4281,#5209,#5211,.T.);
#5209 = VERTEX_POINT('',#5210);
#5210 = CARTESIAN_POINT('',(-43.70058409259,-34.80185660986,2.));
#5211 = SURFACE_CURVE('',#5212,(#5218,#5224),.PCURVE_S1.);
#5212 = B_SPLINE_CURVE_WITH_KNOTS('',4,(#5213,#5214,#5215,#5216,#5217),
  .UNSPECIFIED.,.F.,.F.,(5,5),(0.,29.922136762787),
  .PIECEWISE_BEZIER_KNOTS.);
#5213 = CARTESIAN_POINT('',(-46.32638081506,-49.26263805515,
    9.574571633176));
#5214 = CARTESIAN_POINT('',(-45.91887705483,-46.90237984691,
    6.203773577681));
#5215 = CARTESIAN_POINT('',(-45.29011033674,-43.29600595617,
    3.270653090051));
#5216 = CARTESIAN_POINT('',(-44.50572077347,-38.85616789333,2.));
#5217 = CARTESIAN_POINT('',(-43.70058409259,-34.80185660986,2.));
#5218 = PCURVE('',#4302,#5219);
#5219 = DEFINITIONAL_REPRESENTATION('',(#5220),#5223);
#5220 = B_SPLINE_CURVE_WITH_KNOTS('',1,(#5221,#5222),.UNSPECIFIED.,.F.,
  .F.,(2,2),(0.,29.922136762787),.PIECEWISE_BEZIER_KNOTS.);
#5221 = CARTESIAN_POINT('',(0.,195.33025943564));
#5222 = CARTESIAN_POINT('',(4.594743741582,195.33025943564));
#5223 = ( GEOMETRIC_REPRESENTATION_CONTEXT(2) 
PARAMETRIC_REPRESENTATION_CONTEXT() REPRESENTATION_CONTEXT('2D SPACE',''
  ) );
#5224 = PCURVE('',#5053,#5225);
#5225 = DEFINITIONAL_REPRESENTATION('',(#5226),#5230);
#5226 = LINE('',#5227,#5228);
#5227 = CARTESIAN_POINT('',(0.,195.33025943564));
#5228 = VECTOR('',#5229,1.);
#5229 = DIRECTION('',(1.,0.));
#5230 = ( GEOMETRIC_REPRESENTATION_CONTEXT(2) 
PARAMETRIC_REPRESENTATION_CONTEXT() REPRESENTATION_CONTEXT('2D SPACE',''
  ) );
#5231 = ORIENTED_EDGE('',*,*,#5232,.T.);
#5232 = EDGE_CURVE('',#5209,#5233,#5235,.T.);
#5233 = VERTEX_POINT('',#5234);
#5234 = CARTESIAN_POINT('',(-40.42543867133,-34.58865898896,2.));
#5235 = SURFACE_CURVE('',#5236,(#5242,#5249),.PCURVE_S1.);
#5236 = B_SPLINE_CURVE_WITH_KNOTS('',4,(#5237,#5238,#5239,#5240,#5241),
  .UNSPECIFIED.,.F.,.F.,(5,5),(195.33025943564,199.92500317722),
  .PIECEWISE_BEZIER_KNOTS.);
#5237 = CARTESIAN_POINT('',(-43.70058409259,-34.80185660986,2.));
#5238 = CARTESIAN_POINT('',(-42.90007825813,-34.69040757998,2.));
#5239 = CARTESIAN_POINT('',(-42.10071269518,-34.62088231019,2.));
#5240 = CARTESIAN_POINT('',(-41.28035851723,-34.58865898896,2.));
#5241 = CARTESIAN_POINT('',(-40.42543867133,-34.58865898896,2.));
#5242 = PCURVE('',#4302,#5243);
#5243 = DEFINITIONAL_REPRESENTATION('',(#5244),#5248);
#5244 = LINE('',#5245,#5246);
#5245 = CARTESIAN_POINT('',(4.594743741582,0.));
#5246 = VECTOR('',#5247,1.);
#5247 = DIRECTION('',(0.,1.));
#5248 = ( GEOMETRIC_REPRESENTATION_CONTEXT(2) 
PARAMETRIC_REPRESENTATION_CONTEXT() REPRESENTATION_CONTEXT('2D SPACE',''
  ) );
#5249 = PCURVE('',#4795,#5250);
#5250 = DEFINITIONAL_REPRESENTATION('',(#5251),#5257);
#5251 = B_SPLINE_CURVE_WITH_KNOTS('',4,(#5252,#5253,#5254,#5255,#5256),
  .UNSPECIFIED.,.F.,.F.,(5,5),(195.33025943564,199.92500317722),
  .PIECEWISE_BEZIER_KNOTS.);
#5252 = CARTESIAN_POINT('',(-43.70058409259,-34.80185660986));
#5253 = CARTESIAN_POINT('',(-42.90007825813,-34.69040757998));
#5254 = CARTESIAN_POINT('',(-42.10071269518,-34.62088231019));
#5255 = CARTESIAN_POINT('',(-41.28035851723,-34.58865898896));
#5256 = CARTESIAN_POINT('',(-40.42543867133,-34.58865898896));
#5257 = ( GEOMETRIC_REPRESENTATION_CONTEXT(2) 
PARAMETRIC_REPRESENTATION_CONTEXT() REPRESENTATION_CONTEXT('2D SPACE',''
  ) );
#5258 = ORIENTED_EDGE('',*,*,#5259,.F.);
#5259 = EDGE_CURVE('',#4283,#5233,#5260,.T.);
#5260 = SURFACE_CURVE('',#5261,(#5267,#5274),.PCURVE_S1.);
#5261 = B_SPLINE_CURVE_WITH_KNOTS('',4,(#5262,#5263,#5264,#5265,#5266),
  .UNSPECIFIED.,.F.,.F.,(5,5),(0.,4.594743741582),
  .PIECEWISE_BEZIER_KNOTS.);
#5262 = CARTESIAN_POINT('',(-40.42543867133,-49.33339578616,
    9.675624145681));
#5263 = CARTESIAN_POINT('',(-40.42543867133,-46.94976266954,
    6.271443261369));
#5264 = CARTESIAN_POINT('',(-40.42543867133,-43.28314913582,
    3.298039824742));
#5265 = CARTESIAN_POINT('',(-40.42543867133,-38.74439650808,2.));
#5266 = CARTESIAN_POINT('',(-40.42543867133,-34.58865898896,2.));
#5267 = PCURVE('',#4302,#5268);
#5268 = DEFINITIONAL_REPRESENTATION('',(#5269),#5273);
#5269 = LINE('',#5270,#5271);
#5270 = CARTESIAN_POINT('',(0.,199.92500317722));
#5271 = VECTOR('',#5272,1.);
#5272 = DIRECTION('',(1.,0.));
#5273 = ( GEOMETRIC_REPRESENTATION_CONTEXT(2) 
PARAMETRIC_REPRESENTATION_CONTEXT() REPRESENTATION_CONTEXT('2D SPACE',''
  ) );
#5274 = PCURVE('',#4429,#5275);
#5275 = DEFINITIONAL_REPRESENTATION('',(#5276),#5287);
#5276 = B_SPLINE_CURVE_WITH_KNOTS('',9,(#5277,#5278,#5279,#5280,#5281,
    #5282,#5283,#5284,#5285,#5286),.UNSPECIFIED.,.F.,.F.,(10,10),(0.,
    4.594743741582),.PIECEWISE_BEZIER_KNOTS.);
#5277 = CARTESIAN_POINT('',(5.551115123126E-17,0.));
#5278 = CARTESIAN_POINT('',(0.102610802941,0.));
#5279 = CARTESIAN_POINT('',(0.208120074675,0.));
#5280 = CARTESIAN_POINT('',(0.315886884951,0.));
#5281 = CARTESIAN_POINT('',(0.425103975859,0.));
#5282 = CARTESIAN_POINT('',(0.534827112746,0.));
#5283 = CARTESIAN_POINT('',(0.644044203636,0.));
#5284 = CARTESIAN_POINT('',(0.751811013925,0.));
#5285 = CARTESIAN_POINT('',(0.857320285656,0.));
#5286 = CARTESIAN_POINT('',(0.959931088597,0.));
#5287 = ( GEOMETRIC_REPRESENTATION_CONTEXT(2) 
PARAMETRIC_REPRESENTATION_CONTEXT() REPRESENTATION_CONTEXT('2D SPACE',''
  ) );
#5288 = ORIENTED_EDGE('',*,*,#4280,.F.);
#5289 = ADVANCED_FACE('',(#5290),#3571,.F.);
#5290 = FACE_BOUND('',#5291,.F.);
#5291 = EDGE_LOOP('',(#5292,#5293,#5356,#5357,#5358));
#5292 = ORIENTED_EDGE('',*,*,#4348,.F.);
#5293 = ORIENTED_EDGE('',*,*,#5294,.T.);
#5294 = EDGE_CURVE('',#4349,#4445,#5295,.T.);
#5295 = SURFACE_CURVE('',#5296,(#5303,#5317),.PCURVE_S1.);
#5296 = B_SPLINE_CURVE_WITH_KNOTS('',5,(#5297,#5298,#5299,#5300,#5301,
    #5302),.UNSPECIFIED.,.F.,.F.,(6,6),(285.37062426146,315.29276102425)
  ,.PIECEWISE_BEZIER_KNOTS.);
#5297 = CARTESIAN_POINT('',(46.326380815064,-49.26263805515,
    9.574571633176));
#5298 = CARTESIAN_POINT('',(53.376297830422,-47.98281280838,
    7.746791758027));
#5299 = CARTESIAN_POINT('',(59.676704598444,-44.4953322407,
    6.902649458742));
#5300 = CARTESIAN_POINT('',(64.495332240709,-39.67670459844,
    6.902649458743));
#5301 = CARTESIAN_POINT('',(67.982812808388,-33.37629783042,
    7.746791758027));
#5302 = CARTESIAN_POINT('',(69.262638055156,-26.32638081506,
    9.574571633176));
#5303 = PCURVE('',#3571,#5304);
#5304 = DEFINITIONAL_REPRESENTATION('',(#5305),#5316);
#5305 = B_SPLINE_CURVE_WITH_KNOTS('',9,(#5306,#5307,#5308,#5309,#5310,
    #5311,#5312,#5313,#5314,#5315),.UNSPECIFIED.,.F.,.F.,(10,10),(
    285.37062426146,315.29276102425),.PIECEWISE_BEZIER_KNOTS.);
#5306 = CARTESIAN_POINT('',(-1.110223024625E-16,-0.366726734692));
#5307 = CARTESIAN_POINT('',(0.143364023999,0.50666864776));
#5308 = CARTESIAN_POINT('',(0.282665462348,1.170019811772));
#5309 = CARTESIAN_POINT('',(0.418495529353,1.609078602734));
#5310 = CARTESIAN_POINT('',(0.551755569567,1.822283771099));
#5311 = CARTESIAN_POINT('',(0.68380699501,1.822283771097));
#5312 = CARTESIAN_POINT('',(0.817067035225,1.609078602736));
#5313 = CARTESIAN_POINT('',(0.95289710223,1.170019811771));
#5314 = CARTESIAN_POINT('',(1.092198540579,0.50666864776));
#5315 = CARTESIAN_POINT('',(1.235562564578,-0.366726734692));
#5316 = ( GEOMETRIC_REPRESENTATION_CONTEXT(2) 
PARAMETRIC_REPRESENTATION_CONTEXT() REPRESENTATION_CONTEXT('2D SPACE',''
  ) );
#5317 = PCURVE('',#5318,#5350);
#5318 = OFFSET_SURFACE('',#5319,-2.,.F.);
#5319 = ( BOUNDED_SURFACE() B_SPLINE_SURFACE(2,9,(
    (#5320,#5321,#5322,#5323,#5324,#5325,#5326,#5327,#5328,#5329)
    ,(#5330,#5331,#5332,#5333,#5334,#5335,#5336,#5337,#5338,#5339)
    ,(#5340,#5341,#5342,#5343,#5344,#5345,#5346,#5347,#5348,#5349
)),.UNSPECIFIED.,.F.,.F.,.F.) B_SPLINE_SURFACE_WITH_KNOTS((3,3),(10,10),
  (0.,29.922136762787),(285.37062426146,315.29276102425),
.PIECEWISE_BEZIER_KNOTS.) GEOMETRIC_REPRESENTATION_ITEM() 
RATIONAL_B_SPLINE_SURFACE((
    (1.,1.,1.,1.,1.,1.,1.,1.,1.,1.)
    ,(0.888433751603,0.904364780029,0.915776605551,0.923044220165
      ,0.926515298572,0.926515298572,0.923044220165,0.915776605551
      ,0.904364780029,0.888433751603)
,(1.,1.,1.,1.,1.,1.,1.,1.,1.,1.))) REPRESENTATION_ITEM('') SURFACE() );
#5320 = CARTESIAN_POINT('',(46.326380815064,-50.90094214373,
    8.427418760474));
#5321 = CARTESIAN_POINT('',(50.49172059125,-50.10810200198,
    7.295125692374));
#5322 = CARTESIAN_POINT('',(54.44680699596,-48.67724305899,
    6.461198731572));
#5323 = CARTESIAN_POINT('',(58.089249650999,-46.68853025006,
    5.921141356406));
#5324 = CARTESIAN_POINT('',(61.355058783491,-44.22212494846,
    5.661447993955));
#5325 = CARTESIAN_POINT('',(64.222124948459,-41.35505878348,
    5.661447993955));
#5326 = CARTESIAN_POINT('',(66.688530250063,-38.089249651,5.921141356405
    ));
#5327 = CARTESIAN_POINT('',(68.677243058997,-34.44680699595,
    6.461198731572));
#5328 = CARTESIAN_POINT('',(70.108102001988,-30.49172059125,
    7.295125692374));
#5329 = CARTESIAN_POINT('',(70.900942143734,-26.32638081506,
    8.427418760474));
#5330 = CARTESIAN_POINT('',(45.363924002974,-45.,0.));
#5331 = CARTESIAN_POINT('',(48.731707945894,-44.26347075689,
    5.417888360171E-14));
#5332 = CARTESIAN_POINT('',(51.90842516564,-43.14029055269,
    -1.447730824111E-13));
#5333 = CARTESIAN_POINT('',(54.830175601764,-41.62025267318,
    2.451372438372E-13));
#5334 = CARTESIAN_POINT('',(57.443317725126,-39.71265599857,
    -3.064215547965E-13));
#5335 = CARTESIAN_POINT('',(59.712655998575,-37.44331772512,
    3.10862446895E-13));
#5336 = CARTESIAN_POINT('',(61.620252673181,-34.83017560176,
    -2.469136006766E-13));
#5337 = CARTESIAN_POINT('',(63.140290552695,-31.90842516563,
    1.438849039914E-13));
#5338 = CARTESIAN_POINT('',(64.26347075689,-28.73170794589,
    -4.884981308351E-14));
#5339 = CARTESIAN_POINT('',(65.,-25.36392400297,0.));
#5340 = CARTESIAN_POINT('',(43.700584092594,-34.80185660986,0.));
#5341 = CARTESIAN_POINT('',(46.017516116096,-35.12442743345,
    2.04281036531E-14));
#5342 = CARTESIAN_POINT('',(48.220939963109,-34.99419921204,
    -6.483702463811E-14));
#5343 = CARTESIAN_POINT('',(50.234834731835,-34.41434566956,
    9.148237722911E-14));
#5344 = CARTESIAN_POINT('',(51.986450171344,-33.40286886692,
    -4.884981308351E-14));
#5345 = CARTESIAN_POINT('',(53.402868866926,-31.98645017134,
    -4.174438572591E-14));
#5346 = CARTESIAN_POINT('',(54.414345669566,-30.23483473183,
    9.503509090791E-14));
#5347 = CARTESIAN_POINT('',(54.994199212047,-28.2209399631,
    -7.371880883511E-14));
#5348 = CARTESIAN_POINT('',(55.124427433452,-26.01751611609,
    2.39808173319E-14));
#5349 = CARTESIAN_POINT('',(54.801856609865,-23.70058409259,0.));
#5350 = DEFINITIONAL_REPRESENTATION('',(#5351),#5355);
#5351 = LINE('',#5352,#5353);
#5352 = CARTESIAN_POINT('',(0.,0.));
#5353 = VECTOR('',#5354,1.);
#5354 = DIRECTION('',(0.,1.));
#5355 = ( GEOMETRIC_REPRESENTATION_CONTEXT(2) 
PARAMETRIC_REPRESENTATION_CONTEXT() REPRESENTATION_CONTEXT('2D SPACE',''
  ) );
#5356 = ORIENTED_EDGE('',*,*,#4444,.T.);
#5357 = ORIENTED_EDGE('',*,*,#3554,.F.);
#5358 = ORIENTED_EDGE('',*,*,#3596,.F.);
#5359 = ADVANCED_FACE('',(#5360),#4391,.F.);
#5360 = FACE_BOUND('',#5361,.F.);
#5361 = EDGE_LOOP('',(#5362,#5391,#5418,#5440));
#5362 = ORIENTED_EDGE('',*,*,#5363,.T.);
#5363 = EDGE_CURVE('',#4372,#5364,#5366,.T.);
#5364 = VERTEX_POINT('',#5365);
#5365 = CARTESIAN_POINT('',(40.42543867133,-34.58865898896,2.));
#5366 = SURFACE_CURVE('',#5367,(#5372,#5384),.PCURVE_S1.);
#5367 = CIRCLE('',#5368,18.);
#5368 = AXIS2_PLACEMENT_3D('',#5369,#5370,#5371);
#5369 = CARTESIAN_POINT('',(40.42543867133,-34.58865898896,20.));
#5370 = DIRECTION('',(1.,0.,0.));
#5371 = DIRECTION('',(0.,-0.819152044289,-0.573576436351));
#5372 = PCURVE('',#4391,#5373);
#5373 = DEFINITIONAL_REPRESENTATION('',(#5374),#5383);
#5374 = B_SPLINE_CURVE_WITH_KNOTS('',7,(#5375,#5376,#5377,#5378,#5379,
    #5380,#5381,#5382),.UNSPECIFIED.,.F.,.F.,(8,8),(0.,0.959931088597),
  .PIECEWISE_BEZIER_KNOTS.);
#5375 = CARTESIAN_POINT('',(0.,280.77588051988));
#5376 = CARTESIAN_POINT('',(0.682287974028,280.77588051988));
#5377 = CARTESIAN_POINT('',(1.337865312197,280.77588051987));
#5378 = CARTESIAN_POINT('',(1.979090652044,280.77588051989));
#5379 = CARTESIAN_POINT('',(2.615653089538,280.77588051987));
#5380 = CARTESIAN_POINT('',(3.256878429385,280.77588051988));
#5381 = CARTESIAN_POINT('',(3.912455767554,280.77588051988));
#5382 = CARTESIAN_POINT('',(4.594743741582,280.77588051988));
#5383 = ( GEOMETRIC_REPRESENTATION_CONTEXT(2) 
PARAMETRIC_REPRESENTATION_CONTEXT() REPRESENTATION_CONTEXT('2D SPACE',''
  ) );
#5384 = PCURVE('',#4429,#5385);
#5385 = DEFINITIONAL_REPRESENTATION('',(#5386),#5390);
#5386 = LINE('',#5387,#5388);
#5387 = CARTESIAN_POINT('',(0.,80.85087734266));
#5388 = VECTOR('',#5389,1.);
#5389 = DIRECTION('',(1.,0.));
#5390 = ( GEOMETRIC_REPRESENTATION_CONTEXT(2) 
PARAMETRIC_REPRESENTATION_CONTEXT() REPRESENTATION_CONTEXT('2D SPACE',''
  ) );
#5391 = ORIENTED_EDGE('',*,*,#5392,.T.);
#5392 = EDGE_CURVE('',#5364,#5393,#5395,.T.);
#5393 = VERTEX_POINT('',#5394);
#5394 = CARTESIAN_POINT('',(43.700584092594,-34.80185660986,2.));
#5395 = SURFACE_CURVE('',#5396,(#5402,#5409),.PCURVE_S1.);
#5396 = B_SPLINE_CURVE_WITH_KNOTS('',4,(#5397,#5398,#5399,#5400,#5401),
  .UNSPECIFIED.,.F.,.F.,(5,5),(280.77588051988,285.37062426146),
  .PIECEWISE_BEZIER_KNOTS.);
#5397 = CARTESIAN_POINT('',(40.42543867133,-34.58865898896,2.));
#5398 = CARTESIAN_POINT('',(41.280358517233,-34.58865898896,2.));
#5399 = CARTESIAN_POINT('',(42.100712695186,-34.62088231019,2.));
#5400 = CARTESIAN_POINT('',(42.900078258139,-34.69040757998,2.));
#5401 = CARTESIAN_POINT('',(43.700584092594,-34.80185660986,2.));
#5402 = PCURVE('',#4391,#5403);
#5403 = DEFINITIONAL_REPRESENTATION('',(#5404),#5408);
#5404 = LINE('',#5405,#5406);
#5405 = CARTESIAN_POINT('',(4.594743741582,0.));
#5406 = VECTOR('',#5407,1.);
#5407 = DIRECTION('',(0.,1.));
#5408 = ( GEOMETRIC_REPRESENTATION_CONTEXT(2) 
PARAMETRIC_REPRESENTATION_CONTEXT() REPRESENTATION_CONTEXT('2D SPACE',''
  ) );
#5409 = PCURVE('',#4795,#5410);
#5410 = DEFINITIONAL_REPRESENTATION('',(#5411),#5417);
#5411 = B_SPLINE_CURVE_WITH_KNOTS('',4,(#5412,#5413,#5414,#5415,#5416),
  .UNSPECIFIED.,.F.,.F.,(5,5),(280.77588051988,285.37062426146),
  .PIECEWISE_BEZIER_KNOTS.);
#5412 = CARTESIAN_POINT('',(40.42543867133,-34.58865898896));
#5413 = CARTESIAN_POINT('',(41.280358517233,-34.58865898896));
#5414 = CARTESIAN_POINT('',(42.100712695186,-34.62088231019));
#5415 = CARTESIAN_POINT('',(42.900078258139,-34.69040757998));
#5416 = CARTESIAN_POINT('',(43.700584092594,-34.80185660986));
#5417 = ( GEOMETRIC_REPRESENTATION_CONTEXT(2) 
PARAMETRIC_REPRESENTATION_CONTEXT() REPRESENTATION_CONTEXT('2D SPACE',''
  ) );
#5418 = ORIENTED_EDGE('',*,*,#5419,.F.);
#5419 = EDGE_CURVE('',#4349,#5393,#5420,.T.);
#5420 = SURFACE_CURVE('',#5421,(#5427,#5434),.PCURVE_S1.);
#5421 = B_SPLINE_CURVE_WITH_KNOTS('',4,(#5422,#5423,#5424,#5425,#5426),
  .UNSPECIFIED.,.F.,.F.,(5,5),(0.,4.594743741582),
  .PIECEWISE_BEZIER_KNOTS.);
#5422 = CARTESIAN_POINT('',(46.326380815064,-49.26263805515,
    9.574571633176));
#5423 = CARTESIAN_POINT('',(45.918877054837,-46.90237984691,
    6.203773577681));
#5424 = CARTESIAN_POINT('',(45.290110336746,-43.29600595617,
    3.270653090051));
#5425 = CARTESIAN_POINT('',(44.50572077347,-38.85616789333,2.));
#5426 = CARTESIAN_POINT('',(43.700584092594,-34.80185660986,2.));
#5427 = PCURVE('',#4391,#5428);
#5428 = DEFINITIONAL_REPRESENTATION('',(#5429),#5433);
#5429 = LINE('',#5430,#5431);
#5430 = CARTESIAN_POINT('',(0.,285.37062426146));
#5431 = VECTOR('',#5432,1.);
#5432 = DIRECTION('',(1.,0.));
#5433 = ( GEOMETRIC_REPRESENTATION_CONTEXT(2) 
PARAMETRIC_REPRESENTATION_CONTEXT() REPRESENTATION_CONTEXT('2D SPACE',''
  ) );
#5434 = PCURVE('',#5318,#5435);
#5435 = DEFINITIONAL_REPRESENTATION('',(#5436),#5439);
#5436 = B_SPLINE_CURVE_WITH_KNOTS('',1,(#5437,#5438),.UNSPECIFIED.,.F.,
  .F.,(2,2),(0.,4.594743741582),.PIECEWISE_BEZIER_KNOTS.);
#5437 = CARTESIAN_POINT('',(0.,285.37062426146));
#5438 = CARTESIAN_POINT('',(29.922136762787,285.37062426146));
#5439 = ( GEOMETRIC_REPRESENTATION_CONTEXT(2) 
PARAMETRIC_REPRESENTATION_CONTEXT() REPRESENTATION_CONTEXT('2D SPACE',''
  ) );
#5440 = ORIENTED_EDGE('',*,*,#4371,.F.);
#5441 = ADVANCED_FACE('',(#5442),#4429,.F.);
#5442 = FACE_BOUND('',#5443,.F.);
#5443 = EDGE_LOOP('',(#5444,#5445,#5466,#5467));
#5444 = ORIENTED_EDGE('',*,*,#5259,.T.);
#5445 = ORIENTED_EDGE('',*,*,#5446,.T.);
#5446 = EDGE_CURVE('',#5233,#5364,#5447,.T.);
#5447 = SURFACE_CURVE('',#5448,(#5452,#5459),.PCURVE_S1.);
#5448 = LINE('',#5449,#5450);
#5449 = CARTESIAN_POINT('',(-40.42543867133,-34.58865898896,2.));
#5450 = VECTOR('',#5451,1.);
#5451 = DIRECTION('',(1.,0.,0.));
#5452 = PCURVE('',#4429,#5453);
#5453 = DEFINITIONAL_REPRESENTATION('',(#5454),#5458);
#5454 = LINE('',#5455,#5456);
#5455 = CARTESIAN_POINT('',(0.959931088597,0.));
#5456 = VECTOR('',#5457,1.);
#5457 = DIRECTION('',(0.,1.));
#5458 = ( GEOMETRIC_REPRESENTATION_CONTEXT(2) 
PARAMETRIC_REPRESENTATION_CONTEXT() REPRESENTATION_CONTEXT('2D SPACE',''
  ) );
#5459 = PCURVE('',#4795,#5460);
#5460 = DEFINITIONAL_REPRESENTATION('',(#5461),#5465);
#5461 = LINE('',#5462,#5463);
#5462 = CARTESIAN_POINT('',(-40.42543867133,-34.58865898896));
#5463 = VECTOR('',#5464,1.);
#5464 = DIRECTION('',(1.,0.));
#5465 = ( GEOMETRIC_REPRESENTATION_CONTEXT(2) 
PARAMETRIC_REPRESENTATION_CONTEXT() REPRESENTATION_CONTEXT('2D SPACE',''
  ) );
#5466 = ORIENTED_EDGE('',*,*,#5363,.F.);
#5467 = ORIENTED_EDGE('',*,*,#4415,.F.);
#5468 = ADVANCED_FACE('',(#5469),#4511,.F.);
#5469 = FACE_BOUND('',#5470,.F.);
#5470 = EDGE_LOOP('',(#5471,#5500,#5527,#5549));
#5471 = ORIENTED_EDGE('',*,*,#5472,.T.);
#5472 = EDGE_CURVE('',#4492,#5473,#5475,.T.);
#5473 = VERTEX_POINT('',#5474);
#5474 = CARTESIAN_POINT('',(54.588658988965,20.42543867133,2.));
#5475 = SURFACE_CURVE('',#5476,(#5481,#5493),.PCURVE_S1.);
#5476 = CIRCLE('',#5477,18.);
#5477 = AXIS2_PLACEMENT_3D('',#5478,#5479,#5480);
#5478 = CARTESIAN_POINT('',(54.588658988965,20.42543867133,20.));
#5479 = DIRECTION('',(0.,1.,0.));
#5480 = DIRECTION('',(0.819152044289,0.,-0.573576436351));
#5481 = PCURVE('',#4511,#5482);
#5482 = DEFINITIONAL_REPRESENTATION('',(#5483),#5492);
#5483 = B_SPLINE_CURVE_WITH_KNOTS('',7,(#5484,#5485,#5486,#5487,#5488,
    #5489,#5490,#5491),.UNSPECIFIED.,.F.,.F.,(8,8),(0.,0.959931088597),
  .PIECEWISE_BEZIER_KNOTS.);
#5484 = CARTESIAN_POINT('',(8.881784197001E-16,360.73838210849));
#5485 = CARTESIAN_POINT('',(0.682287974028,360.73838210849));
#5486 = CARTESIAN_POINT('',(1.337865312197,360.73838210849));
#5487 = CARTESIAN_POINT('',(1.979090652044,360.7383821085));
#5488 = CARTESIAN_POINT('',(2.615653089538,360.73838210848));
#5489 = CARTESIAN_POINT('',(3.256878429385,360.73838210849));
#5490 = CARTESIAN_POINT('',(3.912455767554,360.73838210849));
#5491 = CARTESIAN_POINT('',(4.594743741582,360.73838210849));
#5492 = ( GEOMETRIC_REPRESENTATION_CONTEXT(2) 
PARAMETRIC_REPRESENTATION_CONTEXT() REPRESENTATION_CONTEXT('2D SPACE',''
  ) );
#5493 = PCURVE('',#4551,#5494);
#5494 = DEFINITIONAL_REPRESENTATION('',(#5495),#5499);
#5495 = LINE('',#5496,#5497);
#5496 = CARTESIAN_POINT('',(0.,40.85087734266));
#5497 = VECTOR('',#5498,1.);
#5498 = DIRECTION('',(1.,0.));
#5499 = ( GEOMETRIC_REPRESENTATION_CONTEXT(2) 
PARAMETRIC_REPRESENTATION_CONTEXT() REPRESENTATION_CONTEXT('2D SPACE',''
  ) );
#5500 = ORIENTED_EDGE('',*,*,#5501,.T.);
#5501 = EDGE_CURVE('',#5473,#5502,#5504,.T.);
#5502 = VERTEX_POINT('',#5503);
#5503 = CARTESIAN_POINT('',(54.801856609865,23.700584092594,2.));
#5504 = SURFACE_CURVE('',#5505,(#5511,#5518),.PCURVE_S1.);
#5505 = B_SPLINE_CURVE_WITH_KNOTS('',4,(#5506,#5507,#5508,#5509,#5510),
  .UNSPECIFIED.,.F.,.F.,(5,5),(360.73838210849,365.33312585007),
  .PIECEWISE_BEZIER_KNOTS.);
#5506 = CARTESIAN_POINT('',(54.588658988965,20.42543867133,2.));
#5507 = CARTESIAN_POINT('',(54.588658988965,21.280358517233,2.));
#5508 = CARTESIAN_POINT('',(54.620882310199,22.100712695186,2.));
#5509 = CARTESIAN_POINT('',(54.690407579989,22.900078258139,2.));
#5510 = CARTESIAN_POINT('',(54.801856609865,23.700584092594,2.));
#5511 = PCURVE('',#4511,#5512);
#5512 = DEFINITIONAL_REPRESENTATION('',(#5513),#5517);
#5513 = LINE('',#5514,#5515);
#5514 = CARTESIAN_POINT('',(4.594743741582,0.));
#5515 = VECTOR('',#5516,1.);
#5516 = DIRECTION('',(0.,1.));
#5517 = ( GEOMETRIC_REPRESENTATION_CONTEXT(2) 
PARAMETRIC_REPRESENTATION_CONTEXT() REPRESENTATION_CONTEXT('2D SPACE',''
  ) );
#5518 = PCURVE('',#4795,#5519);
#5519 = DEFINITIONAL_REPRESENTATION('',(#5520),#5526);
#5520 = B_SPLINE_CURVE_WITH_KNOTS('',4,(#5521,#5522,#5523,#5524,#5525),
  .UNSPECIFIED.,.F.,.F.,(5,5),(360.73838210849,365.33312585007),
  .PIECEWISE_BEZIER_KNOTS.);
#5521 = CARTESIAN_POINT('',(54.588658988965,20.42543867133));
#5522 = CARTESIAN_POINT('',(54.588658988965,21.280358517233));
#5523 = CARTESIAN_POINT('',(54.620882310199,22.100712695186));
#5524 = CARTESIAN_POINT('',(54.690407579989,22.900078258139));
#5525 = CARTESIAN_POINT('',(54.801856609865,23.700584092594));
#5526 = ( GEOMETRIC_REPRESENTATION_CONTEXT(2) 
PARAMETRIC_REPRESENTATION_CONTEXT() REPRESENTATION_CONTEXT('2D SPACE',''
  ) );
#5527 = ORIENTED_EDGE('',*,*,#5528,.F.);
#5528 = EDGE_CURVE('',#4469,#5502,#5529,.T.);
#5529 = SURFACE_CURVE('',#5530,(#5536,#5543),.PCURVE_S1.);
#5530 = B_SPLINE_CURVE_WITH_KNOTS('',4,(#5531,#5532,#5533,#5534,#5535),
  .UNSPECIFIED.,.F.,.F.,(5,5),(0.,4.594743741582),
  .PIECEWISE_BEZIER_KNOTS.);
#5531 = CARTESIAN_POINT('',(69.262638055156,26.326380815064,
    9.574571633176));
#5532 = CARTESIAN_POINT('',(66.902379846916,25.918877054837,
    6.203773577681));
#5533 = CARTESIAN_POINT('',(63.29600595617,25.290110336746,
    3.270653090051));
#5534 = CARTESIAN_POINT('',(58.856167893335,24.50572077347,2.));
#5535 = CARTESIAN_POINT('',(54.801856609865,23.700584092594,2.));
#5536 = PCURVE('',#4511,#5537);
#5537 = DEFINITIONAL_REPRESENTATION('',(#5538),#5542);
#5538 = LINE('',#5539,#5540);
#5539 = CARTESIAN_POINT('',(0.,365.33312585007));
#5540 = VECTOR('',#5541,1.);
#5541 = DIRECTION('',(1.,0.));
#5542 = ( GEOMETRIC_REPRESENTATION_CONTEXT(2) 
PARAMETRIC_REPRESENTATION_CONTEXT() REPRESENTATION_CONTEXT('2D SPACE',''
  ) );
#5543 = PCURVE('',#4632,#5544);
#5544 = DEFINITIONAL_REPRESENTATION('',(#5545),#5548);
#5545 = B_SPLINE_CURVE_WITH_KNOTS('',1,(#5546,#5547),.UNSPECIFIED.,.F.,
  .F.,(2,2),(0.,4.594743741582),.PIECEWISE_BEZIER_KNOTS.);
#5546 = CARTESIAN_POINT('',(0.,365.33312585007));
#5547 = CARTESIAN_POINT('',(29.922136762787,365.33312585007));
#5548 = ( GEOMETRIC_REPRESENTATION_CONTEXT(2) 
PARAMETRIC_REPRESENTATION_CONTEXT() REPRESENTATION_CONTEXT('2D SPACE',''
  ) );
#5549 = ORIENTED_EDGE('',*,*,#4491,.F.);
#5550 = ADVANCED_FACE('',(#5551),#4551,.F.);
#5551 = FACE_BOUND('',#5552,.F.);
#5552 = EDGE_LOOP('',(#5553,#5585,#5606,#5607));
#5553 = ORIENTED_EDGE('',*,*,#5554,.T.);
#5554 = EDGE_CURVE('',#4536,#5555,#5557,.T.);
#5555 = VERTEX_POINT('',#5556);
#5556 = CARTESIAN_POINT('',(54.588658988965,-20.42543867133,2.));
#5557 = SURFACE_CURVE('',#5558,(#5564,#5578),.PCURVE_S1.);
#5558 = B_SPLINE_CURVE_WITH_KNOTS('',4,(#5559,#5560,#5561,#5562,#5563),
  .UNSPECIFIED.,.F.,.F.,(5,5),(0.,4.594743741582),
  .PIECEWISE_BEZIER_KNOTS.);
#5559 = CARTESIAN_POINT('',(69.333395786167,-20.42543867133,
    9.675624145681));
#5560 = CARTESIAN_POINT('',(66.949762669542,-20.42543867133,
    6.271443261369));
#5561 = CARTESIAN_POINT('',(63.283149135821,-20.42543867133,
    3.298039824741));
#5562 = CARTESIAN_POINT('',(58.74439650808,-20.42543867133,2.));
#5563 = CARTESIAN_POINT('',(54.588658988965,-20.42543867133,2.));
#5564 = PCURVE('',#4551,#5565);
#5565 = DEFINITIONAL_REPRESENTATION('',(#5566),#5577);
#5566 = B_SPLINE_CURVE_WITH_KNOTS('',9,(#5567,#5568,#5569,#5570,#5571,
    #5572,#5573,#5574,#5575,#5576),.UNSPECIFIED.,.F.,.F.,(10,10),(0.,
    4.594743741582),.PIECEWISE_BEZIER_KNOTS.);
#5567 = CARTESIAN_POINT('',(-5.551115123126E-17,0.));
#5568 = CARTESIAN_POINT('',(0.102610802941,0.));
#5569 = CARTESIAN_POINT('',(0.208120074675,0.));
#5570 = CARTESIAN_POINT('',(0.315886884951,0.));
#5571 = CARTESIAN_POINT('',(0.425103975859,0.));
#5572 = CARTESIAN_POINT('',(0.534827112746,0.));
#5573 = CARTESIAN_POINT('',(0.644044203636,0.));
#5574 = CARTESIAN_POINT('',(0.751811013925,0.));
#5575 = CARTESIAN_POINT('',(0.857320285656,0.));
#5576 = CARTESIAN_POINT('',(0.959931088597,0.));
#5577 = ( GEOMETRIC_REPRESENTATION_CONTEXT(2) 
PARAMETRIC_REPRESENTATION_CONTEXT() REPRESENTATION_CONTEXT('2D SPACE',''
  ) );
#5578 = PCURVE('',#4581,#5579);
#5579 = DEFINITIONAL_REPRESENTATION('',(#5580),#5584);
#5580 = LINE('',#5581,#5582);
#5581 = CARTESIAN_POINT('',(0.,319.88750476583));
#5582 = VECTOR('',#5583,1.);
#5583 = DIRECTION('',(1.,0.));
#5584 = ( GEOMETRIC_REPRESENTATION_CONTEXT(2) 
PARAMETRIC_REPRESENTATION_CONTEXT() REPRESENTATION_CONTEXT('2D SPACE',''
  ) );
#5585 = ORIENTED_EDGE('',*,*,#5586,.T.);
#5586 = EDGE_CURVE('',#5555,#5473,#5587,.T.);
#5587 = SURFACE_CURVE('',#5588,(#5592,#5599),.PCURVE_S1.);
#5588 = LINE('',#5589,#5590);
#5589 = CARTESIAN_POINT('',(54.588658988965,-20.42543867133,2.));
#5590 = VECTOR('',#5591,1.);
#5591 = DIRECTION('',(0.,1.,-0.));
#5592 = PCURVE('',#4551,#5593);
#5593 = DEFINITIONAL_REPRESENTATION('',(#5594),#5598);
#5594 = LINE('',#5595,#5596);
#5595 = CARTESIAN_POINT('',(0.959931088597,0.));
#5596 = VECTOR('',#5597,1.);
#5597 = DIRECTION('',(0.,1.));
#5598 = ( GEOMETRIC_REPRESENTATION_CONTEXT(2) 
PARAMETRIC_REPRESENTATION_CONTEXT() REPRESENTATION_CONTEXT('2D SPACE',''
  ) );
#5599 = PCURVE('',#4795,#5600);
#5600 = DEFINITIONAL_REPRESENTATION('',(#5601),#5605);
#5601 = LINE('',#5602,#5603);
#5602 = CARTESIAN_POINT('',(54.588658988965,-20.42543867133));
#5603 = VECTOR('',#5604,1.);
#5604 = DIRECTION('',(0.,1.));
#5605 = ( GEOMETRIC_REPRESENTATION_CONTEXT(2) 
PARAMETRIC_REPRESENTATION_CONTEXT() REPRESENTATION_CONTEXT('2D SPACE',''
  ) );
#5606 = ORIENTED_EDGE('',*,*,#5472,.F.);
#5607 = ORIENTED_EDGE('',*,*,#4535,.F.);
#5608 = ADVANCED_FACE('',(#5609),#4581,.F.);
#5609 = FACE_BOUND('',#5610,.F.);
#5610 = EDGE_LOOP('',(#5611,#5635,#5660,#5661));
#5611 = ORIENTED_EDGE('',*,*,#5612,.T.);
#5612 = EDGE_CURVE('',#4445,#5613,#5615,.T.);
#5613 = VERTEX_POINT('',#5614);
#5614 = CARTESIAN_POINT('',(54.801856609865,-23.70058409259,2.));
#5615 = SURFACE_CURVE('',#5616,(#5622,#5628),.PCURVE_S1.);
#5616 = B_SPLINE_CURVE_WITH_KNOTS('',4,(#5617,#5618,#5619,#5620,#5621),
  .UNSPECIFIED.,.F.,.F.,(5,5),(0.,29.922136762787),
  .PIECEWISE_BEZIER_KNOTS.);
#5617 = CARTESIAN_POINT('',(69.262638055156,-26.32638081506,
    9.574571633176));
#5618 = CARTESIAN_POINT('',(66.902379846916,-25.91887705483,
    6.203773577681));
#5619 = CARTESIAN_POINT('',(63.29600595617,-25.29011033674,
    3.270653090051));
#5620 = CARTESIAN_POINT('',(58.856167893335,-24.50572077347,2.));
#5621 = CARTESIAN_POINT('',(54.801856609865,-23.70058409259,2.));
#5622 = PCURVE('',#4581,#5623);
#5623 = DEFINITIONAL_REPRESENTATION('',(#5624),#5627);
#5624 = B_SPLINE_CURVE_WITH_KNOTS('',1,(#5625,#5626),.UNSPECIFIED.,.F.,
  .F.,(2,2),(0.,29.922136762787),.PIECEWISE_BEZIER_KNOTS.);
#5625 = CARTESIAN_POINT('',(0.,315.29276102425));
#5626 = CARTESIAN_POINT('',(4.594743741582,315.29276102425));
#5627 = ( GEOMETRIC_REPRESENTATION_CONTEXT(2) 
PARAMETRIC_REPRESENTATION_CONTEXT() REPRESENTATION_CONTEXT('2D SPACE',''
  ) );
#5628 = PCURVE('',#5318,#5629);
#5629 = DEFINITIONAL_REPRESENTATION('',(#5630),#5634);
#5630 = LINE('',#5631,#5632);
#5631 = CARTESIAN_POINT('',(0.,315.29276102425));
#5632 = VECTOR('',#5633,1.);
#5633 = DIRECTION('',(1.,0.));
#5634 = ( GEOMETRIC_REPRESENTATION_CONTEXT(2) 
PARAMETRIC_REPRESENTATION_CONTEXT() REPRESENTATION_CONTEXT('2D SPACE',''
  ) );
#5635 = ORIENTED_EDGE('',*,*,#5636,.T.);
#5636 = EDGE_CURVE('',#5613,#5555,#5637,.T.);
#5637 = SURFACE_CURVE('',#5638,(#5644,#5651),.PCURVE_S1.);
#5638 = B_SPLINE_CURVE_WITH_KNOTS('',4,(#5639,#5640,#5641,#5642,#5643),
  .UNSPECIFIED.,.F.,.F.,(5,5),(315.29276102425,319.88750476583),
  .PIECEWISE_BEZIER_KNOTS.);
#5639 = CARTESIAN_POINT('',(54.801856609865,-23.70058409259,2.));
#5640 = CARTESIAN_POINT('',(54.690407579989,-22.90007825813,2.));
#5641 = CARTESIAN_POINT('',(54.620882310199,-22.10071269518,2.));
#5642 = CARTESIAN_POINT('',(54.588658988965,-21.28035851723,2.));
#5643 = CARTESIAN_POINT('',(54.588658988965,-20.42543867133,2.));
#5644 = PCURVE('',#4581,#5645);
#5645 = DEFINITIONAL_REPRESENTATION('',(#5646),#5650);
#5646 = LINE('',#5647,#5648);
#5647 = CARTESIAN_POINT('',(4.594743741582,0.));
#5648 = VECTOR('',#5649,1.);
#5649 = DIRECTION('',(0.,1.));
#5650 = ( GEOMETRIC_REPRESENTATION_CONTEXT(2) 
PARAMETRIC_REPRESENTATION_CONTEXT() REPRESENTATION_CONTEXT('2D SPACE',''
  ) );
#5651 = PCURVE('',#4795,#5652);
#5652 = DEFINITIONAL_REPRESENTATION('',(#5653),#5659);
#5653 = B_SPLINE_CURVE_WITH_KNOTS('',4,(#5654,#5655,#5656,#5657,#5658),
  .UNSPECIFIED.,.F.,.F.,(5,5),(315.29276102425,319.88750476583),
  .PIECEWISE_BEZIER_KNOTS.);
#5654 = CARTESIAN_POINT('',(54.801856609865,-23.70058409259));
#5655 = CARTESIAN_POINT('',(54.690407579989,-22.90007825813));
#5656 = CARTESIAN_POINT('',(54.620882310199,-22.10071269518));
#5657 = CARTESIAN_POINT('',(54.588658988965,-21.28035851723));
#5658 = CARTESIAN_POINT('',(54.588658988965,-20.42543867133));
#5659 = ( GEOMETRIC_REPRESENTATION_CONTEXT(2) 
PARAMETRIC_REPRESENTATION_CONTEXT() REPRESENTATION_CONTEXT('2D SPACE',''
  ) );
#5660 = ORIENTED_EDGE('',*,*,#5554,.F.);
#5661 = ORIENTED_EDGE('',*,*,#4563,.F.);
#5662 = ADVANCED_FACE('',(#5663),#4632,.F.);
#5663 = FACE_BOUND('',#5664,.F.);
#5664 = EDGE_LOOP('',(#5665,#5666,#5701,#5702));
#5665 = ORIENTED_EDGE('',*,*,#5528,.T.);
#5666 = ORIENTED_EDGE('',*,*,#5667,.T.);
#5667 = EDGE_CURVE('',#5502,#4891,#5668,.T.);
#5668 = SURFACE_CURVE('',#5669,(#5680,#5687),.PCURVE_S1.);
#5669 = B_SPLINE_CURVE_WITH_KNOTS('',9,(#5670,#5671,#5672,#5673,#5674,
    #5675,#5676,#5677,#5678,#5679),.UNSPECIFIED.,.F.,.F.,(10,10),(
    365.33312585007,395.25526261286),.PIECEWISE_BEZIER_KNOTS.);
#5670 = CARTESIAN_POINT('',(54.801856609865,23.700584092594,2.));
#5671 = CARTESIAN_POINT('',(55.124427433452,26.017516116096,2.));
#5672 = CARTESIAN_POINT('',(54.994199212047,28.220939963108,2.));
#5673 = CARTESIAN_POINT('',(54.414345669567,30.234834731836,2.));
#5674 = CARTESIAN_POINT('',(53.402868866925,31.986450171344,2.));
#5675 = CARTESIAN_POINT('',(51.986450171344,33.402868866925,2.));
#5676 = CARTESIAN_POINT('',(50.234834731836,34.414345669567,2.));
#5677 = CARTESIAN_POINT('',(48.220939963108,34.994199212047,2.));
#5678 = CARTESIAN_POINT('',(46.017516116096,35.124427433452,2.));
#5679 = CARTESIAN_POINT('',(43.700584092594,34.801856609865,2.));
#5680 = PCURVE('',#4632,#5681);
#5681 = DEFINITIONAL_REPRESENTATION('',(#5682),#5686);
#5682 = LINE('',#5683,#5684);
#5683 = CARTESIAN_POINT('',(29.922136762787,0.));
#5684 = VECTOR('',#5685,1.);
#5685 = DIRECTION('',(0.,1.));
#5686 = ( GEOMETRIC_REPRESENTATION_CONTEXT(2) 
PARAMETRIC_REPRESENTATION_CONTEXT() REPRESENTATION_CONTEXT('2D SPACE',''
  ) );
#5687 = PCURVE('',#4795,#5688);
#5688 = DEFINITIONAL_REPRESENTATION('',(#5689),#5700);
#5689 = B_SPLINE_CURVE_WITH_KNOTS('',9,(#5690,#5691,#5692,#5693,#5694,
    #5695,#5696,#5697,#5698,#5699),.UNSPECIFIED.,.F.,.F.,(10,10),(
    365.33312585007,395.25526261286),.PIECEWISE_BEZIER_KNOTS.);
#5690 = CARTESIAN_POINT('',(54.801856609865,23.700584092594));
#5691 = CARTESIAN_POINT('',(55.124427433452,26.017516116096));
#5692 = CARTESIAN_POINT('',(54.994199212047,28.220939963108));
#5693 = CARTESIAN_POINT('',(54.414345669567,30.234834731836));
#5694 = CARTESIAN_POINT('',(53.402868866925,31.986450171344));
#5695 = CARTESIAN_POINT('',(51.986450171344,33.402868866925));
#5696 = CARTESIAN_POINT('',(50.234834731836,34.414345669567));
#5697 = CARTESIAN_POINT('',(48.220939963108,34.994199212047));
#5698 = CARTESIAN_POINT('',(46.017516116096,35.124427433452));
#5699 = CARTESIAN_POINT('',(43.700584092594,34.801856609865));
#5700 = ( GEOMETRIC_REPRESENTATION_CONTEXT(2) 
PARAMETRIC_REPRESENTATION_CONTEXT() REPRESENTATION_CONTEXT('2D SPACE',''
  ) );
#5701 = ORIENTED_EDGE('',*,*,#4890,.F.);
#5702 = ORIENTED_EDGE('',*,*,#4608,.F.);
#5703 = ADVANCED_FACE('',(#5704),#4702,.F.);
#5704 = FACE_BOUND('',#5705,.F.);
#5705 = EDGE_LOOP('',(#5706,#5707,#5742,#5743));
#5706 = ORIENTED_EDGE('',*,*,#4809,.T.);
#5707 = ORIENTED_EDGE('',*,*,#5708,.T.);
#5708 = EDGE_CURVE('',#4778,#4945,#5709,.T.);
#5709 = SURFACE_CURVE('',#5710,(#5721,#5728),.PCURVE_S1.);
#5710 = B_SPLINE_CURVE_WITH_KNOTS('',9,(#5711,#5712,#5713,#5714,#5715,
    #5716,#5717,#5718,#5719,#5720),.UNSPECIFIED.,.F.,.F.,(10,10),(
    85.445621084243,115.36775784702),.PIECEWISE_BEZIER_KNOTS.);
#5711 = CARTESIAN_POINT('',(-43.70058409259,34.801856609865,2.));
#5712 = CARTESIAN_POINT('',(-46.01751611609,35.124427433451,2.));
#5713 = CARTESIAN_POINT('',(-48.22093996311,34.994199212052,2.));
#5714 = CARTESIAN_POINT('',(-50.23483473182,34.414345669557,2.));
#5715 = CARTESIAN_POINT('',(-51.98645017135,33.402868866937,2.));
#5716 = CARTESIAN_POINT('',(-53.40286886691,31.986450171334,2.));
#5717 = CARTESIAN_POINT('',(-54.41434566957,30.234834731843,2.));
#5718 = CARTESIAN_POINT('',(-54.99419921204,28.220939963105,2.));
#5719 = CARTESIAN_POINT('',(-55.12442743345,26.017516116096,2.));
#5720 = CARTESIAN_POINT('',(-54.80185660986,23.700584092594,2.));
#5721 = PCURVE('',#4702,#5722);
#5722 = DEFINITIONAL_REPRESENTATION('',(#5723),#5727);
#5723 = LINE('',#5724,#5725);
#5724 = CARTESIAN_POINT('',(29.922136762787,0.));
#5725 = VECTOR('',#5726,1.);
#5726 = DIRECTION('',(0.,1.));
#5727 = ( GEOMETRIC_REPRESENTATION_CONTEXT(2) 
PARAMETRIC_REPRESENTATION_CONTEXT() REPRESENTATION_CONTEXT('2D SPACE',''
  ) );
#5728 = PCURVE('',#4795,#5729);
#5729 = DEFINITIONAL_REPRESENTATION('',(#5730),#5741);
#5730 = B_SPLINE_CURVE_WITH_KNOTS('',9,(#5731,#5732,#5733,#5734,#5735,
    #5736,#5737,#5738,#5739,#5740),.UNSPECIFIED.,.F.,.F.,(10,10),(
    85.445621084243,115.36775784702),.PIECEWISE_BEZIER_KNOTS.);
#5731 = CARTESIAN_POINT('',(-43.70058409259,34.801856609865));
#5732 = CARTESIAN_POINT('',(-46.01751611609,35.124427433451));
#5733 = CARTESIAN_POINT('',(-48.22093996311,34.994199212052));
#5734 = CARTESIAN_POINT('',(-50.23483473182,34.414345669557));
#5735 = CARTESIAN_POINT('',(-51.98645017135,33.402868866937));
#5736 = CARTESIAN_POINT('',(-53.40286886691,31.986450171334));
#5737 = CARTESIAN_POINT('',(-54.41434566957,30.234834731843));
#5738 = CARTESIAN_POINT('',(-54.99419921204,28.220939963105));
#5739 = CARTESIAN_POINT('',(-55.12442743345,26.017516116096));
#5740 = CARTESIAN_POINT('',(-54.80185660986,23.700584092594));
#5741 = ( GEOMETRIC_REPRESENTATION_CONTEXT(2) 
PARAMETRIC_REPRESENTATION_CONTEXT() REPRESENTATION_CONTEXT('2D SPACE',''
  ) );
#5742 = ORIENTED_EDGE('',*,*,#4944,.F.);
#5743 = ORIENTED_EDGE('',*,*,#4678,.F.);
#5744 = ADVANCED_FACE('',(#5745),#4795,.T.);
#5745 = FACE_BOUND('',#5746,.T.);
#5746 = EDGE_LOOP('',(#5747,#5748,#5749,#5750,#5751,#5752,#5753,#5788,
    #5789,#5790,#5791,#5826,#5827,#5828,#5829,#5830));
#5747 = ORIENTED_EDGE('',*,*,#4864,.T.);
#5748 = ORIENTED_EDGE('',*,*,#4777,.T.);
#5749 = ORIENTED_EDGE('',*,*,#5708,.T.);
#5750 = ORIENTED_EDGE('',*,*,#4968,.T.);
#5751 = ORIENTED_EDGE('',*,*,#5182,.T.);
#5752 = ORIENTED_EDGE('',*,*,#5128,.T.);
#5753 = ORIENTED_EDGE('',*,*,#5754,.T.);
#5754 = EDGE_CURVE('',#5129,#5209,#5755,.T.);
#5755 = SURFACE_CURVE('',#5756,(#5767,#5781),.PCURVE_S1.);
#5756 = B_SPLINE_CURVE_WITH_KNOTS('',9,(#5757,#5758,#5759,#5760,#5761,
    #5762,#5763,#5764,#5765,#5766),.UNSPECIFIED.,.F.,.F.,(10,10),(
    165.40812267285,195.33025943564),.PIECEWISE_BEZIER_KNOTS.);
#5757 = CARTESIAN_POINT('',(-54.80185660986,-23.70058409259,2.));
#5758 = CARTESIAN_POINT('',(-55.12442743345,-26.01751611609,2.));
#5759 = CARTESIAN_POINT('',(-54.99419921205,-28.22093996311,2.));
#5760 = CARTESIAN_POINT('',(-54.41434566955,-30.23483473183,2.));
#5761 = CARTESIAN_POINT('',(-53.40286886693,-31.98645017135,2.));
#5762 = CARTESIAN_POINT('',(-51.98645017133,-33.40286886691,2.));
#5763 = CARTESIAN_POINT('',(-50.23483473184,-34.41434566957,2.));
#5764 = CARTESIAN_POINT('',(-48.2209399631,-34.99419921204,2.));
#5765 = CARTESIAN_POINT('',(-46.01751611609,-35.12442743345,2.));
#5766 = CARTESIAN_POINT('',(-43.70058409259,-34.80185660986,2.));
#5767 = PCURVE('',#4795,#5768);
#5768 = DEFINITIONAL_REPRESENTATION('',(#5769),#5780);
#5769 = B_SPLINE_CURVE_WITH_KNOTS('',9,(#5770,#5771,#5772,#5773,#5774,
    #5775,#5776,#5777,#5778,#5779),.UNSPECIFIED.,.F.,.F.,(10,10),(
    165.40812267285,195.33025943564),.PIECEWISE_BEZIER_KNOTS.);
#5770 = CARTESIAN_POINT('',(-54.80185660986,-23.70058409259));
#5771 = CARTESIAN_POINT('',(-55.12442743345,-26.01751611609));
#5772 = CARTESIAN_POINT('',(-54.99419921205,-28.22093996311));
#5773 = CARTESIAN_POINT('',(-54.41434566955,-30.23483473183));
#5774 = CARTESIAN_POINT('',(-53.40286886693,-31.98645017135));
#5775 = CARTESIAN_POINT('',(-51.98645017133,-33.40286886691));
#5776 = CARTESIAN_POINT('',(-50.23483473184,-34.41434566957));
#5777 = CARTESIAN_POINT('',(-48.2209399631,-34.99419921204));
#5778 = CARTESIAN_POINT('',(-46.01751611609,-35.12442743345));
#5779 = CARTESIAN_POINT('',(-43.70058409259,-34.80185660986));
#5780 = ( GEOMETRIC_REPRESENTATION_CONTEXT(2) 
PARAMETRIC_REPRESENTATION_CONTEXT() REPRESENTATION_CONTEXT('2D SPACE',''
  ) );
#5781 = PCURVE('',#5053,#5782);
#5782 = DEFINITIONAL_REPRESENTATION('',(#5783),#5787);
#5783 = LINE('',#5784,#5785);
#5784 = CARTESIAN_POINT('',(29.922136762787,0.));
#5785 = VECTOR('',#5786,1.);
#5786 = DIRECTION('',(0.,1.));
#5787 = ( GEOMETRIC_REPRESENTATION_CONTEXT(2) 
PARAMETRIC_REPRESENTATION_CONTEXT() REPRESENTATION_CONTEXT('2D SPACE',''
  ) );
#5788 = ORIENTED_EDGE('',*,*,#5232,.T.);
#5789 = ORIENTED_EDGE('',*,*,#5446,.T.);
#5790 = ORIENTED_EDGE('',*,*,#5392,.T.);
#5791 = ORIENTED_EDGE('',*,*,#5792,.T.);
#5792 = EDGE_CURVE('',#5393,#5613,#5793,.T.);
#5793 = SURFACE_CURVE('',#5794,(#5805,#5819),.PCURVE_S1.);
#5794 = B_SPLINE_CURVE_WITH_KNOTS('',9,(#5795,#5796,#5797,#5798,#5799,
    #5800,#5801,#5802,#5803,#5804),.UNSPECIFIED.,.F.,.F.,(10,10),(
    285.37062426146,315.29276102425),.PIECEWISE_BEZIER_KNOTS.);
#5795 = CARTESIAN_POINT('',(43.700584092594,-34.80185660986,2.));
#5796 = CARTESIAN_POINT('',(46.017516116094,-35.12442743345,2.));
#5797 = CARTESIAN_POINT('',(48.220939963114,-34.99419921205,2.));
#5798 = CARTESIAN_POINT('',(50.234834731826,-34.41434566956,2.));
#5799 = CARTESIAN_POINT('',(51.986450171357,-33.40286886693,2.));
#5800 = CARTESIAN_POINT('',(53.402868866914,-31.98645017133,2.));
#5801 = CARTESIAN_POINT('',(54.414345669573,-30.23483473184,2.));
#5802 = CARTESIAN_POINT('',(54.994199212044,-28.2209399631,2.));
#5803 = CARTESIAN_POINT('',(55.124427433453,-26.01751611609,2.));
#5804 = CARTESIAN_POINT('',(54.801856609865,-23.70058409259,2.));
#5805 = PCURVE('',#4795,#5806);
#5806 = DEFINITIONAL_REPRESENTATION('',(#5807),#5818);
#5807 = B_SPLINE_CURVE_WITH_KNOTS('',9,(#5808,#5809,#5810,#5811,#5812,
    #5813,#5814,#5815,#5816,#5817),.UNSPECIFIED.,.F.,.F.,(10,10),(
    285.37062426146,315.29276102425),.PIECEWISE_BEZIER_KNOTS.);
#5808 = CARTESIAN_POINT('',(43.700584092594,-34.80185660986));
#5809 = CARTESIAN_POINT('',(46.017516116094,-35.12442743345));
#5810 = CARTESIAN_POINT('',(48.220939963114,-34.99419921205));
#5811 = CARTESIAN_POINT('',(50.234834731826,-34.41434566956));
#5812 = CARTESIAN_POINT('',(51.986450171357,-33.40286886693));
#5813 = CARTESIAN_POINT('',(53.402868866914,-31.98645017133));
#5814 = CARTESIAN_POINT('',(54.414345669573,-30.23483473184));
#5815 = CARTESIAN_POINT('',(54.994199212044,-28.2209399631));
#5816 = CARTESIAN_POINT('',(55.124427433453,-26.01751611609));
#5817 = CARTESIAN_POINT('',(54.801856609865,-23.70058409259));
#5818 = ( GEOMETRIC_REPRESENTATION_CONTEXT(2) 
PARAMETRIC_REPRESENTATION_CONTEXT() REPRESENTATION_CONTEXT('2D SPACE',''
  ) );
#5819 = PCURVE('',#5318,#5820);
#5820 = DEFINITIONAL_REPRESENTATION('',(#5821),#5825);
#5821 = LINE('',#5822,#5823);
#5822 = CARTESIAN_POINT('',(29.922136762787,0.));
#5823 = VECTOR('',#5824,1.);
#5824 = DIRECTION('',(0.,1.));
#5825 = ( GEOMETRIC_REPRESENTATION_CONTEXT(2) 
PARAMETRIC_REPRESENTATION_CONTEXT() REPRESENTATION_CONTEXT('2D SPACE',''
  ) );
#5826 = ORIENTED_EDGE('',*,*,#5636,.T.);
#5827 = ORIENTED_EDGE('',*,*,#5586,.T.);
#5828 = ORIENTED_EDGE('',*,*,#5501,.T.);
#5829 = ORIENTED_EDGE('',*,*,#5667,.T.);
#5830 = ORIENTED_EDGE('',*,*,#4914,.T.);
#5831 = ADVANCED_FACE('',(#5832),#5053,.F.);
#5832 = FACE_BOUND('',#5833,.F.);
#5833 = EDGE_LOOP('',(#5834,#5835,#5836,#5837));
#5834 = ORIENTED_EDGE('',*,*,#5155,.T.);
#5835 = ORIENTED_EDGE('',*,*,#5754,.T.);
#5836 = ORIENTED_EDGE('',*,*,#5208,.F.);
#5837 = ORIENTED_EDGE('',*,*,#5029,.F.);
#5838 = ADVANCED_FACE('',(#5839),#5318,.F.);
#5839 = FACE_BOUND('',#5840,.F.);
#5840 = EDGE_LOOP('',(#5841,#5842,#5843,#5844));
#5841 = ORIENTED_EDGE('',*,*,#5419,.T.);
#5842 = ORIENTED_EDGE('',*,*,#5792,.T.);
#5843 = ORIENTED_EDGE('',*,*,#5612,.F.);
#5844 = ORIENTED_EDGE('',*,*,#5294,.F.);
#5845 = ( GEOMETRIC_REPRESENTATION_CONTEXT(3) 
GLOBAL_UNCERTAINTY_ASSIGNED_CONTEXT((#5849)) 
GLOBAL_UNIT_ASSIGNED_CONTEXT((#5846,#5847,#5848)) REPRESENTATION_CONTEXT
('Context #1','3D Context with UNIT and UNCERTAINTY') );
#5846 = ( LENGTH_UNIT() NAMED_UNIT(*) SI_UNIT(.MILLI.,.METRE.) );
#5847 = ( NAMED_UNIT(*) PLANE_ANGLE_UNIT() SI_UNIT($,.RADIAN.) );
#5848 = ( NAMED_UNIT(*) SI_UNIT($,.STERADIAN.) SOLID_ANGLE_UNIT() );
#5849 = UNCERTAINTY_MEASURE_WITH_UNIT(LENGTH_MEASURE(2.E-03),#5846,
  'distance_accuracy_value','confusion accuracy');
#5850 = PRODUCT_RELATED_PRODUCT_CATEGORY('part',$,(#7));
ENDSEC;
END-ISO-10303-21;
