ISO-10303-21;
HEADER;
FILE_DESCRIPTION(('Open CASCADE Model'),'2;1');
FILE_NAME('Open CASCADE Shape Model','2026-10-01T19:05:04',('Author'),(
    'Open CASCADE'),'Open CASCADE STEP processor 7.4','Open CASCADE 7.4'
  ,'Unknown');
FILE_SCHEMA(('AUTOMOTIVE_DESIGN { 1 0 10303 214 1 1 1 1 }'));
ENDSEC;
DATA;
#1 = APPLICATION_PROTOCOL_DEFINITION('international standard',
  'automotive_design',2000,#2);
#2 = APPLICATION_CONTEXT(
  'core data for automotive mechanical design processes');
#3 = SHAPE_DEFINITION_REPRESENTATION(#4,#10);
#4 = PRODUCT_DEFINITION_SHAPE('','',#5);
#5 = PRODUCT_DEFINITION('design','',#6,#9);
#6 = PRODUCT_DEFINITION_FORMATION('','',#7);
#7 = PRODUCT('Open CASCADE STEP translator 7.4 2',
  'Open CASCADE STEP translator 7.4 2','',(#8));
#8 = PRODUCT_CONTEXT('',#2,'mechanical');
#9 = PRODUCT_DEFINITION_CONTEXT('part definition',#2,'design');
#10 = ADVANCED_BREP_SHAPE_REPRESENTATION('',(#11,#15),#1706);
#11 = AXIS2_PLACEMENT_3D('',#12,#13,#14);
#12 = CARTESIAN_POINT('',(0.,0.,0.));
#13 = DIRECTION('',(0.,0.,1.));
#14 = DIRECTION('',(1.,0.,-0.));
#15 = MANIFOLD_SOLID_BREP('',#16);
#16 = CLOSED_SHELL('',(#17,#135,#275,#392,#676,#743,#816,#865,#1144,
    #1171,#1220,#1287,#1354,#1381,#1457,#1506,#1555,#1582,#1609,#1637,
    #1665,#1692,#1699));
#17 = ADVANCED_FACE('',(#18),#32,.T.);
#18 = FACE_BOUND('',#19,.T.);
#19 = EDGE_LOOP('',(#20,#55,#81,#109));
#20 = ORIENTED_EDGE('',*,*,#21,.T.);
#21 = EDGE_CURVE('',#22,#24,#26,.T.);
#22 = VERTEX_POINT('',#23);
#23 = CARTESIAN_POINT('',(69.15010574375,54.307800419667,29.238107812149
    ));
#24 = VERTEX_POINT('',#25);
#25 = CARTESIAN_POINT('',(78.831535068734,63.98922974465,50.));
#26 = SURFACE_CURVE('',#27,(#31,#43),.PCURVE_S1.);
#27 = LINE('',#28,#29);
#28 = CARTESIAN_POINT('',(68.275856457378,53.433551133295,
    27.363274167273));
#29 = VECTOR('',#30,1.);
#30 = DIRECTION('',(0.389281620635,0.389281620635,0.834817129479));
#31 = PCURVE('',#32,#37);
#32 = PLANE('',#33);
#33 = AXIS2_PLACEMENT_3D('',#34,#35,#36);
#34 = CARTESIAN_POINT('',(87.5,50.,20.));
#35 = DIRECTION('',(0.,-0.906307787037,0.422618261741));
#36 = DIRECTION('',(-1.,0.,0.));
#37 = DEFINITIONAL_REPRESENTATION('',(#38),#42);
#38 = LINE('',#39,#40);
#39 = CARTESIAN_POINT('',(19.224143542622,-8.124474127436));
#40 = VECTOR('',#41,1.);
#41 = DIRECTION('',(-0.389281620635,-0.921118787039));
#42 = ( GEOMETRIC_REPRESENTATION_CONTEXT(2) 
PARAMETRIC_REPRESENTATION_CONTEXT() REPRESENTATION_CONTEXT('2D SPACE',''
  ) );
#43 = PCURVE('',#44,#49);
#44 = CYLINDRICAL_SURFACE('',#45,25.);
#45 = AXIS2_PLACEMENT_3D('',#46,#47,#48);
#46 = CARTESIAN_POINT('',(68.275856457378,30.775856457378,
    37.928730710791));
#47 = DIRECTION('',(0.389281620635,0.389281620635,0.834817129479));
#48 = DIRECTION('',(0.,0.906307787037,-0.422618261741));
#49 = DEFINITIONAL_REPRESENTATION('',(#50),#54);
#50 = LINE('',#51,#52);
#51 = CARTESIAN_POINT('',(-0.,0.));
#52 = VECTOR('',#53,1.);
#53 = DIRECTION('',(-0.,1.));
#54 = ( GEOMETRIC_REPRESENTATION_CONTEXT(2) 
PARAMETRIC_REPRESENTATION_CONTEXT() REPRESENTATION_CONTEXT('2D SPACE',''
  ) );
#55 = ORIENTED_EDGE('',*,*,#56,.T.);
#56 = EDGE_CURVE('',#24,#57,#59,.T.);
#57 = VERTEX_POINT('',#58);
#58 = CARTESIAN_POINT('',(-78.83153506873,63.98922974465,50.));
#59 = SURFACE_CURVE('',#60,(#64,#70),.PCURVE_S1.);
#60 = LINE('',#61,#62);
#61 = CARTESIAN_POINT('',(43.75,63.98922974465,50.));
#62 = VECTOR('',#63,1.);
#63 = DIRECTION('',(-1.,0.,0.));
#64 = PCURVE('',#32,#65);
#65 = DEFINITIONAL_REPRESENTATION('',(#66),#69);
#66 = B_SPLINE_CURVE_WITH_KNOTS('',1,(#67,#68),.UNSPECIFIED.,.F.,.F.,(2,
    2),(-57.73922974465,145.23922974465),.PIECEWISE_BEZIER_KNOTS.);
#67 = CARTESIAN_POINT('',(-13.98922974465,-33.10133756887));
#68 = CARTESIAN_POINT('',(188.98922974465,-33.10133756887));
#69 = ( GEOMETRIC_REPRESENTATION_CONTEXT(2) 
PARAMETRIC_REPRESENTATION_CONTEXT() REPRESENTATION_CONTEXT('2D SPACE',''
  ) );
#70 = PCURVE('',#71,#76);
#71 = PLANE('',#72);
#72 = AXIS2_PLACEMENT_3D('',#73,#74,#75);
#73 = CARTESIAN_POINT('',(0.,0.,50.));
#74 = DIRECTION('',(0.,0.,1.));
#75 = DIRECTION('',(1.,0.,-0.));
#76 = DEFINITIONAL_REPRESENTATION('',(#77),#80);
#77 = B_SPLINE_CURVE_WITH_KNOTS('',1,(#78,#79),.UNSPECIFIED.,.F.,.F.,(2,
    2),(-57.73922974465,145.23922974465),.PIECEWISE_BEZIER_KNOTS.);
#78 = CARTESIAN_POINT('',(101.48922974465,63.98922974465));
#79 = CARTESIAN_POINT('',(-101.4892297446,63.98922974465));
#80 = ( GEOMETRIC_REPRESENTATION_CONTEXT(2) 
PARAMETRIC_REPRESENTATION_CONTEXT() REPRESENTATION_CONTEXT('2D SPACE',''
  ) );
#81 = ORIENTED_EDGE('',*,*,#82,.F.);
#82 = EDGE_CURVE('',#83,#57,#85,.T.);
#83 = VERTEX_POINT('',#84);
#84 = CARTESIAN_POINT('',(-69.15010574375,54.307800419667,
    29.238107812149));
#85 = SURFACE_CURVE('',#86,(#90,#97),.PCURVE_S1.);
#86 = LINE('',#87,#88);
#87 = CARTESIAN_POINT('',(-68.27585645737,53.433551133295,
    27.363274167273));
#88 = VECTOR('',#89,1.);
#89 = DIRECTION('',(-0.389281620635,0.389281620635,0.834817129479));
#90 = PCURVE('',#32,#91);
#91 = DEFINITIONAL_REPRESENTATION('',(#92),#96);
#92 = LINE('',#93,#94);
#93 = CARTESIAN_POINT('',(155.77585645737,-8.124474127436));
#94 = VECTOR('',#95,1.);
#95 = DIRECTION('',(0.389281620635,-0.921118787039));
#96 = ( GEOMETRIC_REPRESENTATION_CONTEXT(2) 
PARAMETRIC_REPRESENTATION_CONTEXT() REPRESENTATION_CONTEXT('2D SPACE',''
  ) );
#97 = PCURVE('',#98,#103);
#98 = CYLINDRICAL_SURFACE('',#99,25.);
#99 = AXIS2_PLACEMENT_3D('',#100,#101,#102);
#100 = CARTESIAN_POINT('',(-68.27585645737,30.775856457378,
    37.928730710791));
#101 = DIRECTION('',(-0.389281620635,0.389281620635,0.834817129479));
#102 = DIRECTION('',(0.,0.906307787037,-0.422618261741));
#103 = DEFINITIONAL_REPRESENTATION('',(#104),#108);
#104 = LINE('',#105,#106);
#105 = CARTESIAN_POINT('',(0.,0.));
#106 = VECTOR('',#107,1.);
#107 = DIRECTION('',(0.,1.));
#108 = ( GEOMETRIC_REPRESENTATION_CONTEXT(2) 
PARAMETRIC_REPRESENTATION_CONTEXT() REPRESENTATION_CONTEXT('2D SPACE',''
  ) );
#109 = ORIENTED_EDGE('',*,*,#110,.F.);
#110 = EDGE_CURVE('',#22,#83,#111,.T.);
#111 = SURFACE_CURVE('',#112,(#116,#123),.PCURVE_S1.);
#112 = LINE('',#113,#114);
#113 = CARTESIAN_POINT('',(64.842305324084,54.307800419667,
    29.238107812149));
#114 = VECTOR('',#115,1.);
#115 = DIRECTION('',(-1.,0.,0.));
#116 = PCURVE('',#32,#117);
#117 = DEFINITIONAL_REPRESENTATION('',(#118),#122);
#118 = LINE('',#119,#120);
#119 = CARTESIAN_POINT('',(22.657694675916,-10.19312417292));
#120 = VECTOR('',#121,1.);
#121 = DIRECTION('',(1.,0.));
#122 = ( GEOMETRIC_REPRESENTATION_CONTEXT(2) 
PARAMETRIC_REPRESENTATION_CONTEXT() REPRESENTATION_CONTEXT('2D SPACE',''
  ) );
#123 = PCURVE('',#124,#129);
#124 = CYLINDRICAL_SURFACE('',#125,16.);
#125 = AXIS2_PLACEMENT_3D('',#126,#127,#128);
#126 = CARTESIAN_POINT('',(64.842305324084,39.80687582708,36.));
#127 = DIRECTION('',(-1.,0.,0.));
#128 = DIRECTION('',(0.,0.906307787037,-0.422618261741));
#129 = DEFINITIONAL_REPRESENTATION('',(#130),#134);
#130 = LINE('',#131,#132);
#131 = CARTESIAN_POINT('',(0.,0.));
#132 = VECTOR('',#133,1.);
#133 = DIRECTION('',(0.,1.));
#134 = ( GEOMETRIC_REPRESENTATION_CONTEXT(2) 
PARAMETRIC_REPRESENTATION_CONTEXT() REPRESENTATION_CONTEXT('2D SPACE',''
  ) );
#135 = ADVANCED_FACE('',(#136),#44,.F.);
#136 = FACE_BOUND('',#137,.T.);
#137 = EDGE_LOOP('',(#138,#139,#217,#245));
#138 = ORIENTED_EDGE('',*,*,#21,.F.);
#139 = ORIENTED_EDGE('',*,*,#140,.F.);
#140 = EDGE_CURVE('',#141,#22,#143,.T.);
#141 = VERTEX_POINT('',#142);
#142 = CARTESIAN_POINT('',(91.807800419666,31.65010574375,
    29.238107812149));
#143 = SURFACE_CURVE('',#144,(#157,#173),.PCURVE_S1.);
#144 = ( BOUNDED_CURVE() B_SPLINE_CURVE(11,(#145,#146,#147,#148,#149,
    #150,#151,#152,#153,#154,#155,#156),.UNSPECIFIED.,.F.,.F.) 
B_SPLINE_CURVE_WITH_KNOTS((12,12),(992.81254031088,1.020020867499E+03),
.PIECEWISE_BEZIER_KNOTS.) CURVE() GEOMETRIC_REPRESENTATION_ITEM() 
RATIONAL_B_SPLINE_CURVE((1.,1.,1.,1.,1.,1.,1.,1.,1.,1.,1.,1.)) 
REPRESENTATION_ITEM('') );
#145 = CARTESIAN_POINT('',(91.807798349124,31.650103673208,
    29.238103371857));
#146 = CARTESIAN_POINT('',(91.458518351165,34.901022649022,
    28.489069999038));
#147 = CARTESIAN_POINT('',(90.647598294313,37.97912685504,
    27.895010644897));
#148 = CARTESIAN_POINT('',(89.444683953904,40.888676687982,
    27.446485518866));
#149 = CARTESIAN_POINT('',(87.880123614697,43.635064046966,
    27.15275379179));
#150 = CARTESIAN_POINT('',(85.957260842979,46.182765884212,
    27.009605753645));
#151 = CARTESIAN_POINT('',(83.687938999505,48.452698363495,
    27.009460294243));
#152 = CARTESIAN_POINT('',(81.140722077442,50.376252631987,
    27.152330309898));
#153 = CARTESIAN_POINT('',(78.394703153217,51.941516932014,
    27.445758600136));
#154 = CARTESIAN_POINT('',(75.485476058145,53.145153831574,
    27.893985741546));
#155 = CARTESIAN_POINT('',(72.407703548189,53.956856869491,
    28.487756904007));
#156 = CARTESIAN_POINT('',(69.157123840722,54.307043081687,
    29.236486122548));
#157 = PCURVE('',#44,#158);
#158 = DEFINITIONAL_REPRESENTATION('',(#159),#172);
#159 = B_SPLINE_CURVE_WITH_KNOTS('',11,(#160,#161,#162,#163,#164,#165,
    #166,#167,#168,#169,#170,#171),.UNSPECIFIED.,.F.,.F.,(12,12),(
    992.81254031088,1.020020867499E+03),.PIECEWISE_BEZIER_KNOTS.);
#160 = CARTESIAN_POINT('',(-1.391226640787,2.245796280862));
#161 = CARTESIAN_POINT('',(-1.258578204314,2.750045114478));
#162 = CARTESIAN_POINT('',(-1.131446155984,3.136687260697));
#163 = CARTESIAN_POINT('',(-1.006861227321,3.426612835667));
#164 = CARTESIAN_POINT('',(-0.882793435536,3.64146373304));
#165 = CARTESIAN_POINT('',(-0.758185173718,3.765199969226));
#166 = CARTESIAN_POINT('',(-0.633310885693,3.765316260906));
#167 = CARTESIAN_POINT('',(-0.508701865377,3.641805858112));
#168 = CARTESIAN_POINT('',(-0.384633660874,3.427119124537));
#169 = CARTESIAN_POINT('',(-0.260050524629,3.13735169649));
#170 = CARTESIAN_POINT('',(-0.13292406257,2.750902887229));
#171 = CARTESIAN_POINT('',(-2.864497225432E-04,2.24688498389));
#172 = ( GEOMETRIC_REPRESENTATION_CONTEXT(2) 
PARAMETRIC_REPRESENTATION_CONTEXT() REPRESENTATION_CONTEXT('2D SPACE',''
  ) );
#173 = PCURVE('',#174,#211);
#174 = ( BOUNDED_SURFACE() B_SPLINE_SURFACE(2,11,(
    (#175,#176,#177,#178,#179,#180,#181,#182,#183,#184,#185,#186)
    ,(#187,#188,#189,#190,#191,#192,#193,#194,#195,#196,#197,#198)
    ,(#199,#200,#201,#202,#203,#204,#205,#206,#207,#208,#209,#210
)),.UNSPECIFIED.,.F.,.F.,.F.) B_SPLINE_SURFACE_WITH_KNOTS((3,3),(12,12),
  (0.,27.208327188088),(992.81254031088,1.020020867499E+03),
.PIECEWISE_BEZIER_KNOTS.) GEOMETRIC_REPRESENTATION_ITEM() 
RATIONAL_B_SPLINE_SURFACE((
    (1.,1.,1.,1.,1.,1.,1.,1.,1.,1.,1.,1.)
    ,(0.843391528075,0.857268412133,0.868023070896,0.876018352361
      ,0.881187195502,0.883700015447,0.883702568045,0.88119463976
      ,0.876031203999,0.868041405353,0.857292245756,0.843421489334)
,(1.,1.,1.,1.,1.,1.,1.,1.,1.,1.,1.,1.
))) REPRESENTATION_ITEM('') SURFACE() );
#175 = CARTESIAN_POINT('',(91.807798349124,31.650103673208,
    29.238103371857));
#176 = CARTESIAN_POINT('',(91.458518351165,34.901022649022,
    28.489069999038));
#177 = CARTESIAN_POINT('',(90.647598294313,37.97912685504,
    27.895010644897));
#178 = CARTESIAN_POINT('',(89.444683953904,40.888676687982,
    27.446485518866));
#179 = CARTESIAN_POINT('',(87.880123614697,43.635064046966,
    27.15275379179));
#180 = CARTESIAN_POINT('',(85.957260842979,46.182765884212,
    27.009605753645));
#181 = CARTESIAN_POINT('',(83.687938999505,48.452698363495,
    27.009460294243));
#182 = CARTESIAN_POINT('',(81.140722077442,50.376252631987,
    27.152330309898));
#183 = CARTESIAN_POINT('',(78.394703153217,51.941516932014,
    27.445758600136));
#184 = CARTESIAN_POINT('',(75.485476058145,53.145153831574,
    27.893985741546));
#185 = CARTESIAN_POINT('',(72.407703548189,53.956856869491,
    28.487756904007));
#186 = CARTESIAN_POINT('',(69.157123840722,54.307043081687,
    29.236486122548));
#187 = CARTESIAN_POINT('',(87.5,31.644656559731,20.));
#188 = CARTESIAN_POINT('',(86.929362459494,34.126371201649,20.));
#189 = CARTESIAN_POINT('',(86.137854446117,36.43570937972,
    19.999999999999));
#190 = CARTESIAN_POINT('',(85.141666585562,38.668471159043,
    20.000000000001));
#191 = CARTESIAN_POINT('',(83.89020129359,40.867523722498,
    19.999999999998));
#192 = CARTESIAN_POINT('',(82.321961762645,42.955383362979,
    20.000000000003));
#193 = CARTESIAN_POINT('',(80.459619981906,44.81823153439,
    19.999999999997));
#194 = CARTESIAN_POINT('',(78.37211823363,46.387062950705,
    20.000000000002));
#195 = CARTESIAN_POINT('',(76.173247882309,47.639107222932,
    19.999999999999));
#196 = CARTESIAN_POINT('',(73.940586279649,48.63577070399,20.));
#197 = CARTESIAN_POINT('',(71.631440914137,49.427678395422,20.));
#198 = CARTESIAN_POINT('',(69.150103701945,49.998746933198,20.));
#199 = CARTESIAN_POINT('',(77.306887419851,31.631767599661,20.));
#200 = CARTESIAN_POINT('',(77.309986472379,32.432271752576,20.));
#201 = CARTESIAN_POINT('',(77.286103911969,33.369439120838,
    19.999999999999));
#202 = CARTESIAN_POINT('',(77.128285913671,34.543961393937,
    20.000000000002));
#203 = CARTESIAN_POINT('',(76.659911599619,35.894631993677,
    19.999999999997));
#204 = CARTESIAN_POINT('',(75.840027117136,37.20679953493,
    20.000000000003));
#205 = CARTESIAN_POINT('',(74.709433938828,38.337905163898,
    19.999999999997));
#206 = CARTESIAN_POINT('',(73.397486214988,39.158404988673,
    20.000000000002));
#207 = CARTESIAN_POINT('',(72.046778949996,39.627462477142,
    19.999999999999));
#208 = CARTESIAN_POINT('',(70.87188159269,39.785813276483,20.));
#209 = CARTESIAN_POINT('',(69.934269397911,39.809940253225,20.));
#210 = CARTESIAN_POINT('',(69.133496621296,39.806894055418,20.));
#211 = DEFINITIONAL_REPRESENTATION('',(#212),#216);
#212 = LINE('',#213,#214);
#213 = CARTESIAN_POINT('',(0.,0.));
#214 = VECTOR('',#215,1.);
#215 = DIRECTION('',(0.,1.));
#216 = ( GEOMETRIC_REPRESENTATION_CONTEXT(2) 
PARAMETRIC_REPRESENTATION_CONTEXT() REPRESENTATION_CONTEXT('2D SPACE',''
  ) );
#217 = ORIENTED_EDGE('',*,*,#218,.T.);
#218 = EDGE_CURVE('',#141,#219,#221,.T.);
#219 = VERTEX_POINT('',#220);
#220 = CARTESIAN_POINT('',(101.48922974465,41.331535068734,50.));
#221 = SURFACE_CURVE('',#222,(#226,#233),.PCURVE_S1.);
#222 = LINE('',#223,#224);
#223 = CARTESIAN_POINT('',(90.933551133294,30.775856457378,
    27.363274167273));
#224 = VECTOR('',#225,1.);
#225 = DIRECTION('',(0.389281620635,0.389281620635,0.834817129479));
#226 = PCURVE('',#44,#227);
#227 = DEFINITIONAL_REPRESENTATION('',(#228),#232);
#228 = LINE('',#229,#230);
#229 = CARTESIAN_POINT('',(-1.391226640787,0.));
#230 = VECTOR('',#231,1.);
#231 = DIRECTION('',(-0.,1.));
#232 = ( GEOMETRIC_REPRESENTATION_CONTEXT(2) 
PARAMETRIC_REPRESENTATION_CONTEXT() REPRESENTATION_CONTEXT('2D SPACE',''
  ) );
#233 = PCURVE('',#234,#239);
#234 = PLANE('',#235);
#235 = AXIS2_PLACEMENT_3D('',#236,#237,#238);
#236 = CARTESIAN_POINT('',(87.5,-50.,20.));
#237 = DIRECTION('',(-0.906307787037,0.,0.422618261741));
#238 = DIRECTION('',(0.,1.,0.));
#239 = DEFINITIONAL_REPRESENTATION('',(#240),#244);
#240 = LINE('',#241,#242);
#241 = CARTESIAN_POINT('',(80.775856457378,-8.124474127436));
#242 = VECTOR('',#243,1.);
#243 = DIRECTION('',(0.389281620635,-0.921118787039));
#244 = ( GEOMETRIC_REPRESENTATION_CONTEXT(2) 
PARAMETRIC_REPRESENTATION_CONTEXT() REPRESENTATION_CONTEXT('2D SPACE',''
  ) );
#245 = ORIENTED_EDGE('',*,*,#246,.F.);
#246 = EDGE_CURVE('',#24,#219,#247,.T.);
#247 = SURFACE_CURVE('',#248,(#253,#264),.PCURVE_S1.);
#248 = ELLIPSE('',#249,29.94667828103,25.);
#249 = AXIS2_PLACEMENT_3D('',#250,#251,#252);
#250 = CARTESIAN_POINT('',(73.904781770588,36.404781770588,50.));
#251 = DIRECTION('',(0.,-0.,-1.));
#252 = DIRECTION('',(0.707106781187,0.707106781187,-0.));
#253 = PCURVE('',#44,#254);
#254 = DEFINITIONAL_REPRESENTATION('',(#255),#263);
#255 = B_SPLINE_CURVE_WITH_KNOTS('',6,(#256,#257,#258,#259,#260,#261,
    #262),.UNSPECIFIED.,.F.,.F.,(7,7),(5.587571986786,6.978798627573),
  .PIECEWISE_BEZIER_KNOTS.);
#256 = CARTESIAN_POINT('',(8.881784197001E-16,27.115789833941));
#257 = CARTESIAN_POINT('',(-0.231871106798,29.565613936511));
#258 = CARTESIAN_POINT('',(-0.463742213596,31.198897507817));
#259 = CARTESIAN_POINT('',(-0.695613320393,31.778679100355));
#260 = CARTESIAN_POINT('',(-0.927484427191,31.198897507817));
#261 = CARTESIAN_POINT('',(-1.159355533989,29.565613936511));
#262 = CARTESIAN_POINT('',(-1.391226640787,27.115789833941));
#263 = ( GEOMETRIC_REPRESENTATION_CONTEXT(2) 
PARAMETRIC_REPRESENTATION_CONTEXT() REPRESENTATION_CONTEXT('2D SPACE',''
  ) );
#264 = PCURVE('',#71,#265);
#265 = DEFINITIONAL_REPRESENTATION('',(#266),#274);
#266 = ( BOUNDED_CURVE() B_SPLINE_CURVE(2,(#267,#268,#269,#270,#271,#272
,#273),.UNSPECIFIED.,.T.,.F.) B_SPLINE_CURVE_WITH_KNOTS((1,2,2,2,2,1),(
    -2.094395102393,0.,2.094395102393,4.188790204786,6.28318530718,
8.377580409573),.UNSPECIFIED.) CURVE() GEOMETRIC_REPRESENTATION_ITEM() 
RATIONAL_B_SPLINE_CURVE((1.,0.5,1.,0.5,1.,0.5,1.)) REPRESENTATION_ITEM(
  '') );
#267 = CARTESIAN_POINT('',(95.080281057116,57.580281057116));
#268 = CARTESIAN_POINT('',(125.6989028419,26.961659272326));
#269 = CARTESIAN_POINT('',(78.626343019719,10.507721234929));
#270 = CARTESIAN_POINT('',(31.553783197532,-5.946216802468));
#271 = CARTESIAN_POINT('',(48.007721234929,41.126343019719));
#272 = CARTESIAN_POINT('',(64.461659272326,88.198902841905));
#273 = CARTESIAN_POINT('',(95.080281057116,57.580281057116));
#274 = ( GEOMETRIC_REPRESENTATION_CONTEXT(2) 
PARAMETRIC_REPRESENTATION_CONTEXT() REPRESENTATION_CONTEXT('2D SPACE',''
  ) );
#275 = ADVANCED_FACE('',(#276),#124,.F.);
#276 = FACE_BOUND('',#277,.F.);
#277 = EDGE_LOOP('',(#278,#304,#332,#391));
#278 = ORIENTED_EDGE('',*,*,#279,.T.);
#279 = EDGE_CURVE('',#22,#280,#282,.T.);
#280 = VERTEX_POINT('',#281);
#281 = CARTESIAN_POINT('',(69.15010574375,39.80687582708,20.));
#282 = SURFACE_CURVE('',#283,(#288,#294),.PCURVE_S1.);
#283 = CIRCLE('',#284,16.);
#284 = AXIS2_PLACEMENT_3D('',#285,#286,#287);
#285 = CARTESIAN_POINT('',(69.15010574375,39.80687582708,36.));
#286 = DIRECTION('',(-1.,0.,0.));
#287 = DIRECTION('',(0.,0.906307787037,-0.422618261741));
#288 = PCURVE('',#124,#289);
#289 = DEFINITIONAL_REPRESENTATION('',(#290),#293);
#290 = B_SPLINE_CURVE_WITH_KNOTS('',1,(#291,#292),.UNSPECIFIED.,.F.,.F.,
  (2,2),(0.,1.134464013796),.PIECEWISE_BEZIER_KNOTS.);
#291 = CARTESIAN_POINT('',(0.,-4.307800419667));
#292 = CARTESIAN_POINT('',(1.134464013796,-4.307800419667));
#293 = ( GEOMETRIC_REPRESENTATION_CONTEXT(2) 
PARAMETRIC_REPRESENTATION_CONTEXT() REPRESENTATION_CONTEXT('2D SPACE',''
  ) );
#294 = PCURVE('',#174,#295);
#295 = DEFINITIONAL_REPRESENTATION('',(#296),#303);
#296 = B_SPLINE_CURVE_WITH_KNOTS('',5,(#297,#298,#299,#300,#301,#302),
  .UNSPECIFIED.,.F.,.F.,(6,6),(0.,1.134464013796),
  .PIECEWISE_BEZIER_KNOTS.);
#297 = CARTESIAN_POINT('',(-1.7763568394E-15,1.020020867499E+03));
#298 = CARTESIAN_POINT('',(5.745319219744,1.020020867499E+03));
#299 = CARTESIAN_POINT('',(11.006708373304,1.020020867499E+03));
#300 = CARTESIAN_POINT('',(16.196112079999,1.020020867499E+03));
#301 = CARTESIAN_POINT('',(21.463007968345,1.020020867499E+03));
#302 = CARTESIAN_POINT('',(27.208327188088,1.020020867499E+03));
#303 = ( GEOMETRIC_REPRESENTATION_CONTEXT(2) 
PARAMETRIC_REPRESENTATION_CONTEXT() REPRESENTATION_CONTEXT('2D SPACE',''
  ) );
#304 = ORIENTED_EDGE('',*,*,#305,.T.);
#305 = EDGE_CURVE('',#280,#306,#308,.T.);
#306 = VERTEX_POINT('',#307);
#307 = CARTESIAN_POINT('',(-69.15010574375,39.80687582708,20.));
#308 = SURFACE_CURVE('',#309,(#313,#320),.PCURVE_S1.);
#309 = LINE('',#310,#311);
#310 = CARTESIAN_POINT('',(64.842305324084,39.80687582708,20.));
#311 = VECTOR('',#312,1.);
#312 = DIRECTION('',(-1.,0.,0.));
#313 = PCURVE('',#124,#314);
#314 = DEFINITIONAL_REPRESENTATION('',(#315),#319);
#315 = LINE('',#316,#317);
#316 = CARTESIAN_POINT('',(1.134464013796,0.));
#317 = VECTOR('',#318,1.);
#318 = DIRECTION('',(0.,1.));
#319 = ( GEOMETRIC_REPRESENTATION_CONTEXT(2) 
PARAMETRIC_REPRESENTATION_CONTEXT() REPRESENTATION_CONTEXT('2D SPACE',''
  ) );
#320 = PCURVE('',#321,#326);
#321 = PLANE('',#322);
#322 = AXIS2_PLACEMENT_3D('',#323,#324,#325);
#323 = CARTESIAN_POINT('',(0.,0.,20.));
#324 = DIRECTION('',(0.,0.,1.));
#325 = DIRECTION('',(1.,0.,-0.));
#326 = DEFINITIONAL_REPRESENTATION('',(#327),#331);
#327 = LINE('',#328,#329);
#328 = CARTESIAN_POINT('',(64.842305324084,39.80687582708));
#329 = VECTOR('',#330,1.);
#330 = DIRECTION('',(-1.,0.));
#331 = ( GEOMETRIC_REPRESENTATION_CONTEXT(2) 
PARAMETRIC_REPRESENTATION_CONTEXT() REPRESENTATION_CONTEXT('2D SPACE',''
  ) );
#332 = ORIENTED_EDGE('',*,*,#333,.F.);
#333 = EDGE_CURVE('',#83,#306,#334,.T.);
#334 = SURFACE_CURVE('',#335,(#340,#346),.PCURVE_S1.);
#335 = CIRCLE('',#336,16.);
#336 = AXIS2_PLACEMENT_3D('',#337,#338,#339);
#337 = CARTESIAN_POINT('',(-69.15010574375,39.80687582708,36.));
#338 = DIRECTION('',(-1.,0.,0.));
#339 = DIRECTION('',(0.,0.906307787037,-0.422618261741));
#340 = PCURVE('',#124,#341);
#341 = DEFINITIONAL_REPRESENTATION('',(#342),#345);
#342 = B_SPLINE_CURVE_WITH_KNOTS('',1,(#343,#344),.UNSPECIFIED.,.F.,.F.,
  (2,2),(0.,1.134464013796),.PIECEWISE_BEZIER_KNOTS.);
#343 = CARTESIAN_POINT('',(0.,133.99241106783));
#344 = CARTESIAN_POINT('',(1.134464013796,133.99241106783));
#345 = ( GEOMETRIC_REPRESENTATION_CONTEXT(2) 
PARAMETRIC_REPRESENTATION_CONTEXT() REPRESENTATION_CONTEXT('2D SPACE',''
  ) );
#346 = PCURVE('',#347,#384);
#347 = ( BOUNDED_SURFACE() B_SPLINE_SURFACE(2,11,(
    (#348,#349,#350,#351,#352,#353,#354,#355,#356,#357,#358,#359)
    ,(#360,#361,#362,#363,#364,#365,#366,#367,#368,#369,#370,#371)
    ,(#372,#373,#374,#375,#376,#377,#378,#379,#380,#381,#382,#383
)),.UNSPECIFIED.,.F.,.F.,.F.) B_SPLINE_SURFACE_WITH_KNOTS((3,3),(12,12),
  (0.,27.208327188088),(646.18171255415,673.39003974224),
.PIECEWISE_BEZIER_KNOTS.) GEOMETRIC_REPRESENTATION_ITEM() 
RATIONAL_B_SPLINE_SURFACE((
    (1.,1.,1.,0.999999999999,1.000000000002,0.999999999998
      ,1.000000000002,0.999999999998,1.000000000001,1.,1.,1.)
    ,(0.843391528075,0.857268412133,0.868023070896,0.876018352361
      ,0.881187195503,0.883700015446,0.883702568046,0.881194639759
      ,0.876031204,0.868041405353,0.857292245756,0.843421489334)
    ,(1.,1.,1.,0.999999999999,1.000000000002,0.999999999998
      ,1.000000000002,0.999999999998,1.000000000001,1.,1.,1.
))) REPRESENTATION_ITEM('') SURFACE() );
#348 = CARTESIAN_POINT('',(-69.1501036732,54.307798349124,
    29.238103371857));
#349 = CARTESIAN_POINT('',(-72.40102264902,53.958518351166,
    28.489069999038));
#350 = CARTESIAN_POINT('',(-75.47912685504,53.14759829431,
    27.895010644896));
#351 = CARTESIAN_POINT('',(-78.38867668798,51.944683953911,
    27.446485518868));
#352 = CARTESIAN_POINT('',(-81.13506404696,50.380123614689,
    27.152753791787));
#353 = CARTESIAN_POINT('',(-83.68276588421,48.457260842985,
    27.009605753648));
#354 = CARTESIAN_POINT('',(-85.95269836348,46.187938999503,
    27.00946029424));
#355 = CARTESIAN_POINT('',(-87.87625263199,43.640722077442,
    27.152330309901));
#356 = CARTESIAN_POINT('',(-89.441516932,40.894703153219,27.445758600134
    ));
#357 = CARTESIAN_POINT('',(-90.64515383157,37.985476058144,
    27.893985741547));
#358 = CARTESIAN_POINT('',(-91.45685686949,34.907703548189,
    28.487756904006));
#359 = CARTESIAN_POINT('',(-91.80704308168,31.657123840722,
    29.236486122548));
#360 = CARTESIAN_POINT('',(-69.14465655973,50.,20.));
#361 = CARTESIAN_POINT('',(-71.62637120164,49.429362459495,20.));
#362 = CARTESIAN_POINT('',(-73.93570937972,48.637854446117,20.));
#363 = CARTESIAN_POINT('',(-76.16847115904,47.641666585563,20.));
#364 = CARTESIAN_POINT('',(-78.36752372249,46.390201293589,
    20.000000000001));
#365 = CARTESIAN_POINT('',(-80.45538336298,44.821961762645,
    19.999999999999));
#366 = CARTESIAN_POINT('',(-82.31823153438,42.959619981907,
    20.000000000001));
#367 = CARTESIAN_POINT('',(-83.8870629507,40.872118233629,
    19.999999999999));
#368 = CARTESIAN_POINT('',(-85.13910722293,38.67324788231,
    20.000000000001));
#369 = CARTESIAN_POINT('',(-86.13577070399,36.440586279649,20.));
#370 = CARTESIAN_POINT('',(-86.92767839542,34.131440914137,20.));
#371 = CARTESIAN_POINT('',(-87.49874693319,31.650103701945,20.));
#372 = CARTESIAN_POINT('',(-69.13176759966,39.806887419851,20.));
#373 = CARTESIAN_POINT('',(-69.93227175257,39.809986472379,20.));
#374 = CARTESIAN_POINT('',(-70.86943912084,39.786103911969,
    20.000000000001));
#375 = CARTESIAN_POINT('',(-72.04396139393,39.62828591367,
    19.999999999999));
#376 = CARTESIAN_POINT('',(-73.39463199368,39.15991159962,
    20.000000000002));
#377 = CARTESIAN_POINT('',(-74.70679953492,38.340027117133,
    19.999999999997));
#378 = CARTESIAN_POINT('',(-75.8379051639,37.209433938831,
    20.000000000003));
#379 = CARTESIAN_POINT('',(-76.65840498867,35.897486214984,
    19.999999999998));
#380 = CARTESIAN_POINT('',(-77.12746247714,34.546778949999,
    20.000000000001));
#381 = CARTESIAN_POINT('',(-77.28581327648,33.371881592688,
    19.999999999999));
#382 = CARTESIAN_POINT('',(-77.30994025322,32.434269397912,20.));
#383 = CARTESIAN_POINT('',(-77.30689405541,31.633496621296,20.));
#384 = DEFINITIONAL_REPRESENTATION('',(#385),#390);
#385 = B_SPLINE_CURVE_WITH_KNOTS('',3,(#386,#387,#388,#389),
  .UNSPECIFIED.,.F.,.F.,(4,4),(0.,1.134464013796),
  .PIECEWISE_BEZIER_KNOTS.);
#386 = CARTESIAN_POINT('',(0.,646.18171255415));
#387 = CARTESIAN_POINT('',(9.574693835943,646.18171255415));
#388 = CARTESIAN_POINT('',(17.633633352146,646.18171255415));
#389 = CARTESIAN_POINT('',(27.208327188088,646.18171255415));
#390 = ( GEOMETRIC_REPRESENTATION_CONTEXT(2) 
PARAMETRIC_REPRESENTATION_CONTEXT() REPRESENTATION_CONTEXT('2D SPACE',''
  ) );
#391 = ORIENTED_EDGE('',*,*,#110,.F.);
#392 = ADVANCED_FACE('',(#393,#562),#71,.T.);
#393 = FACE_BOUND('',#394,.T.);
#394 = EDGE_LOOP('',(#395,#396,#397,#418,#451,#477,#510,#536));
#395 = ORIENTED_EDGE('',*,*,#56,.F.);
#396 = ORIENTED_EDGE('',*,*,#246,.T.);
#397 = ORIENTED_EDGE('',*,*,#398,.F.);
#398 = EDGE_CURVE('',#399,#219,#401,.T.);
#399 = VERTEX_POINT('',#400);
#400 = CARTESIAN_POINT('',(101.48922974465,-41.33153506873,50.));
#401 = SURFACE_CURVE('',#402,(#406,#412),.PCURVE_S1.);
#402 = LINE('',#403,#404);
#403 = CARTESIAN_POINT('',(101.48922974465,-25.,50.));
#404 = VECTOR('',#405,1.);
#405 = DIRECTION('',(0.,1.,-0.));
#406 = PCURVE('',#71,#407);
#407 = DEFINITIONAL_REPRESENTATION('',(#408),#411);
#408 = B_SPLINE_CURVE_WITH_KNOTS('',1,(#409,#410),.UNSPECIFIED.,.F.,.F.,
  (2,2),(-38.98922974465,88.98922974465),.PIECEWISE_BEZIER_KNOTS.);
#409 = CARTESIAN_POINT('',(101.48922974465,-63.98922974465));
#410 = CARTESIAN_POINT('',(101.48922974465,63.98922974465));
#411 = ( GEOMETRIC_REPRESENTATION_CONTEXT(2) 
PARAMETRIC_REPRESENTATION_CONTEXT() REPRESENTATION_CONTEXT('2D SPACE',''
  ) );
#412 = PCURVE('',#234,#413);
#413 = DEFINITIONAL_REPRESENTATION('',(#414),#417);
#414 = B_SPLINE_CURVE_WITH_KNOTS('',1,(#415,#416),.UNSPECIFIED.,.F.,.F.,
  (2,2),(-38.98922974465,88.98922974465),.PIECEWISE_BEZIER_KNOTS.);
#415 = CARTESIAN_POINT('',(-13.98922974465,-33.10133756887));
#416 = CARTESIAN_POINT('',(113.98922974465,-33.10133756887));
#417 = ( GEOMETRIC_REPRESENTATION_CONTEXT(2) 
PARAMETRIC_REPRESENTATION_CONTEXT() REPRESENTATION_CONTEXT('2D SPACE',''
  ) );
#418 = ORIENTED_EDGE('',*,*,#419,.F.);
#419 = EDGE_CURVE('',#420,#399,#422,.T.);
#420 = VERTEX_POINT('',#421);
#421 = CARTESIAN_POINT('',(78.831535068734,-63.98922974465,50.));
#422 = SURFACE_CURVE('',#423,(#428,#435),.PCURVE_S1.);
#423 = ELLIPSE('',#424,29.94667828103,25.);
#424 = AXIS2_PLACEMENT_3D('',#425,#426,#427);
#425 = CARTESIAN_POINT('',(73.904781770588,-36.40478177058,50.));
#426 = DIRECTION('',(0.,0.,1.));
#427 = DIRECTION('',(0.707106781187,-0.707106781187,0.));
#428 = PCURVE('',#71,#429);
#429 = DEFINITIONAL_REPRESENTATION('',(#430),#434);
#430 = ELLIPSE('',#431,29.94667828103,25.);
#431 = AXIS2_PLACEMENT_2D('',#432,#433);
#432 = CARTESIAN_POINT('',(73.904781770588,-36.40478177058));
#433 = DIRECTION('',(0.707106781187,-0.707106781187));
#434 = ( GEOMETRIC_REPRESENTATION_CONTEXT(2) 
PARAMETRIC_REPRESENTATION_CONTEXT() REPRESENTATION_CONTEXT('2D SPACE',''
  ) );
#435 = PCURVE('',#436,#441);
#436 = CYLINDRICAL_SURFACE('',#437,25.);
#437 = AXIS2_PLACEMENT_3D('',#438,#439,#440);
#438 = CARTESIAN_POINT('',(68.275856457378,-30.77585645737,
    37.928730710791));
#439 = DIRECTION('',(0.389281620635,-0.389281620635,0.834817129479));
#440 = DIRECTION('',(0.,-0.906307787037,-0.422618261741));
#441 = DEFINITIONAL_REPRESENTATION('',(#442),#450);
#442 = B_SPLINE_CURVE_WITH_KNOTS('',6,(#443,#444,#445,#446,#447,#448,
    #449),.UNSPECIFIED.,.F.,.F.,(7,7),(5.587571986786,6.978798627573),
  .PIECEWISE_BEZIER_KNOTS.);
#443 = CARTESIAN_POINT('',(-8.881784197001E-16,27.115789833941));
#444 = CARTESIAN_POINT('',(0.231871106798,29.565613936511));
#445 = CARTESIAN_POINT('',(0.463742213596,31.198897507816));
#446 = CARTESIAN_POINT('',(0.695613320393,31.778679100356));
#447 = CARTESIAN_POINT('',(0.927484427191,31.198897507816));
#448 = CARTESIAN_POINT('',(1.159355533989,29.565613936511));
#449 = CARTESIAN_POINT('',(1.391226640787,27.115789833941));
#450 = ( GEOMETRIC_REPRESENTATION_CONTEXT(2) 
PARAMETRIC_REPRESENTATION_CONTEXT() REPRESENTATION_CONTEXT('2D SPACE',''
  ) );
#451 = ORIENTED_EDGE('',*,*,#452,.F.);
#452 = EDGE_CURVE('',#453,#420,#455,.T.);
#453 = VERTEX_POINT('',#454);
#454 = CARTESIAN_POINT('',(-78.83153506873,-63.98922974465,50.));
#455 = SURFACE_CURVE('',#456,(#460,#466),.PCURVE_S1.);
#456 = LINE('',#457,#458);
#457 = CARTESIAN_POINT('',(-43.75,-63.98922974465,50.));
#458 = VECTOR('',#459,1.);
#459 = DIRECTION('',(1.,0.,0.));
#460 = PCURVE('',#71,#461);
#461 = DEFINITIONAL_REPRESENTATION('',(#462),#465);
#462 = B_SPLINE_CURVE_WITH_KNOTS('',1,(#463,#464),.UNSPECIFIED.,.F.,.F.,
  (2,2),(-57.73922974465,145.23922974465),.PIECEWISE_BEZIER_KNOTS.);
#463 = CARTESIAN_POINT('',(-101.4892297446,-63.98922974465));
#464 = CARTESIAN_POINT('',(101.48922974465,-63.98922974465));
#465 = ( GEOMETRIC_REPRESENTATION_CONTEXT(2) 
PARAMETRIC_REPRESENTATION_CONTEXT() REPRESENTATION_CONTEXT('2D SPACE',''
  ) );
#466 = PCURVE('',#467,#472);
#467 = PLANE('',#468);
#468 = AXIS2_PLACEMENT_3D('',#469,#470,#471);
#469 = CARTESIAN_POINT('',(-87.5,-50.,20.));
#470 = DIRECTION('',(0.,0.906307787037,0.422618261741));
#471 = DIRECTION('',(1.,0.,0.));
#472 = DEFINITIONAL_REPRESENTATION('',(#473),#476);
#473 = B_SPLINE_CURVE_WITH_KNOTS('',1,(#474,#475),.UNSPECIFIED.,.F.,.F.,
  (2,2),(-57.73922974465,145.23922974465),.PIECEWISE_BEZIER_KNOTS.);
#474 = CARTESIAN_POINT('',(-13.98922974465,-33.10133756887));
#475 = CARTESIAN_POINT('',(188.98922974465,-33.10133756887));
#476 = ( GEOMETRIC_REPRESENTATION_CONTEXT(2) 
PARAMETRIC_REPRESENTATION_CONTEXT() REPRESENTATION_CONTEXT('2D SPACE',''
  ) );
#477 = ORIENTED_EDGE('',*,*,#478,.F.);
#478 = EDGE_CURVE('',#479,#453,#481,.T.);
#479 = VERTEX_POINT('',#480);
#480 = CARTESIAN_POINT('',(-101.4892297446,-41.33153506873,50.));
#481 = SURFACE_CURVE('',#482,(#487,#494),.PCURVE_S1.);
#482 = ELLIPSE('',#483,29.94667828103,25.);
#483 = AXIS2_PLACEMENT_3D('',#484,#485,#486);
#484 = CARTESIAN_POINT('',(-73.90478177058,-36.40478177058,50.));
#485 = DIRECTION('',(0.,0.,1.));
#486 = DIRECTION('',(-0.707106781187,-0.707106781187,0.));
#487 = PCURVE('',#71,#488);
#488 = DEFINITIONAL_REPRESENTATION('',(#489),#493);
#489 = ELLIPSE('',#490,29.94667828103,25.);
#490 = AXIS2_PLACEMENT_2D('',#491,#492);
#491 = CARTESIAN_POINT('',(-73.90478177058,-36.40478177058));
#492 = DIRECTION('',(-0.707106781187,-0.707106781187));
#493 = ( GEOMETRIC_REPRESENTATION_CONTEXT(2) 
PARAMETRIC_REPRESENTATION_CONTEXT() REPRESENTATION_CONTEXT('2D SPACE',''
  ) );
#494 = PCURVE('',#495,#500);
#495 = CYLINDRICAL_SURFACE('',#496,25.);
#496 = AXIS2_PLACEMENT_3D('',#497,#498,#499);
#497 = CARTESIAN_POINT('',(-68.27585645737,-30.77585645737,
    37.928730710791));
#498 = DIRECTION('',(-0.389281620635,-0.389281620635,0.834817129479));
#499 = DIRECTION('',(-0.906307787037,0.,-0.422618261741));
#500 = DEFINITIONAL_REPRESENTATION('',(#501),#509);
#501 = B_SPLINE_CURVE_WITH_KNOTS('',6,(#502,#503,#504,#505,#506,#507,
    #508),.UNSPECIFIED.,.F.,.F.,(7,7),(5.587571986786,6.978798627573),
  .PIECEWISE_BEZIER_KNOTS.);
#502 = CARTESIAN_POINT('',(0.,27.115789833941));
#503 = CARTESIAN_POINT('',(0.231871106798,29.565613936511));
#504 = CARTESIAN_POINT('',(0.463742213596,31.198897507817));
#505 = CARTESIAN_POINT('',(0.695613320393,31.778679100354));
#506 = CARTESIAN_POINT('',(0.927484427191,31.198897507817));
#507 = CARTESIAN_POINT('',(1.159355533989,29.565613936511));
#508 = CARTESIAN_POINT('',(1.391226640787,27.115789833941));
#509 = ( GEOMETRIC_REPRESENTATION_CONTEXT(2) 
PARAMETRIC_REPRESENTATION_CONTEXT() REPRESENTATION_CONTEXT('2D SPACE',''
  ) );
#510 = ORIENTED_EDGE('',*,*,#511,.F.);
#511 = EDGE_CURVE('',#512,#479,#514,.T.);
#512 = VERTEX_POINT('',#513);
#513 = CARTESIAN_POINT('',(-101.4892297446,41.331535068734,50.));
#514 = SURFACE_CURVE('',#515,(#519,#525),.PCURVE_S1.);
#515 = LINE('',#516,#517);
#516 = CARTESIAN_POINT('',(-101.4892297446,25.,50.));
#517 = VECTOR('',#518,1.);
#518 = DIRECTION('',(0.,-1.,0.));
#519 = PCURVE('',#71,#520);
#520 = DEFINITIONAL_REPRESENTATION('',(#521),#524);
#521 = B_SPLINE_CURVE_WITH_KNOTS('',1,(#522,#523),.UNSPECIFIED.,.F.,.F.,
  (2,2),(-38.98922974465,88.98922974465),.PIECEWISE_BEZIER_KNOTS.);
#522 = CARTESIAN_POINT('',(-101.4892297446,63.98922974465));
#523 = CARTESIAN_POINT('',(-101.4892297446,-63.98922974465));
#524 = ( GEOMETRIC_REPRESENTATION_CONTEXT(2) 
PARAMETRIC_REPRESENTATION_CONTEXT() REPRESENTATION_CONTEXT('2D SPACE',''
  ) );
#525 = PCURVE('',#526,#531);
#526 = PLANE('',#527);
#527 = AXIS2_PLACEMENT_3D('',#528,#529,#530);
#528 = CARTESIAN_POINT('',(-87.5,50.,20.));
#529 = DIRECTION('',(0.906307787037,0.,0.422618261741));
#530 = DIRECTION('',(0.,-1.,0.));
#531 = DEFINITIONAL_REPRESENTATION('',(#532),#535);
#532 = B_SPLINE_CURVE_WITH_KNOTS('',1,(#533,#534),.UNSPECIFIED.,.F.,.F.,
  (2,2),(-38.98922974465,88.98922974465),.PIECEWISE_BEZIER_KNOTS.);
#533 = CARTESIAN_POINT('',(-13.98922974465,-33.10133756887));
#534 = CARTESIAN_POINT('',(113.98922974465,-33.10133756887));
#535 = ( GEOMETRIC_REPRESENTATION_CONTEXT(2) 
PARAMETRIC_REPRESENTATION_CONTEXT() REPRESENTATION_CONTEXT('2D SPACE',''
  ) );
#536 = ORIENTED_EDGE('',*,*,#537,.F.);
#537 = EDGE_CURVE('',#57,#512,#538,.T.);
#538 = SURFACE_CURVE('',#539,(#544,#551),.PCURVE_S1.);
#539 = ELLIPSE('',#540,29.94667828103,25.);
#540 = AXIS2_PLACEMENT_3D('',#541,#542,#543);
#541 = CARTESIAN_POINT('',(-73.90478177058,36.404781770588,50.));
#542 = DIRECTION('',(0.,0.,1.));
#543 = DIRECTION('',(-0.707106781187,0.707106781187,0.));
#544 = PCURVE('',#71,#545);
#545 = DEFINITIONAL_REPRESENTATION('',(#546),#550);
#546 = ELLIPSE('',#547,29.94667828103,25.);
#547 = AXIS2_PLACEMENT_2D('',#548,#549);
#548 = CARTESIAN_POINT('',(-73.90478177058,36.404781770588));
#549 = DIRECTION('',(-0.707106781187,0.707106781187));
#550 = ( GEOMETRIC_REPRESENTATION_CONTEXT(2) 
PARAMETRIC_REPRESENTATION_CONTEXT() REPRESENTATION_CONTEXT('2D SPACE',''
  ) );
#551 = PCURVE('',#98,#552);
#552 = DEFINITIONAL_REPRESENTATION('',(#553),#561);
#553 = B_SPLINE_CURVE_WITH_KNOTS('',6,(#554,#555,#556,#557,#558,#559,
    #560),.UNSPECIFIED.,.F.,.F.,(7,7),(5.587571986786,6.978798627573),
  .PIECEWISE_BEZIER_KNOTS.);
#554 = CARTESIAN_POINT('',(-8.881784197001E-16,27.115789833941));
#555 = CARTESIAN_POINT('',(0.231871106798,29.565613936511));
#556 = CARTESIAN_POINT('',(0.463742213596,31.198897507816));
#557 = CARTESIAN_POINT('',(0.695613320393,31.778679100356));
#558 = CARTESIAN_POINT('',(0.927484427191,31.198897507816));
#559 = CARTESIAN_POINT('',(1.159355533989,29.565613936511));
#560 = CARTESIAN_POINT('',(1.391226640787,27.115789833941));
#561 = ( GEOMETRIC_REPRESENTATION_CONTEXT(2) 
PARAMETRIC_REPRESENTATION_CONTEXT() REPRESENTATION_CONTEXT('2D SPACE',''
  ) );
#562 = FACE_BOUND('',#563,.T.);
#563 = EDGE_LOOP('',(#564,#594,#622,#650));
#564 = ORIENTED_EDGE('',*,*,#565,.T.);
#565 = EDGE_CURVE('',#566,#568,#570,.T.);
#566 = VERTEX_POINT('',#567);
#567 = CARTESIAN_POINT('',(107.5,70.,50.));
#568 = VERTEX_POINT('',#569);
#569 = CARTESIAN_POINT('',(-107.5,70.,50.));
#570 = SURFACE_CURVE('',#571,(#575,#582),.PCURVE_S1.);
#571 = LINE('',#572,#573);
#572 = CARTESIAN_POINT('',(107.5,70.,50.));
#573 = VECTOR('',#574,1.);
#574 = DIRECTION('',(-1.,0.,0.));
#575 = PCURVE('',#71,#576);
#576 = DEFINITIONAL_REPRESENTATION('',(#577),#581);
#577 = LINE('',#578,#579);
#578 = CARTESIAN_POINT('',(107.5,70.));
#579 = VECTOR('',#580,1.);
#580 = DIRECTION('',(-1.,0.));
#581 = ( GEOMETRIC_REPRESENTATION_CONTEXT(2) 
PARAMETRIC_REPRESENTATION_CONTEXT() REPRESENTATION_CONTEXT('2D SPACE',''
  ) );
#582 = PCURVE('',#583,#588);
#583 = PLANE('',#584);
#584 = AXIS2_PLACEMENT_3D('',#585,#586,#587);
#585 = CARTESIAN_POINT('',(107.5,70.,0.));
#586 = DIRECTION('',(0.,-1.,0.));
#587 = DIRECTION('',(-1.,0.,0.));
#588 = DEFINITIONAL_REPRESENTATION('',(#589),#593);
#589 = LINE('',#590,#591);
#590 = CARTESIAN_POINT('',(0.,-50.));
#591 = VECTOR('',#592,1.);
#592 = DIRECTION('',(1.,0.));
#593 = ( GEOMETRIC_REPRESENTATION_CONTEXT(2) 
PARAMETRIC_REPRESENTATION_CONTEXT() REPRESENTATION_CONTEXT('2D SPACE',''
  ) );
#594 = ORIENTED_EDGE('',*,*,#595,.T.);
#595 = EDGE_CURVE('',#568,#596,#598,.T.);
#596 = VERTEX_POINT('',#597);
#597 = CARTESIAN_POINT('',(-107.5,-70.,50.));
#598 = SURFACE_CURVE('',#599,(#603,#610),.PCURVE_S1.);
#599 = LINE('',#600,#601);
#600 = CARTESIAN_POINT('',(-107.5,70.,50.));
#601 = VECTOR('',#602,1.);
#602 = DIRECTION('',(0.,-1.,0.));
#603 = PCURVE('',#71,#604);
#604 = DEFINITIONAL_REPRESENTATION('',(#605),#609);
#605 = LINE('',#606,#607);
#606 = CARTESIAN_POINT('',(-107.5,70.));
#607 = VECTOR('',#608,1.);
#608 = DIRECTION('',(0.,-1.));
#609 = ( GEOMETRIC_REPRESENTATION_CONTEXT(2) 
PARAMETRIC_REPRESENTATION_CONTEXT() REPRESENTATION_CONTEXT('2D SPACE',''
  ) );
#610 = PCURVE('',#611,#616);
#611 = PLANE('',#612);
#612 = AXIS2_PLACEMENT_3D('',#613,#614,#615);
#613 = CARTESIAN_POINT('',(-107.5,70.,0.));
#614 = DIRECTION('',(1.,0.,-0.));
#615 = DIRECTION('',(0.,-1.,0.));
#616 = DEFINITIONAL_REPRESENTATION('',(#617),#621);
#617 = LINE('',#618,#619);
#618 = CARTESIAN_POINT('',(0.,-50.));
#619 = VECTOR('',#620,1.);
#620 = DIRECTION('',(1.,0.));
#621 = ( GEOMETRIC_REPRESENTATION_CONTEXT(2) 
PARAMETRIC_REPRESENTATION_CONTEXT() REPRESENTATION_CONTEXT('2D SPACE',''
  ) );
#622 = ORIENTED_EDGE('',*,*,#623,.T.);
#623 = EDGE_CURVE('',#596,#624,#626,.T.);
#624 = VERTEX_POINT('',#625);
#625 = CARTESIAN_POINT('',(107.5,-70.,50.));
#626 = SURFACE_CURVE('',#627,(#631,#638),.PCURVE_S1.);
#627 = LINE('',#628,#629);
#628 = CARTESIAN_POINT('',(-107.5,-70.,50.));
#629 = VECTOR('',#630,1.);
#630 = DIRECTION('',(1.,0.,0.));
#631 = PCURVE('',#71,#632);
#632 = DEFINITIONAL_REPRESENTATION('',(#633),#637);
#633 = LINE('',#634,#635);
#634 = CARTESIAN_POINT('',(-107.5,-70.));
#635 = VECTOR('',#636,1.);
#636 = DIRECTION('',(1.,0.));
#637 = ( GEOMETRIC_REPRESENTATION_CONTEXT(2) 
PARAMETRIC_REPRESENTATION_CONTEXT() REPRESENTATION_CONTEXT('2D SPACE',''
  ) );
#638 = PCURVE('',#639,#644);
#639 = PLANE('',#640);
#640 = AXIS2_PLACEMENT_3D('',#641,#642,#643);
#641 = CARTESIAN_POINT('',(-107.5,-70.,0.));
#642 = DIRECTION('',(0.,1.,0.));
#643 = DIRECTION('',(1.,0.,0.));
#644 = DEFINITIONAL_REPRESENTATION('',(#645),#649);
#645 = LINE('',#646,#647);
#646 = CARTESIAN_POINT('',(0.,-50.));
#647 = VECTOR('',#648,1.);
#648 = DIRECTION('',(1.,0.));
#649 = ( GEOMETRIC_REPRESENTATION_CONTEXT(2) 
PARAMETRIC_REPRESENTATION_CONTEXT() REPRESENTATION_CONTEXT('2D SPACE',''
  ) );
#650 = ORIENTED_EDGE('',*,*,#651,.T.);
#651 = EDGE_CURVE('',#624,#566,#652,.T.);
#652 = SURFACE_CURVE('',#653,(#657,#664),.PCURVE_S1.);
#653 = LINE('',#654,#655);
#654 = CARTESIAN_POINT('',(107.5,-70.,50.));
#655 = VECTOR('',#656,1.);
#656 = DIRECTION('',(0.,1.,0.));
#657 = PCURVE('',#71,#658);
#658 = DEFINITIONAL_REPRESENTATION('',(#659),#663);
#659 = LINE('',#660,#661);
#660 = CARTESIAN_POINT('',(107.5,-70.));
#661 = VECTOR('',#662,1.);
#662 = DIRECTION('',(0.,1.));
#663 = ( GEOMETRIC_REPRESENTATION_CONTEXT(2) 
PARAMETRIC_REPRESENTATION_CONTEXT() REPRESENTATION_CONTEXT('2D SPACE',''
  ) );
#664 = PCURVE('',#665,#670);
#665 = PLANE('',#666);
#666 = AXIS2_PLACEMENT_3D('',#667,#668,#669);
#667 = CARTESIAN_POINT('',(107.5,-70.,0.));
#668 = DIRECTION('',(-1.,0.,0.));
#669 = DIRECTION('',(0.,1.,0.));
#670 = DEFINITIONAL_REPRESENTATION('',(#671),#675);
#671 = LINE('',#672,#673);
#672 = CARTESIAN_POINT('',(0.,-50.));
#673 = VECTOR('',#674,1.);
#674 = DIRECTION('',(1.,0.));
#675 = ( GEOMETRIC_REPRESENTATION_CONTEXT(2) 
PARAMETRIC_REPRESENTATION_CONTEXT() REPRESENTATION_CONTEXT('2D SPACE',''
  ) );
#676 = ADVANCED_FACE('',(#677),#98,.F.);
#677 = FACE_BOUND('',#678,.F.);
#678 = EDGE_LOOP('',(#679,#680,#721,#742));
#679 = ORIENTED_EDGE('',*,*,#82,.F.);
#680 = ORIENTED_EDGE('',*,*,#681,.T.);
#681 = EDGE_CURVE('',#83,#682,#684,.T.);
#682 = VERTEX_POINT('',#683);
#683 = CARTESIAN_POINT('',(-91.80780041966,31.65010574375,
    29.238107812149));
#684 = SURFACE_CURVE('',#685,(#698,#714),.PCURVE_S1.);
#685 = ( BOUNDED_CURVE() B_SPLINE_CURVE(11,(#686,#687,#688,#689,#690,
    #691,#692,#693,#694,#695,#696,#697),.UNSPECIFIED.,.F.,.F.) 
B_SPLINE_CURVE_WITH_KNOTS((12,12),(646.18171255415,673.39003974224),
.PIECEWISE_BEZIER_KNOTS.) CURVE() GEOMETRIC_REPRESENTATION_ITEM() 
RATIONAL_B_SPLINE_CURVE((1.,1.,1.,0.999999999999,1.000000000002,
    0.999999999998,1.000000000002,0.999999999998,1.000000000001,1.,1.,1.
)) REPRESENTATION_ITEM('') );
#686 = CARTESIAN_POINT('',(-69.1501036732,54.307798349124,
    29.238103371857));
#687 = CARTESIAN_POINT('',(-72.40102264902,53.958518351166,
    28.489069999038));
#688 = CARTESIAN_POINT('',(-75.47912685504,53.14759829431,
    27.895010644896));
#689 = CARTESIAN_POINT('',(-78.38867668798,51.944683953911,
    27.446485518868));
#690 = CARTESIAN_POINT('',(-81.13506404696,50.380123614689,
    27.152753791787));
#691 = CARTESIAN_POINT('',(-83.68276588421,48.457260842985,
    27.009605753648));
#692 = CARTESIAN_POINT('',(-85.95269836348,46.187938999503,
    27.00946029424));
#693 = CARTESIAN_POINT('',(-87.87625263199,43.640722077442,
    27.152330309901));
#694 = CARTESIAN_POINT('',(-89.441516932,40.894703153219,27.445758600134
    ));
#695 = CARTESIAN_POINT('',(-90.64515383157,37.985476058144,
    27.893985741547));
#696 = CARTESIAN_POINT('',(-91.45685686949,34.907703548189,
    28.487756904006));
#697 = CARTESIAN_POINT('',(-91.80704308168,31.657123840722,
    29.236486122548));
#698 = PCURVE('',#98,#699);
#699 = DEFINITIONAL_REPRESENTATION('',(#700),#713);
#700 = B_SPLINE_CURVE_WITH_KNOTS('',11,(#701,#702,#703,#704,#705,#706,
    #707,#708,#709,#710,#711,#712),.UNSPECIFIED.,.F.,.F.,(12,12),(
    646.18171255415,673.39003974224),.PIECEWISE_BEZIER_KNOTS.);
#701 = CARTESIAN_POINT('',(-2.11883329981E-15,2.245796280862));
#702 = CARTESIAN_POINT('',(0.132648436473,2.750045114478));
#703 = CARTESIAN_POINT('',(0.259780484803,3.136687260699));
#704 = CARTESIAN_POINT('',(0.384365413464,3.426612835662));
#705 = CARTESIAN_POINT('',(0.508433205253,3.641463733049));
#706 = CARTESIAN_POINT('',(0.633041467066,3.765199969214));
#707 = CARTESIAN_POINT('',(0.757915755095,3.765316260918));
#708 = CARTESIAN_POINT('',(0.882524775408,3.641805858103));
#709 = CARTESIAN_POINT('',(1.006592979913,3.427119124542));
#710 = CARTESIAN_POINT('',(1.131176116158,3.137351696488));
#711 = CARTESIAN_POINT('',(1.258302578217,2.750902887229));
#712 = CARTESIAN_POINT('',(1.390940191064,2.24688498389));
#713 = ( GEOMETRIC_REPRESENTATION_CONTEXT(2) 
PARAMETRIC_REPRESENTATION_CONTEXT() REPRESENTATION_CONTEXT('2D SPACE',''
  ) );
#714 = PCURVE('',#347,#715);
#715 = DEFINITIONAL_REPRESENTATION('',(#716),#720);
#716 = LINE('',#717,#718);
#717 = CARTESIAN_POINT('',(0.,0.));
#718 = VECTOR('',#719,1.);
#719 = DIRECTION('',(0.,1.));
#720 = ( GEOMETRIC_REPRESENTATION_CONTEXT(2) 
PARAMETRIC_REPRESENTATION_CONTEXT() REPRESENTATION_CONTEXT('2D SPACE',''
  ) );
#721 = ORIENTED_EDGE('',*,*,#722,.T.);
#722 = EDGE_CURVE('',#682,#512,#723,.T.);
#723 = SURFACE_CURVE('',#724,(#728,#735),.PCURVE_S1.);
#724 = LINE('',#725,#726);
#725 = CARTESIAN_POINT('',(-90.93355113329,30.775856457378,
    27.363274167273));
#726 = VECTOR('',#727,1.);
#727 = DIRECTION('',(-0.389281620635,0.389281620635,0.834817129479));
#728 = PCURVE('',#98,#729);
#729 = DEFINITIONAL_REPRESENTATION('',(#730),#734);
#730 = LINE('',#731,#732);
#731 = CARTESIAN_POINT('',(1.391226640787,0.));
#732 = VECTOR('',#733,1.);
#733 = DIRECTION('',(0.,1.));
#734 = ( GEOMETRIC_REPRESENTATION_CONTEXT(2) 
PARAMETRIC_REPRESENTATION_CONTEXT() REPRESENTATION_CONTEXT('2D SPACE',''
  ) );
#735 = PCURVE('',#526,#736);
#736 = DEFINITIONAL_REPRESENTATION('',(#737),#741);
#737 = LINE('',#738,#739);
#738 = CARTESIAN_POINT('',(19.224143542622,-8.124474127437));
#739 = VECTOR('',#740,1.);
#740 = DIRECTION('',(-0.389281620635,-0.921118787039));
#741 = ( GEOMETRIC_REPRESENTATION_CONTEXT(2) 
PARAMETRIC_REPRESENTATION_CONTEXT() REPRESENTATION_CONTEXT('2D SPACE',''
  ) );
#742 = ORIENTED_EDGE('',*,*,#537,.F.);
#743 = ADVANCED_FACE('',(#744),#174,.F.);
#744 = FACE_BOUND('',#745,.F.);
#745 = EDGE_LOOP('',(#746,#775,#814,#815));
#746 = ORIENTED_EDGE('',*,*,#747,.T.);
#747 = EDGE_CURVE('',#141,#748,#750,.T.);
#748 = VERTEX_POINT('',#749);
#749 = CARTESIAN_POINT('',(77.30687582708,31.65010574375,20.));
#750 = SURFACE_CURVE('',#751,(#756,#764),.PCURVE_S1.);
#751 = CIRCLE('',#752,16.);
#752 = AXIS2_PLACEMENT_3D('',#753,#754,#755);
#753 = CARTESIAN_POINT('',(77.30687582708,31.65010574375,36.));
#754 = DIRECTION('',(0.,1.,0.));
#755 = DIRECTION('',(0.906307787037,-0.,-0.422618261741));
#756 = PCURVE('',#174,#757);
#757 = DEFINITIONAL_REPRESENTATION('',(#758),#763);
#758 = B_SPLINE_CURVE_WITH_KNOTS('',3,(#759,#760,#761,#762),
  .UNSPECIFIED.,.F.,.F.,(4,4),(0.,1.134464013796),
  .PIECEWISE_BEZIER_KNOTS.);
#759 = CARTESIAN_POINT('',(0.,992.81254031088));
#760 = CARTESIAN_POINT('',(9.574693835943,992.81254031088));
#761 = CARTESIAN_POINT('',(17.633633352146,992.81254031088));
#762 = CARTESIAN_POINT('',(27.208327188088,992.81254031088));
#763 = ( GEOMETRIC_REPRESENTATION_CONTEXT(2) 
PARAMETRIC_REPRESENTATION_CONTEXT() REPRESENTATION_CONTEXT('2D SPACE',''
  ) );
#764 = PCURVE('',#765,#770);
#765 = CYLINDRICAL_SURFACE('',#766,16.);
#766 = AXIS2_PLACEMENT_3D('',#767,#768,#769);
#767 = CARTESIAN_POINT('',(77.30687582708,-27.34230532408,36.));
#768 = DIRECTION('',(0.,1.,-0.));
#769 = DIRECTION('',(0.906307787037,-0.,-0.422618261741));
#770 = DEFINITIONAL_REPRESENTATION('',(#771),#774);
#771 = B_SPLINE_CURVE_WITH_KNOTS('',1,(#772,#773),.UNSPECIFIED.,.F.,.F.,
  (2,2),(0.,1.134464013796),.PIECEWISE_BEZIER_KNOTS.);
#772 = CARTESIAN_POINT('',(0.,58.992411067834));
#773 = CARTESIAN_POINT('',(1.134464013796,58.992411067834));
#774 = ( GEOMETRIC_REPRESENTATION_CONTEXT(2) 
PARAMETRIC_REPRESENTATION_CONTEXT() REPRESENTATION_CONTEXT('2D SPACE',''
  ) );
#775 = ORIENTED_EDGE('',*,*,#776,.T.);
#776 = EDGE_CURVE('',#748,#280,#777,.T.);
#777 = SURFACE_CURVE('',#778,(#791,#798),.PCURVE_S1.);
#778 = ( BOUNDED_CURVE() B_SPLINE_CURVE(11,(#779,#780,#781,#782,#783,
    #784,#785,#786,#787,#788,#789,#790),.UNSPECIFIED.,.F.,.F.) 
B_SPLINE_CURVE_WITH_KNOTS((12,12),(992.81254031088,1.020020867499E+03),
.PIECEWISE_BEZIER_KNOTS.) CURVE() GEOMETRIC_REPRESENTATION_ITEM() 
RATIONAL_B_SPLINE_CURVE((1.,1.,1.,1.,1.,1.,1.,1.,1.,1.,1.,1.)) 
REPRESENTATION_ITEM('') );
#779 = CARTESIAN_POINT('',(77.306887419851,31.631767599661,20.));
#780 = CARTESIAN_POINT('',(77.309986472379,32.432271752576,20.));
#781 = CARTESIAN_POINT('',(77.286103911969,33.369439120838,
    19.999999999999));
#782 = CARTESIAN_POINT('',(77.128285913671,34.543961393937,
    20.000000000002));
#783 = CARTESIAN_POINT('',(76.659911599619,35.894631993677,
    19.999999999997));
#784 = CARTESIAN_POINT('',(75.840027117136,37.20679953493,
    20.000000000003));
#785 = CARTESIAN_POINT('',(74.709433938828,38.337905163898,
    19.999999999997));
#786 = CARTESIAN_POINT('',(73.397486214988,39.158404988673,
    20.000000000002));
#787 = CARTESIAN_POINT('',(72.046778949996,39.627462477142,
    19.999999999999));
#788 = CARTESIAN_POINT('',(70.87188159269,39.785813276483,20.));
#789 = CARTESIAN_POINT('',(69.934269397911,39.809940253225,20.));
#790 = CARTESIAN_POINT('',(69.133496621296,39.806894055418,20.));
#791 = PCURVE('',#174,#792);
#792 = DEFINITIONAL_REPRESENTATION('',(#793),#797);
#793 = LINE('',#794,#795);
#794 = CARTESIAN_POINT('',(27.208327188088,0.));
#795 = VECTOR('',#796,1.);
#796 = DIRECTION('',(0.,1.));
#797 = ( GEOMETRIC_REPRESENTATION_CONTEXT(2) 
PARAMETRIC_REPRESENTATION_CONTEXT() REPRESENTATION_CONTEXT('2D SPACE',''
  ) );
#798 = PCURVE('',#321,#799);
#799 = DEFINITIONAL_REPRESENTATION('',(#800),#813);
#800 = B_SPLINE_CURVE_WITH_KNOTS('',11,(#801,#802,#803,#804,#805,#806,
    #807,#808,#809,#810,#811,#812),.UNSPECIFIED.,.F.,.F.,(12,12),(
    992.81254031088,1.020020867499E+03),.PIECEWISE_BEZIER_KNOTS.);
#801 = CARTESIAN_POINT('',(77.306887419851,31.631767599661));
#802 = CARTESIAN_POINT('',(77.309986472377,32.432271752574));
#803 = CARTESIAN_POINT('',(77.286103911977,33.369439120846));
#804 = CARTESIAN_POINT('',(77.128285913648,34.543961393917));
#805 = CARTESIAN_POINT('',(76.659911599659,35.894631993712));
#806 = CARTESIAN_POINT('',(75.840027117083,37.206799534885));
#807 = CARTESIAN_POINT('',(74.709433938877,38.337905163941));
#808 = CARTESIAN_POINT('',(73.397486214952,39.158404988641));
#809 = CARTESIAN_POINT('',(72.046778950015,39.62746247716));
#810 = CARTESIAN_POINT('',(70.871881592683,39.785813276477));
#811 = CARTESIAN_POINT('',(69.934269397913,39.809940253227));
#812 = CARTESIAN_POINT('',(69.133496621296,39.806894055418));
#813 = ( GEOMETRIC_REPRESENTATION_CONTEXT(2) 
PARAMETRIC_REPRESENTATION_CONTEXT() REPRESENTATION_CONTEXT('2D SPACE',''
  ) );
#814 = ORIENTED_EDGE('',*,*,#279,.F.);
#815 = ORIENTED_EDGE('',*,*,#140,.F.);
#816 = ADVANCED_FACE('',(#817),#234,.T.);
#817 = FACE_BOUND('',#818,.T.);
#818 = EDGE_LOOP('',(#819,#842,#843,#844));
#819 = ORIENTED_EDGE('',*,*,#820,.T.);
#820 = EDGE_CURVE('',#821,#399,#823,.T.);
#821 = VERTEX_POINT('',#822);
#822 = CARTESIAN_POINT('',(91.807800419666,-31.65010574375,
    29.238107812149));
#823 = SURFACE_CURVE('',#824,(#828,#835),.PCURVE_S1.);
#824 = LINE('',#825,#826);
#825 = CARTESIAN_POINT('',(90.933551133295,-30.77585645737,
    27.363274167273));
#826 = VECTOR('',#827,1.);
#827 = DIRECTION('',(0.389281620635,-0.389281620635,0.834817129479));
#828 = PCURVE('',#234,#829);
#829 = DEFINITIONAL_REPRESENTATION('',(#830),#834);
#830 = LINE('',#831,#832);
#831 = CARTESIAN_POINT('',(19.224143542622,-8.124474127437));
#832 = VECTOR('',#833,1.);
#833 = DIRECTION('',(-0.389281620635,-0.921118787039));
#834 = ( GEOMETRIC_REPRESENTATION_CONTEXT(2) 
PARAMETRIC_REPRESENTATION_CONTEXT() REPRESENTATION_CONTEXT('2D SPACE',''
  ) );
#835 = PCURVE('',#436,#836);
#836 = DEFINITIONAL_REPRESENTATION('',(#837),#841);
#837 = LINE('',#838,#839);
#838 = CARTESIAN_POINT('',(1.391226640787,0.));
#839 = VECTOR('',#840,1.);
#840 = DIRECTION('',(0.,1.));
#841 = ( GEOMETRIC_REPRESENTATION_CONTEXT(2) 
PARAMETRIC_REPRESENTATION_CONTEXT() REPRESENTATION_CONTEXT('2D SPACE',''
  ) );
#842 = ORIENTED_EDGE('',*,*,#398,.T.);
#843 = ORIENTED_EDGE('',*,*,#218,.F.);
#844 = ORIENTED_EDGE('',*,*,#845,.F.);
#845 = EDGE_CURVE('',#821,#141,#846,.T.);
#846 = SURFACE_CURVE('',#847,(#851,#858),.PCURVE_S1.);
#847 = LINE('',#848,#849);
#848 = CARTESIAN_POINT('',(91.807800419666,-27.34230532408,
    29.238107812149));
#849 = VECTOR('',#850,1.);
#850 = DIRECTION('',(0.,1.,-0.));
#851 = PCURVE('',#234,#852);
#852 = DEFINITIONAL_REPRESENTATION('',(#853),#857);
#853 = LINE('',#854,#855);
#854 = CARTESIAN_POINT('',(22.657694675916,-10.19312417292));
#855 = VECTOR('',#856,1.);
#856 = DIRECTION('',(1.,0.));
#857 = ( GEOMETRIC_REPRESENTATION_CONTEXT(2) 
PARAMETRIC_REPRESENTATION_CONTEXT() REPRESENTATION_CONTEXT('2D SPACE',''
  ) );
#858 = PCURVE('',#765,#859);
#859 = DEFINITIONAL_REPRESENTATION('',(#860),#864);
#860 = LINE('',#861,#862);
#861 = CARTESIAN_POINT('',(0.,0.));
#862 = VECTOR('',#863,1.);
#863 = DIRECTION('',(0.,1.));
#864 = ( GEOMETRIC_REPRESENTATION_CONTEXT(2) 
PARAMETRIC_REPRESENTATION_CONTEXT() REPRESENTATION_CONTEXT('2D SPACE',''
  ) );
#865 = ADVANCED_FACE('',(#866),#321,.T.);
#866 = FACE_BOUND('',#867,.T.);
#867 = EDGE_LOOP('',(#868,#869,#910,#938,#1016,#1044,#1122,#1143));
#868 = ORIENTED_EDGE('',*,*,#305,.T.);
#869 = ORIENTED_EDGE('',*,*,#870,.T.);
#870 = EDGE_CURVE('',#306,#871,#873,.T.);
#871 = VERTEX_POINT('',#872);
#872 = CARTESIAN_POINT('',(-77.30689405541,31.633496621296,20.));
#873 = SURFACE_CURVE('',#874,(#887,#903),.PCURVE_S1.);
#874 = ( BOUNDED_CURVE() B_SPLINE_CURVE(11,(#875,#876,#877,#878,#879,
    #880,#881,#882,#883,#884,#885,#886),.UNSPECIFIED.,.F.,.F.) 
B_SPLINE_CURVE_WITH_KNOTS((12,12),(646.18171255415,673.39003974224),
.PIECEWISE_BEZIER_KNOTS.) CURVE() GEOMETRIC_REPRESENTATION_ITEM() 
RATIONAL_B_SPLINE_CURVE((1.,1.,1.,0.999999999999,1.000000000002,
    0.999999999998,1.000000000002,0.999999999998,1.000000000001,1.,1.,1.
)) REPRESENTATION_ITEM('') );
#875 = CARTESIAN_POINT('',(-69.13176759966,39.806887419851,20.));
#876 = CARTESIAN_POINT('',(-69.93227175257,39.809986472379,20.));
#877 = CARTESIAN_POINT('',(-70.86943912084,39.786103911969,
    20.000000000001));
#878 = CARTESIAN_POINT('',(-72.04396139393,39.62828591367,
    19.999999999999));
#879 = CARTESIAN_POINT('',(-73.39463199368,39.15991159962,
    20.000000000002));
#880 = CARTESIAN_POINT('',(-74.70679953492,38.340027117133,
    19.999999999997));
#881 = CARTESIAN_POINT('',(-75.8379051639,37.209433938831,
    20.000000000003));
#882 = CARTESIAN_POINT('',(-76.65840498867,35.897486214984,
    19.999999999998));
#883 = CARTESIAN_POINT('',(-77.12746247714,34.546778949999,
    20.000000000001));
#884 = CARTESIAN_POINT('',(-77.28581327648,33.371881592688,
    19.999999999999));
#885 = CARTESIAN_POINT('',(-77.30994025322,32.434269397912,20.));
#886 = CARTESIAN_POINT('',(-77.30689405541,31.633496621296,20.));
#887 = PCURVE('',#321,#888);
#888 = DEFINITIONAL_REPRESENTATION('',(#889),#902);
#889 = B_SPLINE_CURVE_WITH_KNOTS('',11,(#890,#891,#892,#893,#894,#895,
    #896,#897,#898,#899,#900,#901),.UNSPECIFIED.,.F.,.F.,(12,12),(
    646.18171255415,673.39003974224),.PIECEWISE_BEZIER_KNOTS.);
#890 = CARTESIAN_POINT('',(-69.13176759966,39.806887419851));
#891 = CARTESIAN_POINT('',(-69.93227175256,39.809986472375));
#892 = CARTESIAN_POINT('',(-70.86943912086,39.786103911984));
#893 = CARTESIAN_POINT('',(-72.04396139387,39.628285913635));
#894 = CARTESIAN_POINT('',(-73.39463199377,39.159911599678));
#895 = CARTESIAN_POINT('',(-74.7067995348,38.340027117064));
#896 = CARTESIAN_POINT('',(-75.83790516401,37.209433938895));
#897 = CARTESIAN_POINT('',(-76.65840498859,35.897486214939));
#898 = CARTESIAN_POINT('',(-77.12746247718,34.546778950023));
#899 = CARTESIAN_POINT('',(-77.28581327646,33.37188159268));
#900 = CARTESIAN_POINT('',(-77.30994025322,32.434269397914));
#901 = CARTESIAN_POINT('',(-77.30689405541,31.633496621296));
#902 = ( GEOMETRIC_REPRESENTATION_CONTEXT(2) 
PARAMETRIC_REPRESENTATION_CONTEXT() REPRESENTATION_CONTEXT('2D SPACE',''
  ) );
#903 = PCURVE('',#347,#904);
#904 = DEFINITIONAL_REPRESENTATION('',(#905),#909);
#905 = LINE('',#906,#907);
#906 = CARTESIAN_POINT('',(27.208327188088,0.));
#907 = VECTOR('',#908,1.);
#908 = DIRECTION('',(0.,1.));
#909 = ( GEOMETRIC_REPRESENTATION_CONTEXT(2) 
PARAMETRIC_REPRESENTATION_CONTEXT() REPRESENTATION_CONTEXT('2D SPACE',''
  ) );
#910 = ORIENTED_EDGE('',*,*,#911,.T.);
#911 = EDGE_CURVE('',#871,#912,#914,.T.);
#912 = VERTEX_POINT('',#913);
#913 = CARTESIAN_POINT('',(-77.30687582708,-31.65010574375,20.));
#914 = SURFACE_CURVE('',#915,(#919,#926),.PCURVE_S1.);
#915 = LINE('',#916,#917);
#916 = CARTESIAN_POINT('',(-77.30687582708,27.342305324084,20.));
#917 = VECTOR('',#918,1.);
#918 = DIRECTION('',(0.,-1.,0.));
#919 = PCURVE('',#321,#920);
#920 = DEFINITIONAL_REPRESENTATION('',(#921),#925);
#921 = LINE('',#922,#923);
#922 = CARTESIAN_POINT('',(-77.30687582708,27.342305324084));
#923 = VECTOR('',#924,1.);
#924 = DIRECTION('',(0.,-1.));
#925 = ( GEOMETRIC_REPRESENTATION_CONTEXT(2) 
PARAMETRIC_REPRESENTATION_CONTEXT() REPRESENTATION_CONTEXT('2D SPACE',''
  ) );
#926 = PCURVE('',#927,#932);
#927 = CYLINDRICAL_SURFACE('',#928,16.);
#928 = AXIS2_PLACEMENT_3D('',#929,#930,#931);
#929 = CARTESIAN_POINT('',(-77.30687582708,27.342305324084,36.));
#930 = DIRECTION('',(0.,-1.,0.));
#931 = DIRECTION('',(-0.906307787037,-0.,-0.422618261741));
#932 = DEFINITIONAL_REPRESENTATION('',(#933),#937);
#933 = LINE('',#934,#935);
#934 = CARTESIAN_POINT('',(1.134464013796,0.));
#935 = VECTOR('',#936,1.);
#936 = DIRECTION('',(0.,1.));
#937 = ( GEOMETRIC_REPRESENTATION_CONTEXT(2) 
PARAMETRIC_REPRESENTATION_CONTEXT() REPRESENTATION_CONTEXT('2D SPACE',''
  ) );
#938 = ORIENTED_EDGE('',*,*,#939,.T.);
#939 = EDGE_CURVE('',#912,#940,#942,.T.);
#940 = VERTEX_POINT('',#941);
#941 = CARTESIAN_POINT('',(-69.13349662129,-39.80689405541,20.));
#942 = SURFACE_CURVE('',#943,(#956,#972),.PCURVE_S1.);
#943 = ( BOUNDED_CURVE() B_SPLINE_CURVE(11,(#944,#945,#946,#947,#948,
    #949,#950,#951,#952,#953,#954,#955),.UNSPECIFIED.,.F.,.F.) 
B_SPLINE_CURVE_WITH_KNOTS((12,12),(736.72532180639,763.93364899448),
.PIECEWISE_BEZIER_KNOTS.) CURVE() GEOMETRIC_REPRESENTATION_ITEM() 
RATIONAL_B_SPLINE_CURVE((1.,1.,1.,1.,1.000000000001,0.999999999999,
1.000000000001,0.999999999999,1.,1.,1.,1.)) REPRESENTATION_ITEM('') );
#944 = CARTESIAN_POINT('',(-77.30688741985,-31.63176759966,20.));
#945 = CARTESIAN_POINT('',(-77.30998647237,-32.43227175257,20.));
#946 = CARTESIAN_POINT('',(-77.28610391196,-33.36943912084,20.));
#947 = CARTESIAN_POINT('',(-77.12828591367,-34.54396139393,
    20.000000000001));
#948 = CARTESIAN_POINT('',(-76.65991159962,-35.89463199368,
    19.999999999998));
#949 = CARTESIAN_POINT('',(-75.84002711713,-37.20679953492,
    20.000000000002));
#950 = CARTESIAN_POINT('',(-74.70943393883,-38.3379051639,
    19.999999999998));
#951 = CARTESIAN_POINT('',(-73.39748621498,-39.15840498867,
    20.000000000002));
#952 = CARTESIAN_POINT('',(-72.04677894999,-39.62746247714,
    19.999999999999));
#953 = CARTESIAN_POINT('',(-70.87188159268,-39.78581327648,20.));
#954 = CARTESIAN_POINT('',(-69.93426939791,-39.80994025322,20.));
#955 = CARTESIAN_POINT('',(-69.13349662129,-39.80689405541,20.));
#956 = PCURVE('',#321,#957);
#957 = DEFINITIONAL_REPRESENTATION('',(#958),#971);
#958 = B_SPLINE_CURVE_WITH_KNOTS('',11,(#959,#960,#961,#962,#963,#964,
    #965,#966,#967,#968,#969,#970),.UNSPECIFIED.,.F.,.F.,(12,12),(
    736.72532180639,763.93364899448),.PIECEWISE_BEZIER_KNOTS.);
#959 = CARTESIAN_POINT('',(-77.30688741985,-31.63176759966));
#960 = CARTESIAN_POINT('',(-77.30998647237,-32.43227175257));
#961 = CARTESIAN_POINT('',(-77.28610391197,-33.36943912084));
#962 = CARTESIAN_POINT('',(-77.12828591365,-34.54396139392));
#963 = CARTESIAN_POINT('',(-76.65991159965,-35.8946319937));
#964 = CARTESIAN_POINT('',(-75.84002711709,-37.20679953489));
#965 = CARTESIAN_POINT('',(-74.70943393886,-38.33790516393));
#966 = CARTESIAN_POINT('',(-73.39748621495,-39.15840498864));
#967 = CARTESIAN_POINT('',(-72.04677895001,-39.62746247716));
#968 = CARTESIAN_POINT('',(-70.87188159268,-39.78581327647));
#969 = CARTESIAN_POINT('',(-69.93426939791,-39.80994025322));
#970 = CARTESIAN_POINT('',(-69.13349662129,-39.80689405541));
#971 = ( GEOMETRIC_REPRESENTATION_CONTEXT(2) 
PARAMETRIC_REPRESENTATION_CONTEXT() REPRESENTATION_CONTEXT('2D SPACE',''
  ) );
#972 = PCURVE('',#973,#1010);
#973 = ( BOUNDED_SURFACE() B_SPLINE_SURFACE(2,11,(
    (#974,#975,#976,#977,#978,#979,#980,#981,#982,#983,#984,#985)
    ,(#986,#987,#988,#989,#990,#991,#992,#993,#994,#995,#996,#997)
    ,(#998,#999,#1000,#1001,#1002,#1003,#1004,#1005,#1006,#1007,#1008
,#1009
    )),.UNSPECIFIED.,.F.,.F.,.F.) B_SPLINE_SURFACE_WITH_KNOTS((3,3),(12,
    12),(0.,27.208327188088),(736.72532180639,763.93364899448),
.PIECEWISE_BEZIER_KNOTS.) GEOMETRIC_REPRESENTATION_ITEM() 
RATIONAL_B_SPLINE_SURFACE((
    (1.,1.,1.,1.,1.000000000001,0.999999999999,1.000000000001
      ,0.999999999999,1.,1.,1.,1.)
    ,(0.843391528075,0.857268412133,0.868023070896,0.876018352361
      ,0.881187195502,0.883700015447,0.883702568045,0.88119463976
      ,0.876031203999,0.868041405353,0.857292245756,0.843421489334)
    ,(1.,1.,1.,1.,1.000000000001,0.999999999999,1.000000000001
,0.999999999999,1.,1.,1.,1.))) REPRESENTATION_ITEM('') SURFACE() );
#974 = CARTESIAN_POINT('',(-91.80779834912,-31.6501036732,
    29.238103371857));
#975 = CARTESIAN_POINT('',(-91.45851835116,-34.90102264902,
    28.489069999038));
#976 = CARTESIAN_POINT('',(-90.64759829431,-37.97912685504,
    27.895010644897));
#977 = CARTESIAN_POINT('',(-89.44468395391,-40.88867668798,
    27.446485518866));
#978 = CARTESIAN_POINT('',(-87.88012361468,-43.63506404695,
    27.152753791791));
#979 = CARTESIAN_POINT('',(-85.95726084299,-46.18276588422,
    27.009605753643));
#980 = CARTESIAN_POINT('',(-83.68793899949,-48.45269836348,
    27.009460294245));
#981 = CARTESIAN_POINT('',(-81.14072207745,-50.37625263199,
    27.152330309897));
#982 = CARTESIAN_POINT('',(-78.39470315321,-51.94151693201,
    27.445758600135));
#983 = CARTESIAN_POINT('',(-75.48547605814,-53.14515383157,
    27.893985741546));
#984 = CARTESIAN_POINT('',(-72.40770354818,-53.95685686949,
    28.487756904006));
#985 = CARTESIAN_POINT('',(-69.15712384072,-54.30704308168,
    29.236486122548));
#986 = CARTESIAN_POINT('',(-87.5,-31.64465655973,20.));
#987 = CARTESIAN_POINT('',(-86.92936245949,-34.12637120164,20.));
#988 = CARTESIAN_POINT('',(-86.13785444611,-36.43570937971,20.));
#989 = CARTESIAN_POINT('',(-85.14166658556,-38.66847115904,
    19.999999999999));
#990 = CARTESIAN_POINT('',(-83.89020129358,-40.86752372249,
    20.000000000003));
#991 = CARTESIAN_POINT('',(-82.32196176264,-42.95538336298,
    19.999999999996));
#992 = CARTESIAN_POINT('',(-80.4596199819,-44.81823153438,
    20.000000000004));
#993 = CARTESIAN_POINT('',(-78.37211823363,-46.3870629507,
    19.999999999997));
#994 = CARTESIAN_POINT('',(-76.1732478823,-47.63910722293,
    20.000000000002));
#995 = CARTESIAN_POINT('',(-73.94058627965,-48.63577070399,
    19.999999999999));
#996 = CARTESIAN_POINT('',(-71.63144091413,-49.42767839542,20.));
#997 = CARTESIAN_POINT('',(-69.15010370194,-49.99874693319,20.));
#998 = CARTESIAN_POINT('',(-77.30688741985,-31.63176759966,20.));
#999 = CARTESIAN_POINT('',(-77.30998647237,-32.43227175257,20.));
#1000 = CARTESIAN_POINT('',(-77.28610391196,-33.36943912084,20.));
#1001 = CARTESIAN_POINT('',(-77.12828591367,-34.54396139393,
    20.000000000001));
#1002 = CARTESIAN_POINT('',(-76.65991159962,-35.89463199368,
    19.999999999998));
#1003 = CARTESIAN_POINT('',(-75.84002711713,-37.20679953492,
    20.000000000002));
#1004 = CARTESIAN_POINT('',(-74.70943393883,-38.3379051639,
    19.999999999998));
#1005 = CARTESIAN_POINT('',(-73.39748621498,-39.15840498867,
    20.000000000002));
#1006 = CARTESIAN_POINT('',(-72.04677894999,-39.62746247714,
    19.999999999999));
#1007 = CARTESIAN_POINT('',(-70.87188159268,-39.78581327648,20.));
#1008 = CARTESIAN_POINT('',(-69.93426939791,-39.80994025322,20.));
#1009 = CARTESIAN_POINT('',(-69.13349662129,-39.80689405541,20.));
#1010 = DEFINITIONAL_REPRESENTATION('',(#1011),#1015);
#1011 = LINE('',#1012,#1013);
#1012 = CARTESIAN_POINT('',(27.208327188088,0.));
#1013 = VECTOR('',#1014,1.);
#1014 = DIRECTION('',(0.,1.));
#1015 = ( GEOMETRIC_REPRESENTATION_CONTEXT(2) 
PARAMETRIC_REPRESENTATION_CONTEXT() REPRESENTATION_CONTEXT('2D SPACE',''
  ) );
#1016 = ORIENTED_EDGE('',*,*,#1017,.T.);
#1017 = EDGE_CURVE('',#940,#1018,#1020,.T.);
#1018 = VERTEX_POINT('',#1019);
#1019 = CARTESIAN_POINT('',(69.15010574375,-39.80687582708,20.));
#1020 = SURFACE_CURVE('',#1021,(#1025,#1032),.PCURVE_S1.);
#1021 = LINE('',#1022,#1023);
#1022 = CARTESIAN_POINT('',(-64.84230532408,-39.80687582708,20.));
#1023 = VECTOR('',#1024,1.);
#1024 = DIRECTION('',(1.,0.,0.));
#1025 = PCURVE('',#321,#1026);
#1026 = DEFINITIONAL_REPRESENTATION('',(#1027),#1031);
#1027 = LINE('',#1028,#1029);
#1028 = CARTESIAN_POINT('',(-64.84230532408,-39.80687582708));
#1029 = VECTOR('',#1030,1.);
#1030 = DIRECTION('',(1.,0.));
#1031 = ( GEOMETRIC_REPRESENTATION_CONTEXT(2) 
PARAMETRIC_REPRESENTATION_CONTEXT() REPRESENTATION_CONTEXT('2D SPACE',''
  ) );
#1032 = PCURVE('',#1033,#1038);
#1033 = CYLINDRICAL_SURFACE('',#1034,16.);
#1034 = AXIS2_PLACEMENT_3D('',#1035,#1036,#1037);
#1035 = CARTESIAN_POINT('',(-64.84230532408,-39.80687582708,36.));
#1036 = DIRECTION('',(1.,0.,0.));
#1037 = DIRECTION('',(0.,-0.906307787037,-0.422618261741));
#1038 = DEFINITIONAL_REPRESENTATION('',(#1039),#1043);
#1039 = LINE('',#1040,#1041);
#1040 = CARTESIAN_POINT('',(1.134464013796,0.));
#1041 = VECTOR('',#1042,1.);
#1042 = DIRECTION('',(0.,1.));
#1043 = ( GEOMETRIC_REPRESENTATION_CONTEXT(2) 
PARAMETRIC_REPRESENTATION_CONTEXT() REPRESENTATION_CONTEXT('2D SPACE',''
  ) );
#1044 = ORIENTED_EDGE('',*,*,#1045,.T.);
#1045 = EDGE_CURVE('',#1018,#1046,#1048,.T.);
#1046 = VERTEX_POINT('',#1047);
#1047 = CARTESIAN_POINT('',(77.306894055418,-31.63349662129,20.));
#1048 = SURFACE_CURVE('',#1049,(#1062,#1078),.PCURVE_S1.);
#1049 = ( BOUNDED_CURVE() B_SPLINE_CURVE(11,(#1050,#1051,#1052,#1053,
    #1054,#1055,#1056,#1057,#1058,#1059,#1060,#1061),.UNSPECIFIED.,.F.,
.F.) B_SPLINE_CURVE_WITH_KNOTS((12,12),(902.26893105864,929.47725824673)
,.PIECEWISE_BEZIER_KNOTS.) CURVE() GEOMETRIC_REPRESENTATION_ITEM() 
RATIONAL_B_SPLINE_CURVE((1.,1.,1.,1.,1.,1.,1.,1.,1.,1.,1.,1.)) 
REPRESENTATION_ITEM('') );
#1050 = CARTESIAN_POINT('',(69.131767599661,-39.80688741985,20.));
#1051 = CARTESIAN_POINT('',(69.932271752575,-39.80998647237,20.));
#1052 = CARTESIAN_POINT('',(70.869439120839,-39.78610391196,20.));
#1053 = CARTESIAN_POINT('',(72.043961393935,-39.62828591367,20.));
#1054 = CARTESIAN_POINT('',(73.39463199368,-39.15991159962,20.));
#1055 = CARTESIAN_POINT('',(74.706799534927,-38.34002711713,20.));
#1056 = CARTESIAN_POINT('',(75.8379051639,-37.20943393882,20.));
#1057 = CARTESIAN_POINT('',(76.658404988671,-35.89748621498,20.));
#1058 = CARTESIAN_POINT('',(77.127462477143,-34.54677894999,20.));
#1059 = CARTESIAN_POINT('',(77.285813276483,-33.37188159269,20.));
#1060 = CARTESIAN_POINT('',(77.309940253225,-32.43426939791,20.));
#1061 = CARTESIAN_POINT('',(77.306894055418,-31.63349662129,20.));
#1062 = PCURVE('',#321,#1063);
#1063 = DEFINITIONAL_REPRESENTATION('',(#1064),#1077);
#1064 = B_SPLINE_CURVE_WITH_KNOTS('',11,(#1065,#1066,#1067,#1068,#1069,
    #1070,#1071,#1072,#1073,#1074,#1075,#1076),.UNSPECIFIED.,.F.,.F.,(12
    ,12),(902.26893105864,929.47725824673),.PIECEWISE_BEZIER_KNOTS.);
#1065 = CARTESIAN_POINT('',(69.131767599661,-39.80688741985));
#1066 = CARTESIAN_POINT('',(69.932271752574,-39.80998647237));
#1067 = CARTESIAN_POINT('',(70.869439120844,-39.78610391196));
#1068 = CARTESIAN_POINT('',(72.043961393922,-39.62828591367));
#1069 = CARTESIAN_POINT('',(73.394631993702,-39.15991159961));
#1070 = CARTESIAN_POINT('',(74.706799534898,-38.34002711714));
#1071 = CARTESIAN_POINT('',(75.837905163927,-37.20943393881));
#1072 = CARTESIAN_POINT('',(76.658404988651,-35.89748621499));
#1073 = CARTESIAN_POINT('',(77.127462477154,-34.54677894999));
#1074 = CARTESIAN_POINT('',(77.285813276479,-33.37188159269));
#1075 = CARTESIAN_POINT('',(77.309940253226,-32.43426939791));
#1076 = CARTESIAN_POINT('',(77.306894055418,-31.63349662129));
#1077 = ( GEOMETRIC_REPRESENTATION_CONTEXT(2) 
PARAMETRIC_REPRESENTATION_CONTEXT() REPRESENTATION_CONTEXT('2D SPACE',''
  ) );
#1078 = PCURVE('',#1079,#1116);
#1079 = ( BOUNDED_SURFACE() B_SPLINE_SURFACE(2,11,(
    (#1080,#1081,#1082,#1083,#1084,#1085,#1086,#1087,#1088,#1089,#1090
      ,#1091)
    ,(#1092,#1093,#1094,#1095,#1096,#1097,#1098,#1099,#1100,#1101,#1102
      ,#1103)
    ,(#1104,#1105,#1106,#1107,#1108,#1109,#1110,#1111,#1112,#1113,#1114
,#1115
    )),.UNSPECIFIED.,.F.,.F.,.F.) B_SPLINE_SURFACE_WITH_KNOTS((3,3),(12,
    12),(0.,27.208327188088),(902.26893105864,929.47725824673),
.PIECEWISE_BEZIER_KNOTS.) GEOMETRIC_REPRESENTATION_ITEM() 
RATIONAL_B_SPLINE_SURFACE((
    (1.,1.,1.,1.,1.,1.,1.,1.,1.,1.,1.,1.)
    ,(0.843391528075,0.857268412133,0.868023070896,0.876018352361
      ,0.881187195502,0.883700015447,0.883702568045,0.88119463976
      ,0.876031203999,0.868041405353,0.857292245756,0.843421489334)
,(1.,1.,1.,1.,1.,1.,1.,1.,1.,1.,1.,1.
))) REPRESENTATION_ITEM('') SURFACE() );
#1080 = CARTESIAN_POINT('',(69.150103673208,-54.30779834912,
    29.238103371857));
#1081 = CARTESIAN_POINT('',(72.401022649022,-53.95851835116,
    28.489069999038));
#1082 = CARTESIAN_POINT('',(75.479126855039,-53.14759829431,
    27.895010644897));
#1083 = CARTESIAN_POINT('',(78.388676687986,-51.9446839539,
    27.446485518867));
#1084 = CARTESIAN_POINT('',(81.135064046959,-50.38012361469,
    27.152753791788));
#1085 = CARTESIAN_POINT('',(83.682765884222,-48.45726084298,
    27.009605753648));
#1086 = CARTESIAN_POINT('',(85.952698363486,-46.1879389995,
    27.00946029424));
#1087 = CARTESIAN_POINT('',(87.876252631993,-43.64072207744,
    27.152330309901));
#1088 = CARTESIAN_POINT('',(89.44151693201,-40.89470315321,
    27.445758600134));
#1089 = CARTESIAN_POINT('',(90.645153831575,-37.98547605814,
    27.893985741547));
#1090 = CARTESIAN_POINT('',(91.45685686949,-34.90770354818,
    28.487756904006));
#1091 = CARTESIAN_POINT('',(91.807043081687,-31.65712384072,
    29.236486122548));
#1092 = CARTESIAN_POINT('',(69.144656559731,-50.,20.));
#1093 = CARTESIAN_POINT('',(71.626371201649,-49.42936245949,20.));
#1094 = CARTESIAN_POINT('',(73.935709379719,-48.63785444611,
    20.000000000001));
#1095 = CARTESIAN_POINT('',(76.168471159045,-47.64166658556,
    19.999999999998));
#1096 = CARTESIAN_POINT('',(78.367523722492,-46.39020129359,
    20.000000000003));
#1097 = CARTESIAN_POINT('',(80.455383362986,-44.82196176264,
    19.999999999996));
#1098 = CARTESIAN_POINT('',(82.318231534385,-42.9596199819,
    20.000000000005));
#1099 = CARTESIAN_POINT('',(83.887062950709,-40.87211823363,
    19.999999999996));
#1100 = CARTESIAN_POINT('',(85.139107222931,-38.6732478823,
    20.000000000002));
#1101 = CARTESIAN_POINT('',(86.13577070399,-36.44058627965,
    19.999999999999));
#1102 = CARTESIAN_POINT('',(86.927678395422,-34.13144091413,20.));
#1103 = CARTESIAN_POINT('',(87.498746933198,-31.65010370194,20.));
#1104 = CARTESIAN_POINT('',(69.131767599661,-39.80688741985,20.));
#1105 = CARTESIAN_POINT('',(69.932271752575,-39.80998647237,20.));
#1106 = CARTESIAN_POINT('',(70.869439120839,-39.78610391196,20.));
#1107 = CARTESIAN_POINT('',(72.043961393935,-39.62828591367,20.));
#1108 = CARTESIAN_POINT('',(73.39463199368,-39.15991159962,20.));
#1109 = CARTESIAN_POINT('',(74.706799534927,-38.34002711713,20.));
#1110 = CARTESIAN_POINT('',(75.8379051639,-37.20943393882,20.));
#1111 = CARTESIAN_POINT('',(76.658404988671,-35.89748621498,20.));
#1112 = CARTESIAN_POINT('',(77.127462477143,-34.54677894999,20.));
#1113 = CARTESIAN_POINT('',(77.285813276483,-33.37188159269,20.));
#1114 = CARTESIAN_POINT('',(77.309940253225,-32.43426939791,20.));
#1115 = CARTESIAN_POINT('',(77.306894055418,-31.63349662129,20.));
#1116 = DEFINITIONAL_REPRESENTATION('',(#1117),#1121);
#1117 = LINE('',#1118,#1119);
#1118 = CARTESIAN_POINT('',(27.208327188088,0.));
#1119 = VECTOR('',#1120,1.);
#1120 = DIRECTION('',(0.,1.));
#1121 = ( GEOMETRIC_REPRESENTATION_CONTEXT(2) 
PARAMETRIC_REPRESENTATION_CONTEXT() REPRESENTATION_CONTEXT('2D SPACE',''
  ) );
#1122 = ORIENTED_EDGE('',*,*,#1123,.T.);
#1123 = EDGE_CURVE('',#1046,#748,#1124,.T.);
#1124 = SURFACE_CURVE('',#1125,(#1129,#1136),.PCURVE_S1.);
#1125 = LINE('',#1126,#1127);
#1126 = CARTESIAN_POINT('',(77.30687582708,-27.34230532408,20.));
#1127 = VECTOR('',#1128,1.);
#1128 = DIRECTION('',(0.,1.,-0.));
#1129 = PCURVE('',#321,#1130);
#1130 = DEFINITIONAL_REPRESENTATION('',(#1131),#1135);
#1131 = LINE('',#1132,#1133);
#1132 = CARTESIAN_POINT('',(77.30687582708,-27.34230532408));
#1133 = VECTOR('',#1134,1.);
#1134 = DIRECTION('',(0.,1.));
#1135 = ( GEOMETRIC_REPRESENTATION_CONTEXT(2) 
PARAMETRIC_REPRESENTATION_CONTEXT() REPRESENTATION_CONTEXT('2D SPACE',''
  ) );
#1136 = PCURVE('',#765,#1137);
#1137 = DEFINITIONAL_REPRESENTATION('',(#1138),#1142);
#1138 = LINE('',#1139,#1140);
#1139 = CARTESIAN_POINT('',(1.134464013796,0.));
#1140 = VECTOR('',#1141,1.);
#1141 = DIRECTION('',(0.,1.));
#1142 = ( GEOMETRIC_REPRESENTATION_CONTEXT(2) 
PARAMETRIC_REPRESENTATION_CONTEXT() REPRESENTATION_CONTEXT('2D SPACE',''
  ) );
#1143 = ORIENTED_EDGE('',*,*,#776,.T.);
#1144 = ADVANCED_FACE('',(#1145),#347,.F.);
#1145 = FACE_BOUND('',#1146,.F.);
#1146 = EDGE_LOOP('',(#1147,#1148,#1149,#1170));
#1147 = ORIENTED_EDGE('',*,*,#333,.T.);
#1148 = ORIENTED_EDGE('',*,*,#870,.T.);
#1149 = ORIENTED_EDGE('',*,*,#1150,.F.);
#1150 = EDGE_CURVE('',#682,#871,#1151,.T.);
#1151 = SURFACE_CURVE('',#1152,(#1156,#1162),.PCURVE_S1.);
#1152 = ( BOUNDED_CURVE() B_SPLINE_CURVE(2,(#1153,#1154,#1155),
.UNSPECIFIED.,.F.,.F.) B_SPLINE_CURVE_WITH_KNOTS((3,3),(0.,
27.208327188088),.PIECEWISE_BEZIER_KNOTS.) CURVE() 
GEOMETRIC_REPRESENTATION_ITEM() RATIONAL_B_SPLINE_CURVE((1.,
0.843421489334,1.)) REPRESENTATION_ITEM('') );
#1153 = CARTESIAN_POINT('',(-91.80704308168,31.657123840722,
    29.236486122548));
#1154 = CARTESIAN_POINT('',(-87.49874693319,31.650103701945,20.));
#1155 = CARTESIAN_POINT('',(-77.30689405541,31.633496621296,20.));
#1156 = PCURVE('',#347,#1157);
#1157 = DEFINITIONAL_REPRESENTATION('',(#1158),#1161);
#1158 = B_SPLINE_CURVE_WITH_KNOTS('',1,(#1159,#1160),.UNSPECIFIED.,.F.,
  .F.,(2,2),(0.,27.208327188088),.PIECEWISE_BEZIER_KNOTS.);
#1159 = CARTESIAN_POINT('',(0.,673.39003974224));
#1160 = CARTESIAN_POINT('',(27.208327188088,673.39003974224));
#1161 = ( GEOMETRIC_REPRESENTATION_CONTEXT(2) 
PARAMETRIC_REPRESENTATION_CONTEXT() REPRESENTATION_CONTEXT('2D SPACE',''
  ) );
#1162 = PCURVE('',#927,#1163);
#1163 = DEFINITIONAL_REPRESENTATION('',(#1164),#1169);
#1164 = B_SPLINE_CURVE_WITH_KNOTS('',3,(#1165,#1166,#1167,#1168),
  .UNSPECIFIED.,.F.,.F.,(4,4),(0.,27.208327188088),
  .PIECEWISE_BEZIER_KNOTS.);
#1165 = CARTESIAN_POINT('',(-1.110223024625E-16,-4.307800419667));
#1166 = CARTESIAN_POINT('',(0.358168297704,-4.307800419667));
#1167 = CARTESIAN_POINT('',(0.776295716093,-4.307800419667));
#1168 = CARTESIAN_POINT('',(1.134464013796,-4.307800419667));
#1169 = ( GEOMETRIC_REPRESENTATION_CONTEXT(2) 
PARAMETRIC_REPRESENTATION_CONTEXT() REPRESENTATION_CONTEXT('2D SPACE',''
  ) );
#1170 = ORIENTED_EDGE('',*,*,#681,.F.);
#1171 = ADVANCED_FACE('',(#1172),#526,.T.);
#1172 = FACE_BOUND('',#1173,.T.);
#1173 = EDGE_LOOP('',(#1174,#1175,#1176,#1199));
#1174 = ORIENTED_EDGE('',*,*,#722,.T.);
#1175 = ORIENTED_EDGE('',*,*,#511,.T.);
#1176 = ORIENTED_EDGE('',*,*,#1177,.F.);
#1177 = EDGE_CURVE('',#1178,#479,#1180,.T.);
#1178 = VERTEX_POINT('',#1179);
#1179 = CARTESIAN_POINT('',(-91.80780041966,-31.65010574375,
    29.238107812149));
#1180 = SURFACE_CURVE('',#1181,(#1185,#1192),.PCURVE_S1.);
#1181 = LINE('',#1182,#1183);
#1182 = CARTESIAN_POINT('',(-90.93355113329,-30.77585645737,
    27.363274167273));
#1183 = VECTOR('',#1184,1.);
#1184 = DIRECTION('',(-0.389281620635,-0.389281620635,0.834817129479));
#1185 = PCURVE('',#526,#1186);
#1186 = DEFINITIONAL_REPRESENTATION('',(#1187),#1191);
#1187 = LINE('',#1188,#1189);
#1188 = CARTESIAN_POINT('',(80.775856457378,-8.124474127436));
#1189 = VECTOR('',#1190,1.);
#1190 = DIRECTION('',(0.389281620635,-0.921118787039));
#1191 = ( GEOMETRIC_REPRESENTATION_CONTEXT(2) 
PARAMETRIC_REPRESENTATION_CONTEXT() REPRESENTATION_CONTEXT('2D SPACE',''
  ) );
#1192 = PCURVE('',#495,#1193);
#1193 = DEFINITIONAL_REPRESENTATION('',(#1194),#1198);
#1194 = LINE('',#1195,#1196);
#1195 = CARTESIAN_POINT('',(0.,0.));
#1196 = VECTOR('',#1197,1.);
#1197 = DIRECTION('',(0.,1.));
#1198 = ( GEOMETRIC_REPRESENTATION_CONTEXT(2) 
PARAMETRIC_REPRESENTATION_CONTEXT() REPRESENTATION_CONTEXT('2D SPACE',''
  ) );
#1199 = ORIENTED_EDGE('',*,*,#1200,.F.);
#1200 = EDGE_CURVE('',#682,#1178,#1201,.T.);
#1201 = SURFACE_CURVE('',#1202,(#1206,#1213),.PCURVE_S1.);
#1202 = LINE('',#1203,#1204);
#1203 = CARTESIAN_POINT('',(-91.80780041966,27.342305324084,
    29.238107812149));
#1204 = VECTOR('',#1205,1.);
#1205 = DIRECTION('',(0.,-1.,0.));
#1206 = PCURVE('',#526,#1207);
#1207 = DEFINITIONAL_REPRESENTATION('',(#1208),#1212);
#1208 = LINE('',#1209,#1210);
#1209 = CARTESIAN_POINT('',(22.657694675916,-10.19312417292));
#1210 = VECTOR('',#1211,1.);
#1211 = DIRECTION('',(1.,0.));
#1212 = ( GEOMETRIC_REPRESENTATION_CONTEXT(2) 
PARAMETRIC_REPRESENTATION_CONTEXT() REPRESENTATION_CONTEXT('2D SPACE',''
  ) );
#1213 = PCURVE('',#927,#1214);
#1214 = DEFINITIONAL_REPRESENTATION('',(#1215),#1219);
#1215 = LINE('',#1216,#1217);
#1216 = CARTESIAN_POINT('',(0.,0.));
#1217 = VECTOR('',#1218,1.);
#1218 = DIRECTION('',(0.,1.));
#1219 = ( GEOMETRIC_REPRESENTATION_CONTEXT(2) 
PARAMETRIC_REPRESENTATION_CONTEXT() REPRESENTATION_CONTEXT('2D SPACE',''
  ) );
#1220 = ADVANCED_FACE('',(#1221),#436,.F.);
#1221 = FACE_BOUND('',#1222,.F.);
#1222 = EDGE_LOOP('',(#1223,#1246,#1285,#1286));
#1223 = ORIENTED_EDGE('',*,*,#1224,.F.);
#1224 = EDGE_CURVE('',#1225,#420,#1227,.T.);
#1225 = VERTEX_POINT('',#1226);
#1226 = CARTESIAN_POINT('',(69.15010574375,-54.30780041966,
    29.238107812149));
#1227 = SURFACE_CURVE('',#1228,(#1232,#1239),.PCURVE_S1.);
#1228 = LINE('',#1229,#1230);
#1229 = CARTESIAN_POINT('',(68.275856457378,-53.43355113329,
    27.363274167273));
#1230 = VECTOR('',#1231,1.);
#1231 = DIRECTION('',(0.389281620635,-0.389281620635,0.834817129479));
#1232 = PCURVE('',#436,#1233);
#1233 = DEFINITIONAL_REPRESENTATION('',(#1234),#1238);
#1234 = LINE('',#1235,#1236);
#1235 = CARTESIAN_POINT('',(0.,0.));
#1236 = VECTOR('',#1237,1.);
#1237 = DIRECTION('',(0.,1.));
#1238 = ( GEOMETRIC_REPRESENTATION_CONTEXT(2) 
PARAMETRIC_REPRESENTATION_CONTEXT() REPRESENTATION_CONTEXT('2D SPACE',''
  ) );
#1239 = PCURVE('',#467,#1240);
#1240 = DEFINITIONAL_REPRESENTATION('',(#1241),#1245);
#1241 = LINE('',#1242,#1243);
#1242 = CARTESIAN_POINT('',(155.77585645737,-8.124474127436));
#1243 = VECTOR('',#1244,1.);
#1244 = DIRECTION('',(0.389281620635,-0.921118787039));
#1245 = ( GEOMETRIC_REPRESENTATION_CONTEXT(2) 
PARAMETRIC_REPRESENTATION_CONTEXT() REPRESENTATION_CONTEXT('2D SPACE',''
  ) );
#1246 = ORIENTED_EDGE('',*,*,#1247,.T.);
#1247 = EDGE_CURVE('',#1225,#821,#1248,.T.);
#1248 = SURFACE_CURVE('',#1249,(#1262,#1278),.PCURVE_S1.);
#1249 = ( BOUNDED_CURVE() B_SPLINE_CURVE(11,(#1250,#1251,#1252,#1253,
    #1254,#1255,#1256,#1257,#1258,#1259,#1260,#1261),.UNSPECIFIED.,.F.,
.F.) B_SPLINE_CURVE_WITH_KNOTS((12,12),(902.26893105864,929.47725824673)
,.PIECEWISE_BEZIER_KNOTS.) CURVE() GEOMETRIC_REPRESENTATION_ITEM() 
RATIONAL_B_SPLINE_CURVE((1.,1.,1.,1.,1.,1.,1.,1.,1.,1.,1.,1.)) 
REPRESENTATION_ITEM('') );
#1250 = CARTESIAN_POINT('',(69.150103673208,-54.30779834912,
    29.238103371857));
#1251 = CARTESIAN_POINT('',(72.401022649022,-53.95851835116,
    28.489069999038));
#1252 = CARTESIAN_POINT('',(75.479126855039,-53.14759829431,
    27.895010644897));
#1253 = CARTESIAN_POINT('',(78.388676687986,-51.9446839539,
    27.446485518867));
#1254 = CARTESIAN_POINT('',(81.135064046959,-50.38012361469,
    27.152753791788));
#1255 = CARTESIAN_POINT('',(83.682765884222,-48.45726084298,
    27.009605753648));
#1256 = CARTESIAN_POINT('',(85.952698363486,-46.1879389995,
    27.00946029424));
#1257 = CARTESIAN_POINT('',(87.876252631993,-43.64072207744,
    27.152330309901));
#1258 = CARTESIAN_POINT('',(89.44151693201,-40.89470315321,
    27.445758600134));
#1259 = CARTESIAN_POINT('',(90.645153831575,-37.98547605814,
    27.893985741547));
#1260 = CARTESIAN_POINT('',(91.45685686949,-34.90770354818,
    28.487756904006));
#1261 = CARTESIAN_POINT('',(91.807043081687,-31.65712384072,
    29.236486122548));
#1262 = PCURVE('',#436,#1263);
#1263 = DEFINITIONAL_REPRESENTATION('',(#1264),#1277);
#1264 = B_SPLINE_CURVE_WITH_KNOTS('',11,(#1265,#1266,#1267,#1268,#1269,
    #1270,#1271,#1272,#1273,#1274,#1275,#1276),.UNSPECIFIED.,.F.,.F.,(12
    ,12),(902.26893105864,929.47725824673),.PIECEWISE_BEZIER_KNOTS.);
#1265 = CARTESIAN_POINT('',(-1.433880378993E-15,2.245796280862));
#1266 = CARTESIAN_POINT('',(0.132648436473,2.750045114478));
#1267 = CARTESIAN_POINT('',(0.259780484803,3.136687260697));
#1268 = CARTESIAN_POINT('',(0.384365413465,3.426612835666));
#1269 = CARTESIAN_POINT('',(0.508433205251,3.641463733041));
#1270 = CARTESIAN_POINT('',(0.633041467069,3.765199969223));
#1271 = CARTESIAN_POINT('',(0.757915755093,3.765316260909));
#1272 = CARTESIAN_POINT('',(0.88252477541,3.64180585811));
#1273 = CARTESIAN_POINT('',(1.006592979912,3.427119124538));
#1274 = CARTESIAN_POINT('',(1.131176116158,3.13735169649));
#1275 = CARTESIAN_POINT('',(1.258302578217,2.750902887229));
#1276 = CARTESIAN_POINT('',(1.390940191064,2.24688498389));
#1277 = ( GEOMETRIC_REPRESENTATION_CONTEXT(2) 
PARAMETRIC_REPRESENTATION_CONTEXT() REPRESENTATION_CONTEXT('2D SPACE',''
  ) );
#1278 = PCURVE('',#1079,#1279);
#1279 = DEFINITIONAL_REPRESENTATION('',(#1280),#1284);
#1280 = LINE('',#1281,#1282);
#1281 = CARTESIAN_POINT('',(0.,0.));
#1282 = VECTOR('',#1283,1.);
#1283 = DIRECTION('',(0.,1.));
#1284 = ( GEOMETRIC_REPRESENTATION_CONTEXT(2) 
PARAMETRIC_REPRESENTATION_CONTEXT() REPRESENTATION_CONTEXT('2D SPACE',''
  ) );
#1285 = ORIENTED_EDGE('',*,*,#820,.T.);
#1286 = ORIENTED_EDGE('',*,*,#419,.F.);
#1287 = ADVANCED_FACE('',(#1288),#495,.F.);
#1288 = FACE_BOUND('',#1289,.F.);
#1289 = EDGE_LOOP('',(#1290,#1291,#1332,#1353));
#1290 = ORIENTED_EDGE('',*,*,#1177,.F.);
#1291 = ORIENTED_EDGE('',*,*,#1292,.T.);
#1292 = EDGE_CURVE('',#1178,#1293,#1295,.T.);
#1293 = VERTEX_POINT('',#1294);
#1294 = CARTESIAN_POINT('',(-69.15010574375,-54.30780041966,
    29.238107812149));
#1295 = SURFACE_CURVE('',#1296,(#1309,#1325),.PCURVE_S1.);
#1296 = ( BOUNDED_CURVE() B_SPLINE_CURVE(11,(#1297,#1298,#1299,#1300,
    #1301,#1302,#1303,#1304,#1305,#1306,#1307,#1308),.UNSPECIFIED.,.F.,
.F.) B_SPLINE_CURVE_WITH_KNOTS((12,12),(736.72532180639,763.93364899448)
,.PIECEWISE_BEZIER_KNOTS.) CURVE() GEOMETRIC_REPRESENTATION_ITEM() 
RATIONAL_B_SPLINE_CURVE((1.,1.,1.,1.,1.000000000001,0.999999999999,
1.000000000001,0.999999999999,1.,1.,1.,1.)) REPRESENTATION_ITEM('') );
#1297 = CARTESIAN_POINT('',(-91.80779834912,-31.6501036732,
    29.238103371857));
#1298 = CARTESIAN_POINT('',(-91.45851835116,-34.90102264902,
    28.489069999038));
#1299 = CARTESIAN_POINT('',(-90.64759829431,-37.97912685504,
    27.895010644897));
#1300 = CARTESIAN_POINT('',(-89.44468395391,-40.88867668798,
    27.446485518866));
#1301 = CARTESIAN_POINT('',(-87.88012361468,-43.63506404695,
    27.152753791791));
#1302 = CARTESIAN_POINT('',(-85.95726084299,-46.18276588422,
    27.009605753643));
#1303 = CARTESIAN_POINT('',(-83.68793899949,-48.45269836348,
    27.009460294245));
#1304 = CARTESIAN_POINT('',(-81.14072207745,-50.37625263199,
    27.152330309897));
#1305 = CARTESIAN_POINT('',(-78.39470315321,-51.94151693201,
    27.445758600135));
#1306 = CARTESIAN_POINT('',(-75.48547605814,-53.14515383157,
    27.893985741546));
#1307 = CARTESIAN_POINT('',(-72.40770354818,-53.95685686949,
    28.487756904006));
#1308 = CARTESIAN_POINT('',(-69.15712384072,-54.30704308168,
    29.236486122548));
#1309 = PCURVE('',#495,#1310);
#1310 = DEFINITIONAL_REPRESENTATION('',(#1311),#1324);
#1311 = B_SPLINE_CURVE_WITH_KNOTS('',11,(#1312,#1313,#1314,#1315,#1316,
    #1317,#1318,#1319,#1320,#1321,#1322,#1323),.UNSPECIFIED.,.F.,.F.,(12
    ,12),(736.72532180639,763.93364899448),.PIECEWISE_BEZIER_KNOTS.);
#1312 = CARTESIAN_POINT('',(-1.877969588841E-15,2.245796280862));
#1313 = CARTESIAN_POINT('',(0.132648436473,2.750045114478));
#1314 = CARTESIAN_POINT('',(0.259780484803,3.136687260697));
#1315 = CARTESIAN_POINT('',(0.384365413464,3.426612835667));
#1316 = CARTESIAN_POINT('',(0.508433205252,3.64146373304));
#1317 = CARTESIAN_POINT('',(0.633041467068,3.765199969224));
#1318 = CARTESIAN_POINT('',(0.757915755094,3.765316260909));
#1319 = CARTESIAN_POINT('',(0.882524775409,3.641805858109));
#1320 = CARTESIAN_POINT('',(1.006592979913,3.42711912454));
#1321 = CARTESIAN_POINT('',(1.131176116158,3.137351696489));
#1322 = CARTESIAN_POINT('',(1.258302578217,2.750902887229));
#1323 = CARTESIAN_POINT('',(1.390940191064,2.24688498389));
#1324 = ( GEOMETRIC_REPRESENTATION_CONTEXT(2) 
PARAMETRIC_REPRESENTATION_CONTEXT() REPRESENTATION_CONTEXT('2D SPACE',''
  ) );
#1325 = PCURVE('',#973,#1326);
#1326 = DEFINITIONAL_REPRESENTATION('',(#1327),#1331);
#1327 = LINE('',#1328,#1329);
#1328 = CARTESIAN_POINT('',(0.,0.));
#1329 = VECTOR('',#1330,1.);
#1330 = DIRECTION('',(0.,1.));
#1331 = ( GEOMETRIC_REPRESENTATION_CONTEXT(2) 
PARAMETRIC_REPRESENTATION_CONTEXT() REPRESENTATION_CONTEXT('2D SPACE',''
  ) );
#1332 = ORIENTED_EDGE('',*,*,#1333,.T.);
#1333 = EDGE_CURVE('',#1293,#453,#1334,.T.);
#1334 = SURFACE_CURVE('',#1335,(#1339,#1346),.PCURVE_S1.);
#1335 = LINE('',#1336,#1337);
#1336 = CARTESIAN_POINT('',(-68.27585645737,-53.43355113329,
    27.363274167273));
#1337 = VECTOR('',#1338,1.);
#1338 = DIRECTION('',(-0.389281620635,-0.389281620635,0.834817129479));
#1339 = PCURVE('',#495,#1340);
#1340 = DEFINITIONAL_REPRESENTATION('',(#1341),#1345);
#1341 = LINE('',#1342,#1343);
#1342 = CARTESIAN_POINT('',(1.391226640787,0.));
#1343 = VECTOR('',#1344,1.);
#1344 = DIRECTION('',(0.,1.));
#1345 = ( GEOMETRIC_REPRESENTATION_CONTEXT(2) 
PARAMETRIC_REPRESENTATION_CONTEXT() REPRESENTATION_CONTEXT('2D SPACE',''
  ) );
#1346 = PCURVE('',#467,#1347);
#1347 = DEFINITIONAL_REPRESENTATION('',(#1348),#1352);
#1348 = LINE('',#1349,#1350);
#1349 = CARTESIAN_POINT('',(19.224143542622,-8.124474127436));
#1350 = VECTOR('',#1351,1.);
#1351 = DIRECTION('',(-0.389281620635,-0.921118787039));
#1352 = ( GEOMETRIC_REPRESENTATION_CONTEXT(2) 
PARAMETRIC_REPRESENTATION_CONTEXT() REPRESENTATION_CONTEXT('2D SPACE',''
  ) );
#1353 = ORIENTED_EDGE('',*,*,#478,.F.);
#1354 = ADVANCED_FACE('',(#1355),#467,.T.);
#1355 = FACE_BOUND('',#1356,.T.);
#1356 = EDGE_LOOP('',(#1357,#1358,#1359,#1360));
#1357 = ORIENTED_EDGE('',*,*,#1333,.T.);
#1358 = ORIENTED_EDGE('',*,*,#452,.T.);
#1359 = ORIENTED_EDGE('',*,*,#1224,.F.);
#1360 = ORIENTED_EDGE('',*,*,#1361,.F.);
#1361 = EDGE_CURVE('',#1293,#1225,#1362,.T.);
#1362 = SURFACE_CURVE('',#1363,(#1367,#1374),.PCURVE_S1.);
#1363 = LINE('',#1364,#1365);
#1364 = CARTESIAN_POINT('',(-64.84230532408,-54.30780041966,
    29.238107812149));
#1365 = VECTOR('',#1366,1.);
#1366 = DIRECTION('',(1.,0.,0.));
#1367 = PCURVE('',#467,#1368);
#1368 = DEFINITIONAL_REPRESENTATION('',(#1369),#1373);
#1369 = LINE('',#1370,#1371);
#1370 = CARTESIAN_POINT('',(22.657694675916,-10.19312417292));
#1371 = VECTOR('',#1372,1.);
#1372 = DIRECTION('',(1.,0.));
#1373 = ( GEOMETRIC_REPRESENTATION_CONTEXT(2) 
PARAMETRIC_REPRESENTATION_CONTEXT() REPRESENTATION_CONTEXT('2D SPACE',''
  ) );
#1374 = PCURVE('',#1033,#1375);
#1375 = DEFINITIONAL_REPRESENTATION('',(#1376),#1380);
#1376 = LINE('',#1377,#1378);
#1377 = CARTESIAN_POINT('',(0.,0.));
#1378 = VECTOR('',#1379,1.);
#1379 = DIRECTION('',(0.,1.));
#1380 = ( GEOMETRIC_REPRESENTATION_CONTEXT(2) 
PARAMETRIC_REPRESENTATION_CONTEXT() REPRESENTATION_CONTEXT('2D SPACE',''
  ) );
#1381 = ADVANCED_FACE('',(#1382),#583,.F.);
#1382 = FACE_BOUND('',#1383,.F.);
#1383 = EDGE_LOOP('',(#1384,#1407,#1408,#1431));
#1384 = ORIENTED_EDGE('',*,*,#1385,.T.);
#1385 = EDGE_CURVE('',#1386,#566,#1388,.T.);
#1386 = VERTEX_POINT('',#1387);
#1387 = CARTESIAN_POINT('',(107.5,70.,0.));
#1388 = SURFACE_CURVE('',#1389,(#1393,#1400),.PCURVE_S1.);
#1389 = LINE('',#1390,#1391);
#1390 = CARTESIAN_POINT('',(107.5,70.,0.));
#1391 = VECTOR('',#1392,1.);
#1392 = DIRECTION('',(0.,0.,1.));
#1393 = PCURVE('',#583,#1394);
#1394 = DEFINITIONAL_REPRESENTATION('',(#1395),#1399);
#1395 = LINE('',#1396,#1397);
#1396 = CARTESIAN_POINT('',(0.,-0.));
#1397 = VECTOR('',#1398,1.);
#1398 = DIRECTION('',(0.,-1.));
#1399 = ( GEOMETRIC_REPRESENTATION_CONTEXT(2) 
PARAMETRIC_REPRESENTATION_CONTEXT() REPRESENTATION_CONTEXT('2D SPACE',''
  ) );
#1400 = PCURVE('',#665,#1401);
#1401 = DEFINITIONAL_REPRESENTATION('',(#1402),#1406);
#1402 = LINE('',#1403,#1404);
#1403 = CARTESIAN_POINT('',(140.,0.));
#1404 = VECTOR('',#1405,1.);
#1405 = DIRECTION('',(0.,-1.));
#1406 = ( GEOMETRIC_REPRESENTATION_CONTEXT(2) 
PARAMETRIC_REPRESENTATION_CONTEXT() REPRESENTATION_CONTEXT('2D SPACE',''
  ) );
#1407 = ORIENTED_EDGE('',*,*,#565,.T.);
#1408 = ORIENTED_EDGE('',*,*,#1409,.F.);
#1409 = EDGE_CURVE('',#1410,#568,#1412,.T.);
#1410 = VERTEX_POINT('',#1411);
#1411 = CARTESIAN_POINT('',(-107.5,70.,0.));
#1412 = SURFACE_CURVE('',#1413,(#1417,#1424),.PCURVE_S1.);
#1413 = LINE('',#1414,#1415);
#1414 = CARTESIAN_POINT('',(-107.5,70.,0.));
#1415 = VECTOR('',#1416,1.);
#1416 = DIRECTION('',(0.,0.,1.));
#1417 = PCURVE('',#583,#1418);
#1418 = DEFINITIONAL_REPRESENTATION('',(#1419),#1423);
#1419 = LINE('',#1420,#1421);
#1420 = CARTESIAN_POINT('',(215.,0.));
#1421 = VECTOR('',#1422,1.);
#1422 = DIRECTION('',(0.,-1.));
#1423 = ( GEOMETRIC_REPRESENTATION_CONTEXT(2) 
PARAMETRIC_REPRESENTATION_CONTEXT() REPRESENTATION_CONTEXT('2D SPACE',''
  ) );
#1424 = PCURVE('',#611,#1425);
#1425 = DEFINITIONAL_REPRESENTATION('',(#1426),#1430);
#1426 = LINE('',#1427,#1428);
#1427 = CARTESIAN_POINT('',(0.,0.));
#1428 = VECTOR('',#1429,1.);
#1429 = DIRECTION('',(0.,-1.));
#1430 = ( GEOMETRIC_REPRESENTATION_CONTEXT(2) 
PARAMETRIC_REPRESENTATION_CONTEXT() REPRESENTATION_CONTEXT('2D SPACE',''
  ) );
#1431 = ORIENTED_EDGE('',*,*,#1432,.F.);
#1432 = EDGE_CURVE('',#1386,#1410,#1433,.T.);
#1433 = SURFACE_CURVE('',#1434,(#1438,#1445),.PCURVE_S1.);
#1434 = LINE('',#1435,#1436);
#1435 = CARTESIAN_POINT('',(107.5,70.,0.));
#1436 = VECTOR('',#1437,1.);
#1437 = DIRECTION('',(-1.,0.,0.));
#1438 = PCURVE('',#583,#1439);
#1439 = DEFINITIONAL_REPRESENTATION('',(#1440),#1444);
#1440 = LINE('',#1441,#1442);
#1441 = CARTESIAN_POINT('',(0.,-0.));
#1442 = VECTOR('',#1443,1.);
#1443 = DIRECTION('',(1.,0.));
#1444 = ( GEOMETRIC_REPRESENTATION_CONTEXT(2) 
PARAMETRIC_REPRESENTATION_CONTEXT() REPRESENTATION_CONTEXT('2D SPACE',''
  ) );
#1445 = PCURVE('',#1446,#1451);
#1446 = PLANE('',#1447);
#1447 = AXIS2_PLACEMENT_3D('',#1448,#1449,#1450);
#1448 = CARTESIAN_POINT('',(0.,0.,0.));
#1449 = DIRECTION('',(0.,0.,1.));
#1450 = DIRECTION('',(1.,0.,-0.));
#1451 = DEFINITIONAL_REPRESENTATION('',(#1452),#1456);
#1452 = LINE('',#1453,#1454);
#1453 = CARTESIAN_POINT('',(107.5,70.));
#1454 = VECTOR('',#1455,1.);
#1455 = DIRECTION('',(-1.,0.));
#1456 = ( GEOMETRIC_REPRESENTATION_CONTEXT(2) 
PARAMETRIC_REPRESENTATION_CONTEXT() REPRESENTATION_CONTEXT('2D SPACE',''
  ) );
#1457 = ADVANCED_FACE('',(#1458),#665,.F.);
#1458 = FACE_BOUND('',#1459,.F.);
#1459 = EDGE_LOOP('',(#1460,#1483,#1484,#1485));
#1460 = ORIENTED_EDGE('',*,*,#1461,.T.);
#1461 = EDGE_CURVE('',#1462,#624,#1464,.T.);
#1462 = VERTEX_POINT('',#1463);
#1463 = CARTESIAN_POINT('',(107.5,-70.,0.));
#1464 = SURFACE_CURVE('',#1465,(#1469,#1476),.PCURVE_S1.);
#1465 = LINE('',#1466,#1467);
#1466 = CARTESIAN_POINT('',(107.5,-70.,0.));
#1467 = VECTOR('',#1468,1.);
#1468 = DIRECTION('',(0.,0.,1.));
#1469 = PCURVE('',#665,#1470);
#1470 = DEFINITIONAL_REPRESENTATION('',(#1471),#1475);
#1471 = LINE('',#1472,#1473);
#1472 = CARTESIAN_POINT('',(0.,0.));
#1473 = VECTOR('',#1474,1.);
#1474 = DIRECTION('',(0.,-1.));
#1475 = ( GEOMETRIC_REPRESENTATION_CONTEXT(2) 
PARAMETRIC_REPRESENTATION_CONTEXT() REPRESENTATION_CONTEXT('2D SPACE',''
  ) );
#1476 = PCURVE('',#639,#1477);
#1477 = DEFINITIONAL_REPRESENTATION('',(#1478),#1482);
#1478 = LINE('',#1479,#1480);
#1479 = CARTESIAN_POINT('',(215.,0.));
#1480 = VECTOR('',#1481,1.);
#1481 = DIRECTION('',(0.,-1.));
#1482 = ( GEOMETRIC_REPRESENTATION_CONTEXT(2) 
PARAMETRIC_REPRESENTATION_CONTEXT() REPRESENTATION_CONTEXT('2D SPACE',''
  ) );
#1483 = ORIENTED_EDGE('',*,*,#651,.T.);
#1484 = ORIENTED_EDGE('',*,*,#1385,.F.);
#1485 = ORIENTED_EDGE('',*,*,#1486,.F.);
#1486 = EDGE_CURVE('',#1462,#1386,#1487,.T.);
#1487 = SURFACE_CURVE('',#1488,(#1492,#1499),.PCURVE_S1.);
#1488 = LINE('',#1489,#1490);
#1489 = CARTESIAN_POINT('',(107.5,-70.,0.));
#1490 = VECTOR('',#1491,1.);
#1491 = DIRECTION('',(0.,1.,0.));
#1492 = PCURVE('',#665,#1493);
#1493 = DEFINITIONAL_REPRESENTATION('',(#1494),#1498);
#1494 = LINE('',#1495,#1496);
#1495 = CARTESIAN_POINT('',(0.,0.));
#1496 = VECTOR('',#1497,1.);
#1497 = DIRECTION('',(1.,0.));
#1498 = ( GEOMETRIC_REPRESENTATION_CONTEXT(2) 
PARAMETRIC_REPRESENTATION_CONTEXT() REPRESENTATION_CONTEXT('2D SPACE',''
  ) );
#1499 = PCURVE('',#1446,#1500);
#1500 = DEFINITIONAL_REPRESENTATION('',(#1501),#1505);
#1501 = LINE('',#1502,#1503);
#1502 = CARTESIAN_POINT('',(107.5,-70.));
#1503 = VECTOR('',#1504,1.);
#1504 = DIRECTION('',(0.,1.));
#1505 = ( GEOMETRIC_REPRESENTATION_CONTEXT(2) 
PARAMETRIC_REPRESENTATION_CONTEXT() REPRESENTATION_CONTEXT('2D SPACE',''
  ) );
#1506 = ADVANCED_FACE('',(#1507),#611,.F.);
#1507 = FACE_BOUND('',#1508,.F.);
#1508 = EDGE_LOOP('',(#1509,#1510,#1511,#1534));
#1509 = ORIENTED_EDGE('',*,*,#1409,.T.);
#1510 = ORIENTED_EDGE('',*,*,#595,.T.);
#1511 = ORIENTED_EDGE('',*,*,#1512,.F.);
#1512 = EDGE_CURVE('',#1513,#596,#1515,.T.);
#1513 = VERTEX_POINT('',#1514);
#1514 = CARTESIAN_POINT('',(-107.5,-70.,0.));
#1515 = SURFACE_CURVE('',#1516,(#1520,#1527),.PCURVE_S1.);
#1516 = LINE('',#1517,#1518);
#1517 = CARTESIAN_POINT('',(-107.5,-70.,0.));
#1518 = VECTOR('',#1519,1.);
#1519 = DIRECTION('',(0.,0.,1.));
#1520 = PCURVE('',#611,#1521);
#1521 = DEFINITIONAL_REPRESENTATION('',(#1522),#1526);
#1522 = LINE('',#1523,#1524);
#1523 = CARTESIAN_POINT('',(140.,0.));
#1524 = VECTOR('',#1525,1.);
#1525 = DIRECTION('',(0.,-1.));
#1526 = ( GEOMETRIC_REPRESENTATION_CONTEXT(2) 
PARAMETRIC_REPRESENTATION_CONTEXT() REPRESENTATION_CONTEXT('2D SPACE',''
  ) );
#1527 = PCURVE('',#639,#1528);
#1528 = DEFINITIONAL_REPRESENTATION('',(#1529),#1533);
#1529 = LINE('',#1530,#1531);
#1530 = CARTESIAN_POINT('',(0.,0.));
#1531 = VECTOR('',#1532,1.);
#1532 = DIRECTION('',(0.,-1.));
#1533 = ( GEOMETRIC_REPRESENTATION_CONTEXT(2) 
PARAMETRIC_REPRESENTATION_CONTEXT() REPRESENTATION_CONTEXT('2D SPACE',''
  ) );
#1534 = ORIENTED_EDGE('',*,*,#1535,.F.);
#1535 = EDGE_CURVE('',#1410,#1513,#1536,.T.);
#1536 = SURFACE_CURVE('',#1537,(#1541,#1548),.PCURVE_S1.);
#1537 = LINE('',#1538,#1539);
#1538 = CARTESIAN_POINT('',(-107.5,70.,0.));
#1539 = VECTOR('',#1540,1.);
#1540 = DIRECTION('',(0.,-1.,0.));
#1541 = PCURVE('',#611,#1542);
#1542 = DEFINITIONAL_REPRESENTATION('',(#1543),#1547);
#1543 = LINE('',#1544,#1545);
#1544 = CARTESIAN_POINT('',(0.,0.));
#1545 = VECTOR('',#1546,1.);
#1546 = DIRECTION('',(1.,0.));
#1547 = ( GEOMETRIC_REPRESENTATION_CONTEXT(2) 
PARAMETRIC_REPRESENTATION_CONTEXT() REPRESENTATION_CONTEXT('2D SPACE',''
  ) );
#1548 = PCURVE('',#1446,#1549);
#1549 = DEFINITIONAL_REPRESENTATION('',(#1550),#1554);
#1550 = LINE('',#1551,#1552);
#1551 = CARTESIAN_POINT('',(-107.5,70.));
#1552 = VECTOR('',#1553,1.);
#1553 = DIRECTION('',(0.,-1.));
#1554 = ( GEOMETRIC_REPRESENTATION_CONTEXT(2) 
PARAMETRIC_REPRESENTATION_CONTEXT() REPRESENTATION_CONTEXT('2D SPACE',''
  ) );
#1555 = ADVANCED_FACE('',(#1556),#639,.F.);
#1556 = FACE_BOUND('',#1557,.F.);
#1557 = EDGE_LOOP('',(#1558,#1559,#1560,#1561));
#1558 = ORIENTED_EDGE('',*,*,#1512,.T.);
#1559 = ORIENTED_EDGE('',*,*,#623,.T.);
#1560 = ORIENTED_EDGE('',*,*,#1461,.F.);
#1561 = ORIENTED_EDGE('',*,*,#1562,.F.);
#1562 = EDGE_CURVE('',#1513,#1462,#1563,.T.);
#1563 = SURFACE_CURVE('',#1564,(#1568,#1575),.PCURVE_S1.);
#1564 = LINE('',#1565,#1566);
#1565 = CARTESIAN_POINT('',(-107.5,-70.,0.));
#1566 = VECTOR('',#1567,1.);
#1567 = DIRECTION('',(1.,0.,0.));
#1568 = PCURVE('',#639,#1569);
#1569 = DEFINITIONAL_REPRESENTATION('',(#1570),#1574);
#1570 = LINE('',#1571,#1572);
#1571 = CARTESIAN_POINT('',(0.,0.));
#1572 = VECTOR('',#1573,1.);
#1573 = DIRECTION('',(1.,0.));
#1574 = ( GEOMETRIC_REPRESENTATION_CONTEXT(2) 
PARAMETRIC_REPRESENTATION_CONTEXT() REPRESENTATION_CONTEXT('2D SPACE',''
  ) );
#1575 = PCURVE('',#1446,#1576);
#1576 = DEFINITIONAL_REPRESENTATION('',(#1577),#1581);
#1577 = LINE('',#1578,#1579);
#1578 = CARTESIAN_POINT('',(-107.5,-70.));
#1579 = VECTOR('',#1580,1.);
#1580 = DIRECTION('',(1.,0.));
#1581 = ( GEOMETRIC_REPRESENTATION_CONTEXT(2) 
PARAMETRIC_REPRESENTATION_CONTEXT() REPRESENTATION_CONTEXT('2D SPACE',''
  ) );
#1582 = ADVANCED_FACE('',(#1583),#765,.F.);
#1583 = FACE_BOUND('',#1584,.F.);
#1584 = EDGE_LOOP('',(#1585,#1606,#1607,#1608));
#1585 = ORIENTED_EDGE('',*,*,#1586,.T.);
#1586 = EDGE_CURVE('',#821,#1046,#1587,.T.);
#1587 = SURFACE_CURVE('',#1588,(#1592,#1600),.PCURVE_S1.);
#1588 = ( BOUNDED_CURVE() B_SPLINE_CURVE(2,(#1589,#1590,#1591),
.UNSPECIFIED.,.F.,.F.) B_SPLINE_CURVE_WITH_KNOTS((3,3),(0.,
27.208327188088),.PIECEWISE_BEZIER_KNOTS.) CURVE() 
GEOMETRIC_REPRESENTATION_ITEM() RATIONAL_B_SPLINE_CURVE((1.,
0.843421489334,1.)) REPRESENTATION_ITEM('') );
#1589 = CARTESIAN_POINT('',(91.807043081687,-31.65712384072,
    29.236486122548));
#1590 = CARTESIAN_POINT('',(87.498746933198,-31.65010370194,20.));
#1591 = CARTESIAN_POINT('',(77.306894055418,-31.63349662129,20.));
#1592 = PCURVE('',#765,#1593);
#1593 = DEFINITIONAL_REPRESENTATION('',(#1594),#1599);
#1594 = B_SPLINE_CURVE_WITH_KNOTS('',3,(#1595,#1596,#1597,#1598),
  .UNSPECIFIED.,.F.,.F.,(4,4),(0.,27.208327188088),
  .PIECEWISE_BEZIER_KNOTS.);
#1595 = CARTESIAN_POINT('',(0.,-4.307800419667));
#1596 = CARTESIAN_POINT('',(0.358168297704,-4.307800419667));
#1597 = CARTESIAN_POINT('',(0.776295716093,-4.307800419667));
#1598 = CARTESIAN_POINT('',(1.134464013796,-4.307800419667));
#1599 = ( GEOMETRIC_REPRESENTATION_CONTEXT(2) 
PARAMETRIC_REPRESENTATION_CONTEXT() REPRESENTATION_CONTEXT('2D SPACE',''
  ) );
#1600 = PCURVE('',#1079,#1601);
#1601 = DEFINITIONAL_REPRESENTATION('',(#1602),#1605);
#1602 = B_SPLINE_CURVE_WITH_KNOTS('',1,(#1603,#1604),.UNSPECIFIED.,.F.,
  .F.,(2,2),(0.,27.208327188088),.PIECEWISE_BEZIER_KNOTS.);
#1603 = CARTESIAN_POINT('',(0.,929.47725824673));
#1604 = CARTESIAN_POINT('',(27.208327188088,929.47725824673));
#1605 = ( GEOMETRIC_REPRESENTATION_CONTEXT(2) 
PARAMETRIC_REPRESENTATION_CONTEXT() REPRESENTATION_CONTEXT('2D SPACE',''
  ) );
#1606 = ORIENTED_EDGE('',*,*,#1123,.T.);
#1607 = ORIENTED_EDGE('',*,*,#747,.F.);
#1608 = ORIENTED_EDGE('',*,*,#845,.F.);
#1609 = ADVANCED_FACE('',(#1610),#927,.F.);
#1610 = FACE_BOUND('',#1611,.F.);
#1611 = EDGE_LOOP('',(#1612,#1613,#1614,#1636));
#1612 = ORIENTED_EDGE('',*,*,#1150,.T.);
#1613 = ORIENTED_EDGE('',*,*,#911,.T.);
#1614 = ORIENTED_EDGE('',*,*,#1615,.F.);
#1615 = EDGE_CURVE('',#1178,#912,#1616,.T.);
#1616 = SURFACE_CURVE('',#1617,(#1622,#1628),.PCURVE_S1.);
#1617 = CIRCLE('',#1618,16.);
#1618 = AXIS2_PLACEMENT_3D('',#1619,#1620,#1621);
#1619 = CARTESIAN_POINT('',(-77.30687582708,-31.65010574375,36.));
#1620 = DIRECTION('',(0.,-1.,0.));
#1621 = DIRECTION('',(-0.906307787037,-0.,-0.422618261741));
#1622 = PCURVE('',#927,#1623);
#1623 = DEFINITIONAL_REPRESENTATION('',(#1624),#1627);
#1624 = B_SPLINE_CURVE_WITH_KNOTS('',1,(#1625,#1626),.UNSPECIFIED.,.F.,
  .F.,(2,2),(0.,1.134464013796),.PIECEWISE_BEZIER_KNOTS.);
#1625 = CARTESIAN_POINT('',(0.,58.992411067834));
#1626 = CARTESIAN_POINT('',(1.134464013796,58.992411067834));
#1627 = ( GEOMETRIC_REPRESENTATION_CONTEXT(2) 
PARAMETRIC_REPRESENTATION_CONTEXT() REPRESENTATION_CONTEXT('2D SPACE',''
  ) );
#1628 = PCURVE('',#973,#1629);
#1629 = DEFINITIONAL_REPRESENTATION('',(#1630),#1635);
#1630 = B_SPLINE_CURVE_WITH_KNOTS('',3,(#1631,#1632,#1633,#1634),
  .UNSPECIFIED.,.F.,.F.,(4,4),(0.,1.134464013796),
  .PIECEWISE_BEZIER_KNOTS.);
#1631 = CARTESIAN_POINT('',(0.,736.72532180639));
#1632 = CARTESIAN_POINT('',(9.574693835943,736.72532180639));
#1633 = CARTESIAN_POINT('',(17.633633352146,736.72532180639));
#1634 = CARTESIAN_POINT('',(27.208327188088,736.72532180639));
#1635 = ( GEOMETRIC_REPRESENTATION_CONTEXT(2) 
PARAMETRIC_REPRESENTATION_CONTEXT() REPRESENTATION_CONTEXT('2D SPACE',''
  ) );
#1636 = ORIENTED_EDGE('',*,*,#1200,.F.);
#1637 = ADVANCED_FACE('',(#1638),#1079,.F.);
#1638 = FACE_BOUND('',#1639,.F.);
#1639 = EDGE_LOOP('',(#1640,#1662,#1663,#1664));
#1640 = ORIENTED_EDGE('',*,*,#1641,.T.);
#1641 = EDGE_CURVE('',#1225,#1018,#1642,.T.);
#1642 = SURFACE_CURVE('',#1643,(#1648,#1656),.PCURVE_S1.);
#1643 = CIRCLE('',#1644,16.);
#1644 = AXIS2_PLACEMENT_3D('',#1645,#1646,#1647);
#1645 = CARTESIAN_POINT('',(69.15010574375,-39.80687582708,36.));
#1646 = DIRECTION('',(1.,0.,0.));
#1647 = DIRECTION('',(0.,-0.906307787037,-0.422618261741));
#1648 = PCURVE('',#1079,#1649);
#1649 = DEFINITIONAL_REPRESENTATION('',(#1650),#1655);
#1650 = B_SPLINE_CURVE_WITH_KNOTS('',3,(#1651,#1652,#1653,#1654),
  .UNSPECIFIED.,.F.,.F.,(4,4),(0.,1.134464013796),
  .PIECEWISE_BEZIER_KNOTS.);
#1651 = CARTESIAN_POINT('',(-3.552713678801E-15,902.26893105864));
#1652 = CARTESIAN_POINT('',(9.574693835943,902.26893105864));
#1653 = CARTESIAN_POINT('',(17.633633352145,902.26893105864));
#1654 = CARTESIAN_POINT('',(27.208327188088,902.26893105864));
#1655 = ( GEOMETRIC_REPRESENTATION_CONTEXT(2) 
PARAMETRIC_REPRESENTATION_CONTEXT() REPRESENTATION_CONTEXT('2D SPACE',''
  ) );
#1656 = PCURVE('',#1033,#1657);
#1657 = DEFINITIONAL_REPRESENTATION('',(#1658),#1661);
#1658 = B_SPLINE_CURVE_WITH_KNOTS('',1,(#1659,#1660),.UNSPECIFIED.,.F.,
  .F.,(2,2),(0.,1.134464013796),.PIECEWISE_BEZIER_KNOTS.);
#1659 = CARTESIAN_POINT('',(0.,133.99241106783));
#1660 = CARTESIAN_POINT('',(1.134464013796,133.99241106783));
#1661 = ( GEOMETRIC_REPRESENTATION_CONTEXT(2) 
PARAMETRIC_REPRESENTATION_CONTEXT() REPRESENTATION_CONTEXT('2D SPACE',''
  ) );
#1662 = ORIENTED_EDGE('',*,*,#1045,.T.);
#1663 = ORIENTED_EDGE('',*,*,#1586,.F.);
#1664 = ORIENTED_EDGE('',*,*,#1247,.F.);
#1665 = ADVANCED_FACE('',(#1666),#973,.F.);
#1666 = FACE_BOUND('',#1667,.F.);
#1667 = EDGE_LOOP('',(#1668,#1669,#1670,#1691));
#1668 = ORIENTED_EDGE('',*,*,#1615,.T.);
#1669 = ORIENTED_EDGE('',*,*,#939,.T.);
#1670 = ORIENTED_EDGE('',*,*,#1671,.F.);
#1671 = EDGE_CURVE('',#1293,#940,#1672,.T.);
#1672 = SURFACE_CURVE('',#1673,(#1677,#1683),.PCURVE_S1.);
#1673 = ( BOUNDED_CURVE() B_SPLINE_CURVE(2,(#1674,#1675,#1676),
.UNSPECIFIED.,.F.,.F.) B_SPLINE_CURVE_WITH_KNOTS((3,3),(0.,
27.208327188088),.PIECEWISE_BEZIER_KNOTS.) CURVE() 
GEOMETRIC_REPRESENTATION_ITEM() RATIONAL_B_SPLINE_CURVE((1.,
0.843421489334,1.)) REPRESENTATION_ITEM('') );
#1674 = CARTESIAN_POINT('',(-69.15712384072,-54.30704308168,
    29.236486122548));
#1675 = CARTESIAN_POINT('',(-69.15010370194,-49.99874693319,20.));
#1676 = CARTESIAN_POINT('',(-69.13349662129,-39.80689405541,20.));
#1677 = PCURVE('',#973,#1678);
#1678 = DEFINITIONAL_REPRESENTATION('',(#1679),#1682);
#1679 = B_SPLINE_CURVE_WITH_KNOTS('',1,(#1680,#1681),.UNSPECIFIED.,.F.,
  .F.,(2,2),(0.,27.208327188088),.PIECEWISE_BEZIER_KNOTS.);
#1680 = CARTESIAN_POINT('',(0.,763.93364899448));
#1681 = CARTESIAN_POINT('',(27.208327188088,763.93364899448));
#1682 = ( GEOMETRIC_REPRESENTATION_CONTEXT(2) 
PARAMETRIC_REPRESENTATION_CONTEXT() REPRESENTATION_CONTEXT('2D SPACE',''
  ) );
#1683 = PCURVE('',#1033,#1684);
#1684 = DEFINITIONAL_REPRESENTATION('',(#1685),#1690);
#1685 = B_SPLINE_CURVE_WITH_KNOTS('',3,(#1686,#1687,#1688,#1689),
  .UNSPECIFIED.,.F.,.F.,(4,4),(0.,27.208327188088),
  .PIECEWISE_BEZIER_KNOTS.);
#1686 = CARTESIAN_POINT('',(0.,-4.307800419667));
#1687 = CARTESIAN_POINT('',(0.358168297704,-4.307800419667));
#1688 = CARTESIAN_POINT('',(0.776295716093,-4.307800419667));
#1689 = CARTESIAN_POINT('',(1.134464013796,-4.307800419667));
#1690 = ( GEOMETRIC_REPRESENTATION_CONTEXT(2) 
PARAMETRIC_REPRESENTATION_CONTEXT() REPRESENTATION_CONTEXT('2D SPACE',''
  ) );
#1691 = ORIENTED_EDGE('',*,*,#1292,.F.);
#1692 = ADVANCED_FACE('',(#1693),#1033,.F.);
#1693 = FACE_BOUND('',#1694,.F.);
#1694 = EDGE_LOOP('',(#1695,#1696,#1697,#1698));
#1695 = ORIENTED_EDGE('',*,*,#1671,.T.);
#1696 = ORIENTED_EDGE('',*,*,#1017,.T.);
#1697 = ORIENTED_EDGE('',*,*,#1641,.F.);
#1698 = ORIENTED_EDGE('',*,*,#1361,.F.);
#1699 = ADVANCED_FACE('',(#1700),#1446,.F.);
#1700 = FACE_BOUND('',#1701,.F.);
#1701 = EDGE_LOOP('',(#1702,#1703,#1704,#1705));
#1702 = ORIENTED_EDGE('',*,*,#1432,.T.);
#1703 = ORIENTED_EDGE('',*,*,#1535,.T.);
#1704 = ORIENTED_EDGE('',*,*,#1562,.T.);
#1705 = ORIENTED_EDGE('',*,*,#1486,.T.);
#1706 = ( GEOMETRIC_REPRESENTATION_CONTEXT(3) 
GLOBAL_UNCERTAINTY_ASSIGNED_CONTEXT((#1710)) 
GLOBAL_UNIT_ASSIGNED_CONTEXT((#1707,#1708,#1709)) REPRESENTATION_CONTEXT
('Context #1','3D Context with UNIT and UNCERTAINTY') );
#1707 = ( LENGTH_UNIT() NAMED_UNIT(*) SI_UNIT(.MILLI.,.METRE.) );
#1708 = ( NAMED_UNIT(*) PLANE_ANGLE_UNIT() SI_UNIT($,.RADIAN.) );
#1709 = ( NAMED_UNIT(*) SI_UNIT($,.STERADIAN.) SOLID_ANGLE_UNIT() );
#1710 = UNCERTAINTY_MEASURE_WITH_UNIT(LENGTH_MEASURE(1.E-02),#1707,
  'distance_accuracy_value','confusion accuracy');
#1711 = PRODUCT_RELATED_PRODUCT_CATEGORY('part',$,(#7));
ENDSEC;
END-ISO-10303-21;
