ISO-10303-21;
HEADER;
FILE_DESCRIPTION(('Open CASCADE Model'),'2;1');
FILE_NAME('Open CASCADE Shape Model','2026-10-01T15:46:57',('Author'),(
    'Open CASCADE'),'Open CASCADE STEP processor 7.4','Open CASCADE 7.4'
  ,'Unknown');
FILE_SCHEMA(('AUTOMOTIVE_DESIGN { 1 0 10303 214 1 1 1 1 }'));
ENDSEC;
DATA;
#1 = APPLICATION_PROTOCOL_DEFINITION('international standard',
  'automotive_design',2000,#2);
#2 = APPLICATION_CONTEXT(
  'core data for automotive mechanical design processes');
#3 = SHAPE_DEFINITION_REPRESENTATION(#4,#10);
#4 = PRODUCT_DEFINITION_SHAPE('','',#5);
#5 = PRODUCT_DEFINITION('design','',#6,#9);
#6 = PRODUCT_DEFINITION_FORMATION('','',#7);
#7 = PRODUCT('Open CASCADE STEP translator 7.4 2',
  'Open CASCADE STEP translator 7.4 2','',(#8));
#8 = PRODUCT_CONTEXT('',#2,'mechanical');
#9 = PRODUCT_DEFINITION_CONTEXT('part definition',#2,'design');
#10 = SHAPE_REPRESENTATION('',(#11,#15,#19),#23);
#11 = AXIS2_PLACEMENT_3D('',#12,#13,#14);
#12 = CARTESIAN_POINT('',(0.,0.,0.));
#13 = DIRECTION('',(0.,0.,1.));
#14 = DIRECTION('',(1.,0.,-0.));
#15 = AXIS2_PLACEMENT_3D('',#16,#17,#18);
#16 = CARTESIAN_POINT('',(0.,0.,0.));
#17 = DIRECTION('',(0.,0.,1.));
#18 = DIRECTION('',(1.,0.,-0.));
#19 = AXIS2_PLACEMENT_3D('',#20,#21,#22);
#20 = CARTESIAN_POINT('',(0.,0.,0.));
#21 = DIRECTION('',(0.,0.,1.));
#22 = DIRECTION('',(1.,0.,-0.));
#23 = ( GEOMETRIC_REPRESENTATION_CONTEXT(3) 
GLOBAL_UNCERTAINTY_ASSIGNED_CONTEXT((#27)) GLOBAL_UNIT_ASSIGNED_CONTEXT(
(#24,#25,#26)) REPRESENTATION_CONTEXT('Context #1',
  '3D Context with UNIT and UNCERTAINTY') );
#24 = ( LENGTH_UNIT() NAMED_UNIT(*) SI_UNIT(.MILLI.,.METRE.) );
#25 = ( NAMED_UNIT(*) PLANE_ANGLE_UNIT() SI_UNIT($,.RADIAN.) );
#26 = ( NAMED_UNIT(*) SI_UNIT($,.STERADIAN.) SOLID_ANGLE_UNIT() );
#27 = UNCERTAINTY_MEASURE_WITH_UNIT(LENGTH_MEASURE(1.E-02),#24,
  'distance_accuracy_value','confusion accuracy');
#28 = PRODUCT_RELATED_PRODUCT_CATEGORY('part',$,(#7));
#29 = ADVANCED_BREP_SHAPE_REPRESENTATION('',(#11,#30),#360);
#30 = MANIFOLD_SOLID_BREP('',#31);
#31 = CLOSED_SHELL('',(#32,#152,#228,#299,#346,#353));
#32 = ADVANCED_FACE('',(#33),#47,.F.);
#33 = FACE_BOUND('',#34,.F.);
#34 = EDGE_LOOP('',(#35,#70,#98,#126));
#35 = ORIENTED_EDGE('',*,*,#36,.T.);
#36 = EDGE_CURVE('',#37,#39,#41,.T.);
#37 = VERTEX_POINT('',#38);
#38 = CARTESIAN_POINT('',(107.5,70.,0.));
#39 = VERTEX_POINT('',#40);
#40 = CARTESIAN_POINT('',(107.5,70.,60.));
#41 = SURFACE_CURVE('',#42,(#46,#58),.PCURVE_S1.);
#42 = LINE('',#43,#44);
#43 = CARTESIAN_POINT('',(107.5,70.,0.));
#44 = VECTOR('',#45,1.);
#45 = DIRECTION('',(0.,0.,1.));
#46 = PCURVE('',#47,#52);
#47 = PLANE('',#48);
#48 = AXIS2_PLACEMENT_3D('',#49,#50,#51);
#49 = CARTESIAN_POINT('',(107.5,70.,0.));
#50 = DIRECTION('',(0.,-1.,0.));
#51 = DIRECTION('',(-1.,0.,0.));
#52 = DEFINITIONAL_REPRESENTATION('',(#53),#57);
#53 = LINE('',#54,#55);
#54 = CARTESIAN_POINT('',(0.,-0.));
#55 = VECTOR('',#56,1.);
#56 = DIRECTION('',(0.,-1.));
#57 = ( GEOMETRIC_REPRESENTATION_CONTEXT(2) 
PARAMETRIC_REPRESENTATION_CONTEXT() REPRESENTATION_CONTEXT('2D SPACE',''
  ) );
#58 = PCURVE('',#59,#64);
#59 = PLANE('',#60);
#60 = AXIS2_PLACEMENT_3D('',#61,#62,#63);
#61 = CARTESIAN_POINT('',(107.5,-70.,0.));
#62 = DIRECTION('',(-1.,0.,0.));
#63 = DIRECTION('',(0.,1.,0.));
#64 = DEFINITIONAL_REPRESENTATION('',(#65),#69);
#65 = LINE('',#66,#67);
#66 = CARTESIAN_POINT('',(140.,0.));
#67 = VECTOR('',#68,1.);
#68 = DIRECTION('',(0.,-1.));
#69 = ( GEOMETRIC_REPRESENTATION_CONTEXT(2) 
PARAMETRIC_REPRESENTATION_CONTEXT() REPRESENTATION_CONTEXT('2D SPACE',''
  ) );
#70 = ORIENTED_EDGE('',*,*,#71,.T.);
#71 = EDGE_CURVE('',#39,#72,#74,.T.);
#72 = VERTEX_POINT('',#73);
#73 = CARTESIAN_POINT('',(-107.5,70.,60.));
#74 = SURFACE_CURVE('',#75,(#79,#86),.PCURVE_S1.);
#75 = LINE('',#76,#77);
#76 = CARTESIAN_POINT('',(107.5,70.,60.));
#77 = VECTOR('',#78,1.);
#78 = DIRECTION('',(-1.,0.,0.));
#79 = PCURVE('',#47,#80);
#80 = DEFINITIONAL_REPRESENTATION('',(#81),#85);
#81 = LINE('',#82,#83);
#82 = CARTESIAN_POINT('',(0.,-60.));
#83 = VECTOR('',#84,1.);
#84 = DIRECTION('',(1.,0.));
#85 = ( GEOMETRIC_REPRESENTATION_CONTEXT(2) 
PARAMETRIC_REPRESENTATION_CONTEXT() REPRESENTATION_CONTEXT('2D SPACE',''
  ) );
#86 = PCURVE('',#87,#92);
#87 = PLANE('',#88);
#88 = AXIS2_PLACEMENT_3D('',#89,#90,#91);
#89 = CARTESIAN_POINT('',(0.,0.,60.));
#90 = DIRECTION('',(0.,0.,1.));
#91 = DIRECTION('',(1.,0.,-0.));
#92 = DEFINITIONAL_REPRESENTATION('',(#93),#97);
#93 = LINE('',#94,#95);
#94 = CARTESIAN_POINT('',(107.5,70.));
#95 = VECTOR('',#96,1.);
#96 = DIRECTION('',(-1.,0.));
#97 = ( GEOMETRIC_REPRESENTATION_CONTEXT(2) 
PARAMETRIC_REPRESENTATION_CONTEXT() REPRESENTATION_CONTEXT('2D SPACE',''
  ) );
#98 = ORIENTED_EDGE('',*,*,#99,.F.);
#99 = EDGE_CURVE('',#100,#72,#102,.T.);
#100 = VERTEX_POINT('',#101);
#101 = CARTESIAN_POINT('',(-107.5,70.,0.));
#102 = SURFACE_CURVE('',#103,(#107,#114),.PCURVE_S1.);
#103 = LINE('',#104,#105);
#104 = CARTESIAN_POINT('',(-107.5,70.,0.));
#105 = VECTOR('',#106,1.);
#106 = DIRECTION('',(0.,0.,1.));
#107 = PCURVE('',#47,#108);
#108 = DEFINITIONAL_REPRESENTATION('',(#109),#113);
#109 = LINE('',#110,#111);
#110 = CARTESIAN_POINT('',(215.,0.));
#111 = VECTOR('',#112,1.);
#112 = DIRECTION('',(0.,-1.));
#113 = ( GEOMETRIC_REPRESENTATION_CONTEXT(2) 
PARAMETRIC_REPRESENTATION_CONTEXT() REPRESENTATION_CONTEXT('2D SPACE',''
  ) );
#114 = PCURVE('',#115,#120);
#115 = PLANE('',#116);
#116 = AXIS2_PLACEMENT_3D('',#117,#118,#119);
#117 = CARTESIAN_POINT('',(-107.5,70.,0.));
#118 = DIRECTION('',(1.,0.,-0.));
#119 = DIRECTION('',(0.,-1.,0.));
#120 = DEFINITIONAL_REPRESENTATION('',(#121),#125);
#121 = LINE('',#122,#123);
#122 = CARTESIAN_POINT('',(0.,0.));
#123 = VECTOR('',#124,1.);
#124 = DIRECTION('',(0.,-1.));
#125 = ( GEOMETRIC_REPRESENTATION_CONTEXT(2) 
PARAMETRIC_REPRESENTATION_CONTEXT() REPRESENTATION_CONTEXT('2D SPACE',''
  ) );
#126 = ORIENTED_EDGE('',*,*,#127,.F.);
#127 = EDGE_CURVE('',#37,#100,#128,.T.);
#128 = SURFACE_CURVE('',#129,(#133,#140),.PCURVE_S1.);
#129 = LINE('',#130,#131);
#130 = CARTESIAN_POINT('',(107.5,70.,0.));
#131 = VECTOR('',#132,1.);
#132 = DIRECTION('',(-1.,0.,0.));
#133 = PCURVE('',#47,#134);
#134 = DEFINITIONAL_REPRESENTATION('',(#135),#139);
#135 = LINE('',#136,#137);
#136 = CARTESIAN_POINT('',(0.,-0.));
#137 = VECTOR('',#138,1.);
#138 = DIRECTION('',(1.,0.));
#139 = ( GEOMETRIC_REPRESENTATION_CONTEXT(2) 
PARAMETRIC_REPRESENTATION_CONTEXT() REPRESENTATION_CONTEXT('2D SPACE',''
  ) );
#140 = PCURVE('',#141,#146);
#141 = PLANE('',#142);
#142 = AXIS2_PLACEMENT_3D('',#143,#144,#145);
#143 = CARTESIAN_POINT('',(0.,0.,0.));
#144 = DIRECTION('',(0.,0.,1.));
#145 = DIRECTION('',(1.,0.,-0.));
#146 = DEFINITIONAL_REPRESENTATION('',(#147),#151);
#147 = LINE('',#148,#149);
#148 = CARTESIAN_POINT('',(107.5,70.));
#149 = VECTOR('',#150,1.);
#150 = DIRECTION('',(-1.,0.));
#151 = ( GEOMETRIC_REPRESENTATION_CONTEXT(2) 
PARAMETRIC_REPRESENTATION_CONTEXT() REPRESENTATION_CONTEXT('2D SPACE',''
  ) );
#152 = ADVANCED_FACE('',(#153),#115,.F.);
#153 = FACE_BOUND('',#154,.F.);
#154 = EDGE_LOOP('',(#155,#156,#179,#207));
#155 = ORIENTED_EDGE('',*,*,#99,.T.);
#156 = ORIENTED_EDGE('',*,*,#157,.T.);
#157 = EDGE_CURVE('',#72,#158,#160,.T.);
#158 = VERTEX_POINT('',#159);
#159 = CARTESIAN_POINT('',(-107.5,-70.,60.));
#160 = SURFACE_CURVE('',#161,(#165,#172),.PCURVE_S1.);
#161 = LINE('',#162,#163);
#162 = CARTESIAN_POINT('',(-107.5,70.,60.));
#163 = VECTOR('',#164,1.);
#164 = DIRECTION('',(0.,-1.,0.));
#165 = PCURVE('',#115,#166);
#166 = DEFINITIONAL_REPRESENTATION('',(#167),#171);
#167 = LINE('',#168,#169);
#168 = CARTESIAN_POINT('',(0.,-60.));
#169 = VECTOR('',#170,1.);
#170 = DIRECTION('',(1.,0.));
#171 = ( GEOMETRIC_REPRESENTATION_CONTEXT(2) 
PARAMETRIC_REPRESENTATION_CONTEXT() REPRESENTATION_CONTEXT('2D SPACE',''
  ) );
#172 = PCURVE('',#87,#173);
#173 = DEFINITIONAL_REPRESENTATION('',(#174),#178);
#174 = LINE('',#175,#176);
#175 = CARTESIAN_POINT('',(-107.5,70.));
#176 = VECTOR('',#177,1.);
#177 = DIRECTION('',(0.,-1.));
#178 = ( GEOMETRIC_REPRESENTATION_CONTEXT(2) 
PARAMETRIC_REPRESENTATION_CONTEXT() REPRESENTATION_CONTEXT('2D SPACE',''
  ) );
#179 = ORIENTED_EDGE('',*,*,#180,.F.);
#180 = EDGE_CURVE('',#181,#158,#183,.T.);
#181 = VERTEX_POINT('',#182);
#182 = CARTESIAN_POINT('',(-107.5,-70.,0.));
#183 = SURFACE_CURVE('',#184,(#188,#195),.PCURVE_S1.);
#184 = LINE('',#185,#186);
#185 = CARTESIAN_POINT('',(-107.5,-70.,0.));
#186 = VECTOR('',#187,1.);
#187 = DIRECTION('',(0.,0.,1.));
#188 = PCURVE('',#115,#189);
#189 = DEFINITIONAL_REPRESENTATION('',(#190),#194);
#190 = LINE('',#191,#192);
#191 = CARTESIAN_POINT('',(140.,0.));
#192 = VECTOR('',#193,1.);
#193 = DIRECTION('',(0.,-1.));
#194 = ( GEOMETRIC_REPRESENTATION_CONTEXT(2) 
PARAMETRIC_REPRESENTATION_CONTEXT() REPRESENTATION_CONTEXT('2D SPACE',''
  ) );
#195 = PCURVE('',#196,#201);
#196 = PLANE('',#197);
#197 = AXIS2_PLACEMENT_3D('',#198,#199,#200);
#198 = CARTESIAN_POINT('',(-107.5,-70.,0.));
#199 = DIRECTION('',(0.,1.,0.));
#200 = DIRECTION('',(1.,0.,0.));
#201 = DEFINITIONAL_REPRESENTATION('',(#202),#206);
#202 = LINE('',#203,#204);
#203 = CARTESIAN_POINT('',(0.,0.));
#204 = VECTOR('',#205,1.);
#205 = DIRECTION('',(0.,-1.));
#206 = ( GEOMETRIC_REPRESENTATION_CONTEXT(2) 
PARAMETRIC_REPRESENTATION_CONTEXT() REPRESENTATION_CONTEXT('2D SPACE',''
  ) );
#207 = ORIENTED_EDGE('',*,*,#208,.F.);
#208 = EDGE_CURVE('',#100,#181,#209,.T.);
#209 = SURFACE_CURVE('',#210,(#214,#221),.PCURVE_S1.);
#210 = LINE('',#211,#212);
#211 = CARTESIAN_POINT('',(-107.5,70.,0.));
#212 = VECTOR('',#213,1.);
#213 = DIRECTION('',(0.,-1.,0.));
#214 = PCURVE('',#115,#215);
#215 = DEFINITIONAL_REPRESENTATION('',(#216),#220);
#216 = LINE('',#217,#218);
#217 = CARTESIAN_POINT('',(0.,0.));
#218 = VECTOR('',#219,1.);
#219 = DIRECTION('',(1.,0.));
#220 = ( GEOMETRIC_REPRESENTATION_CONTEXT(2) 
PARAMETRIC_REPRESENTATION_CONTEXT() REPRESENTATION_CONTEXT('2D SPACE',''
  ) );
#221 = PCURVE('',#141,#222);
#222 = DEFINITIONAL_REPRESENTATION('',(#223),#227);
#223 = LINE('',#224,#225);
#224 = CARTESIAN_POINT('',(-107.5,70.));
#225 = VECTOR('',#226,1.);
#226 = DIRECTION('',(0.,-1.));
#227 = ( GEOMETRIC_REPRESENTATION_CONTEXT(2) 
PARAMETRIC_REPRESENTATION_CONTEXT() REPRESENTATION_CONTEXT('2D SPACE',''
  ) );
#228 = ADVANCED_FACE('',(#229),#196,.F.);
#229 = FACE_BOUND('',#230,.F.);
#230 = EDGE_LOOP('',(#231,#232,#255,#278));
#231 = ORIENTED_EDGE('',*,*,#180,.T.);
#232 = ORIENTED_EDGE('',*,*,#233,.T.);
#233 = EDGE_CURVE('',#158,#234,#236,.T.);
#234 = VERTEX_POINT('',#235);
#235 = CARTESIAN_POINT('',(107.5,-70.,60.));
#236 = SURFACE_CURVE('',#237,(#241,#248),.PCURVE_S1.);
#237 = LINE('',#238,#239);
#238 = CARTESIAN_POINT('',(-107.5,-70.,60.));
#239 = VECTOR('',#240,1.);
#240 = DIRECTION('',(1.,0.,0.));
#241 = PCURVE('',#196,#242);
#242 = DEFINITIONAL_REPRESENTATION('',(#243),#247);
#243 = LINE('',#244,#245);
#244 = CARTESIAN_POINT('',(0.,-60.));
#245 = VECTOR('',#246,1.);
#246 = DIRECTION('',(1.,0.));
#247 = ( GEOMETRIC_REPRESENTATION_CONTEXT(2) 
PARAMETRIC_REPRESENTATION_CONTEXT() REPRESENTATION_CONTEXT('2D SPACE',''
  ) );
#248 = PCURVE('',#87,#249);
#249 = DEFINITIONAL_REPRESENTATION('',(#250),#254);
#250 = LINE('',#251,#252);
#251 = CARTESIAN_POINT('',(-107.5,-70.));
#252 = VECTOR('',#253,1.);
#253 = DIRECTION('',(1.,0.));
#254 = ( GEOMETRIC_REPRESENTATION_CONTEXT(2) 
PARAMETRIC_REPRESENTATION_CONTEXT() REPRESENTATION_CONTEXT('2D SPACE',''
  ) );
#255 = ORIENTED_EDGE('',*,*,#256,.F.);
#256 = EDGE_CURVE('',#257,#234,#259,.T.);
#257 = VERTEX_POINT('',#258);
#258 = CARTESIAN_POINT('',(107.5,-70.,0.));
#259 = SURFACE_CURVE('',#260,(#264,#271),.PCURVE_S1.);
#260 = LINE('',#261,#262);
#261 = CARTESIAN_POINT('',(107.5,-70.,0.));
#262 = VECTOR('',#263,1.);
#263 = DIRECTION('',(0.,0.,1.));
#264 = PCURVE('',#196,#265);
#265 = DEFINITIONAL_REPRESENTATION('',(#266),#270);
#266 = LINE('',#267,#268);
#267 = CARTESIAN_POINT('',(215.,0.));
#268 = VECTOR('',#269,1.);
#269 = DIRECTION('',(0.,-1.));
#270 = ( GEOMETRIC_REPRESENTATION_CONTEXT(2) 
PARAMETRIC_REPRESENTATION_CONTEXT() REPRESENTATION_CONTEXT('2D SPACE',''
  ) );
#271 = PCURVE('',#59,#272);
#272 = DEFINITIONAL_REPRESENTATION('',(#273),#277);
#273 = LINE('',#274,#275);
#274 = CARTESIAN_POINT('',(0.,0.));
#275 = VECTOR('',#276,1.);
#276 = DIRECTION('',(0.,-1.));
#277 = ( GEOMETRIC_REPRESENTATION_CONTEXT(2) 
PARAMETRIC_REPRESENTATION_CONTEXT() REPRESENTATION_CONTEXT('2D SPACE',''
  ) );
#278 = ORIENTED_EDGE('',*,*,#279,.F.);
#279 = EDGE_CURVE('',#181,#257,#280,.T.);
#280 = SURFACE_CURVE('',#281,(#285,#292),.PCURVE_S1.);
#281 = LINE('',#282,#283);
#282 = CARTESIAN_POINT('',(-107.5,-70.,0.));
#283 = VECTOR('',#284,1.);
#284 = DIRECTION('',(1.,0.,0.));
#285 = PCURVE('',#196,#286);
#286 = DEFINITIONAL_REPRESENTATION('',(#287),#291);
#287 = LINE('',#288,#289);
#288 = CARTESIAN_POINT('',(0.,0.));
#289 = VECTOR('',#290,1.);
#290 = DIRECTION('',(1.,0.));
#291 = ( GEOMETRIC_REPRESENTATION_CONTEXT(2) 
PARAMETRIC_REPRESENTATION_CONTEXT() REPRESENTATION_CONTEXT('2D SPACE',''
  ) );
#292 = PCURVE('',#141,#293);
#293 = DEFINITIONAL_REPRESENTATION('',(#294),#298);
#294 = LINE('',#295,#296);
#295 = CARTESIAN_POINT('',(-107.5,-70.));
#296 = VECTOR('',#297,1.);
#297 = DIRECTION('',(1.,0.));
#298 = ( GEOMETRIC_REPRESENTATION_CONTEXT(2) 
PARAMETRIC_REPRESENTATION_CONTEXT() REPRESENTATION_CONTEXT('2D SPACE',''
  ) );
#299 = ADVANCED_FACE('',(#300),#59,.F.);
#300 = FACE_BOUND('',#301,.F.);
#301 = EDGE_LOOP('',(#302,#303,#324,#325));
#302 = ORIENTED_EDGE('',*,*,#256,.T.);
#303 = ORIENTED_EDGE('',*,*,#304,.T.);
#304 = EDGE_CURVE('',#234,#39,#305,.T.);
#305 = SURFACE_CURVE('',#306,(#310,#317),.PCURVE_S1.);
#306 = LINE('',#307,#308);
#307 = CARTESIAN_POINT('',(107.5,-70.,60.));
#308 = VECTOR('',#309,1.);
#309 = DIRECTION('',(0.,1.,0.));
#310 = PCURVE('',#59,#311);
#311 = DEFINITIONAL_REPRESENTATION('',(#312),#316);
#312 = LINE('',#313,#314);
#313 = CARTESIAN_POINT('',(0.,-60.));
#314 = VECTOR('',#315,1.);
#315 = DIRECTION('',(1.,0.));
#316 = ( GEOMETRIC_REPRESENTATION_CONTEXT(2) 
PARAMETRIC_REPRESENTATION_CONTEXT() REPRESENTATION_CONTEXT('2D SPACE',''
  ) );
#317 = PCURVE('',#87,#318);
#318 = DEFINITIONAL_REPRESENTATION('',(#319),#323);
#319 = LINE('',#320,#321);
#320 = CARTESIAN_POINT('',(107.5,-70.));
#321 = VECTOR('',#322,1.);
#322 = DIRECTION('',(0.,1.));
#323 = ( GEOMETRIC_REPRESENTATION_CONTEXT(2) 
PARAMETRIC_REPRESENTATION_CONTEXT() REPRESENTATION_CONTEXT('2D SPACE',''
  ) );
#324 = ORIENTED_EDGE('',*,*,#36,.F.);
#325 = ORIENTED_EDGE('',*,*,#326,.F.);
#326 = EDGE_CURVE('',#257,#37,#327,.T.);
#327 = SURFACE_CURVE('',#328,(#332,#339),.PCURVE_S1.);
#328 = LINE('',#329,#330);
#329 = CARTESIAN_POINT('',(107.5,-70.,0.));
#330 = VECTOR('',#331,1.);
#331 = DIRECTION('',(0.,1.,0.));
#332 = PCURVE('',#59,#333);
#333 = DEFINITIONAL_REPRESENTATION('',(#334),#338);
#334 = LINE('',#335,#336);
#335 = CARTESIAN_POINT('',(0.,0.));
#336 = VECTOR('',#337,1.);
#337 = DIRECTION('',(1.,0.));
#338 = ( GEOMETRIC_REPRESENTATION_CONTEXT(2) 
PARAMETRIC_REPRESENTATION_CONTEXT() REPRESENTATION_CONTEXT('2D SPACE',''
  ) );
#339 = PCURVE('',#141,#340);
#340 = DEFINITIONAL_REPRESENTATION('',(#341),#345);
#341 = LINE('',#342,#343);
#342 = CARTESIAN_POINT('',(107.5,-70.));
#343 = VECTOR('',#344,1.);
#344 = DIRECTION('',(0.,1.));
#345 = ( GEOMETRIC_REPRESENTATION_CONTEXT(2) 
PARAMETRIC_REPRESENTATION_CONTEXT() REPRESENTATION_CONTEXT('2D SPACE',''
  ) );
#346 = ADVANCED_FACE('',(#347),#141,.F.);
#347 = FACE_BOUND('',#348,.F.);
#348 = EDGE_LOOP('',(#349,#350,#351,#352));
#349 = ORIENTED_EDGE('',*,*,#127,.T.);
#350 = ORIENTED_EDGE('',*,*,#208,.T.);
#351 = ORIENTED_EDGE('',*,*,#279,.T.);
#352 = ORIENTED_EDGE('',*,*,#326,.T.);
#353 = ADVANCED_FACE('',(#354),#87,.T.);
#354 = FACE_BOUND('',#355,.T.);
#355 = EDGE_LOOP('',(#356,#357,#358,#359));
#356 = ORIENTED_EDGE('',*,*,#71,.T.);
#357 = ORIENTED_EDGE('',*,*,#157,.T.);
#358 = ORIENTED_EDGE('',*,*,#233,.T.);
#359 = ORIENTED_EDGE('',*,*,#304,.T.);
#360 = ( GEOMETRIC_REPRESENTATION_CONTEXT(3) 
GLOBAL_UNCERTAINTY_ASSIGNED_CONTEXT((#364)) GLOBAL_UNIT_ASSIGNED_CONTEXT
((#361,#362,#363)) REPRESENTATION_CONTEXT('Context #1',
  '3D Context with UNIT and UNCERTAINTY') );
#361 = ( LENGTH_UNIT() NAMED_UNIT(*) SI_UNIT(.MILLI.,.METRE.) );
#362 = ( NAMED_UNIT(*) PLANE_ANGLE_UNIT() SI_UNIT($,.RADIAN.) );
#363 = ( NAMED_UNIT(*) SI_UNIT($,.STERADIAN.) SOLID_ANGLE_UNIT() );
#364 = UNCERTAINTY_MEASURE_WITH_UNIT(LENGTH_MEASURE(1.E-07),#361,
  'distance_accuracy_value','confusion accuracy');
#365 = SHAPE_DEFINITION_REPRESENTATION(#366,#29);
#366 = PRODUCT_DEFINITION_SHAPE('','',#367);
#367 = PRODUCT_DEFINITION('design','',#368,#371);
#368 = PRODUCT_DEFINITION_FORMATION('','',#369);
#369 = PRODUCT('Open CASCADE STEP translator 7.4 2.1',
  'Open CASCADE STEP translator 7.4 2.1','',(#370));
#370 = PRODUCT_CONTEXT('',#2,'mechanical');
#371 = PRODUCT_DEFINITION_CONTEXT('part definition',#2,'design');
#372 = CONTEXT_DEPENDENT_SHAPE_REPRESENTATION(#373,#375);
#373 = ( REPRESENTATION_RELATIONSHIP('','',#29,#10) 
REPRESENTATION_RELATIONSHIP_WITH_TRANSFORMATION(#374) 
SHAPE_REPRESENTATION_RELATIONSHIP() );
#374 = ITEM_DEFINED_TRANSFORMATION('','',#11,#15);
#375 = PRODUCT_DEFINITION_SHAPE('Placement','Placement of an item',#376
  );
#376 = NEXT_ASSEMBLY_USAGE_OCCURRENCE('1','','',#5,#367,$);
#377 = PRODUCT_RELATED_PRODUCT_CATEGORY('part',$,(#369));
#378 = ADVANCED_BREP_SHAPE_REPRESENTATION('',(#11,#379),#2070);
#379 = MANIFOLD_SOLID_BREP('',#380);
#380 = CLOSED_SHELL('',(#381,#499,#639,#756,#1040,#1107,#1180,#1229,
    #1508,#1535,#1584,#1651,#1718,#1745,#1821,#1870,#1919,#1946,#1973,
    #2001,#2029,#2056,#2063));
#381 = ADVANCED_FACE('',(#382),#396,.T.);
#382 = FACE_BOUND('',#383,.T.);
#383 = EDGE_LOOP('',(#384,#419,#445,#473));
#384 = ORIENTED_EDGE('',*,*,#385,.T.);
#385 = EDGE_CURVE('',#386,#388,#390,.T.);
#386 = VERTEX_POINT('',#387);
#387 = CARTESIAN_POINT('',(69.15010574375,54.307800419667,
    29.238107812149));
#388 = VERTEX_POINT('',#389);
#389 = CARTESIAN_POINT('',(78.831535068734,63.98922974465,50.));
#390 = SURFACE_CURVE('',#391,(#395,#407),.PCURVE_S1.);
#391 = LINE('',#392,#393);
#392 = CARTESIAN_POINT('',(68.275856457378,53.433551133295,
    27.363274167273));
#393 = VECTOR('',#394,1.);
#394 = DIRECTION('',(0.389281620635,0.389281620635,0.834817129479));
#395 = PCURVE('',#396,#401);
#396 = PLANE('',#397);
#397 = AXIS2_PLACEMENT_3D('',#398,#399,#400);
#398 = CARTESIAN_POINT('',(87.5,50.,20.));
#399 = DIRECTION('',(0.,-0.906307787037,0.422618261741));
#400 = DIRECTION('',(-1.,0.,0.));
#401 = DEFINITIONAL_REPRESENTATION('',(#402),#406);
#402 = LINE('',#403,#404);
#403 = CARTESIAN_POINT('',(19.224143542622,-8.124474127436));
#404 = VECTOR('',#405,1.);
#405 = DIRECTION('',(-0.389281620635,-0.921118787039));
#406 = ( GEOMETRIC_REPRESENTATION_CONTEXT(2) 
PARAMETRIC_REPRESENTATION_CONTEXT() REPRESENTATION_CONTEXT('2D SPACE',''
  ) );
#407 = PCURVE('',#408,#413);
#408 = CYLINDRICAL_SURFACE('',#409,25.);
#409 = AXIS2_PLACEMENT_3D('',#410,#411,#412);
#410 = CARTESIAN_POINT('',(68.275856457378,30.775856457378,
    37.928730710791));
#411 = DIRECTION('',(0.389281620635,0.389281620635,0.834817129479));
#412 = DIRECTION('',(0.,0.906307787037,-0.422618261741));
#413 = DEFINITIONAL_REPRESENTATION('',(#414),#418);
#414 = LINE('',#415,#416);
#415 = CARTESIAN_POINT('',(-0.,0.));
#416 = VECTOR('',#417,1.);
#417 = DIRECTION('',(-0.,1.));
#418 = ( GEOMETRIC_REPRESENTATION_CONTEXT(2) 
PARAMETRIC_REPRESENTATION_CONTEXT() REPRESENTATION_CONTEXT('2D SPACE',''
  ) );
#419 = ORIENTED_EDGE('',*,*,#420,.T.);
#420 = EDGE_CURVE('',#388,#421,#423,.T.);
#421 = VERTEX_POINT('',#422);
#422 = CARTESIAN_POINT('',(-78.83153506873,63.98922974465,50.));
#423 = SURFACE_CURVE('',#424,(#428,#434),.PCURVE_S1.);
#424 = LINE('',#425,#426);
#425 = CARTESIAN_POINT('',(43.75,63.98922974465,50.));
#426 = VECTOR('',#427,1.);
#427 = DIRECTION('',(-1.,0.,0.));
#428 = PCURVE('',#396,#429);
#429 = DEFINITIONAL_REPRESENTATION('',(#430),#433);
#430 = B_SPLINE_CURVE_WITH_KNOTS('',1,(#431,#432),.UNSPECIFIED.,.F.,.F.,
  (2,2),(-57.73922974465,145.23922974465),.PIECEWISE_BEZIER_KNOTS.);
#431 = CARTESIAN_POINT('',(-13.98922974465,-33.10133756887));
#432 = CARTESIAN_POINT('',(188.98922974465,-33.10133756887));
#433 = ( GEOMETRIC_REPRESENTATION_CONTEXT(2) 
PARAMETRIC_REPRESENTATION_CONTEXT() REPRESENTATION_CONTEXT('2D SPACE',''
  ) );
#434 = PCURVE('',#435,#440);
#435 = PLANE('',#436);
#436 = AXIS2_PLACEMENT_3D('',#437,#438,#439);
#437 = CARTESIAN_POINT('',(0.,0.,50.));
#438 = DIRECTION('',(0.,0.,1.));
#439 = DIRECTION('',(1.,0.,-0.));
#440 = DEFINITIONAL_REPRESENTATION('',(#441),#444);
#441 = B_SPLINE_CURVE_WITH_KNOTS('',1,(#442,#443),.UNSPECIFIED.,.F.,.F.,
  (2,2),(-57.73922974465,145.23922974465),.PIECEWISE_BEZIER_KNOTS.);
#442 = CARTESIAN_POINT('',(101.48922974465,63.98922974465));
#443 = CARTESIAN_POINT('',(-101.4892297446,63.98922974465));
#444 = ( GEOMETRIC_REPRESENTATION_CONTEXT(2) 
PARAMETRIC_REPRESENTATION_CONTEXT() REPRESENTATION_CONTEXT('2D SPACE',''
  ) );
#445 = ORIENTED_EDGE('',*,*,#446,.F.);
#446 = EDGE_CURVE('',#447,#421,#449,.T.);
#447 = VERTEX_POINT('',#448);
#448 = CARTESIAN_POINT('',(-69.15010574375,54.307800419667,
    29.238107812149));
#449 = SURFACE_CURVE('',#450,(#454,#461),.PCURVE_S1.);
#450 = LINE('',#451,#452);
#451 = CARTESIAN_POINT('',(-68.27585645737,53.433551133295,
    27.363274167273));
#452 = VECTOR('',#453,1.);
#453 = DIRECTION('',(-0.389281620635,0.389281620635,0.834817129479));
#454 = PCURVE('',#396,#455);
#455 = DEFINITIONAL_REPRESENTATION('',(#456),#460);
#456 = LINE('',#457,#458);
#457 = CARTESIAN_POINT('',(155.77585645737,-8.124474127436));
#458 = VECTOR('',#459,1.);
#459 = DIRECTION('',(0.389281620635,-0.921118787039));
#460 = ( GEOMETRIC_REPRESENTATION_CONTEXT(2) 
PARAMETRIC_REPRESENTATION_CONTEXT() REPRESENTATION_CONTEXT('2D SPACE',''
  ) );
#461 = PCURVE('',#462,#467);
#462 = CYLINDRICAL_SURFACE('',#463,25.);
#463 = AXIS2_PLACEMENT_3D('',#464,#465,#466);
#464 = CARTESIAN_POINT('',(-68.27585645737,30.775856457378,
    37.928730710791));
#465 = DIRECTION('',(-0.389281620635,0.389281620635,0.834817129479));
#466 = DIRECTION('',(0.,0.906307787037,-0.422618261741));
#467 = DEFINITIONAL_REPRESENTATION('',(#468),#472);
#468 = LINE('',#469,#470);
#469 = CARTESIAN_POINT('',(0.,0.));
#470 = VECTOR('',#471,1.);
#471 = DIRECTION('',(0.,1.));
#472 = ( GEOMETRIC_REPRESENTATION_CONTEXT(2) 
PARAMETRIC_REPRESENTATION_CONTEXT() REPRESENTATION_CONTEXT('2D SPACE',''
  ) );
#473 = ORIENTED_EDGE('',*,*,#474,.F.);
#474 = EDGE_CURVE('',#386,#447,#475,.T.);
#475 = SURFACE_CURVE('',#476,(#480,#487),.PCURVE_S1.);
#476 = LINE('',#477,#478);
#477 = CARTESIAN_POINT('',(64.842305324084,54.307800419667,
    29.238107812149));
#478 = VECTOR('',#479,1.);
#479 = DIRECTION('',(-1.,0.,0.));
#480 = PCURVE('',#396,#481);
#481 = DEFINITIONAL_REPRESENTATION('',(#482),#486);
#482 = LINE('',#483,#484);
#483 = CARTESIAN_POINT('',(22.657694675916,-10.19312417292));
#484 = VECTOR('',#485,1.);
#485 = DIRECTION('',(1.,0.));
#486 = ( GEOMETRIC_REPRESENTATION_CONTEXT(2) 
PARAMETRIC_REPRESENTATION_CONTEXT() REPRESENTATION_CONTEXT('2D SPACE',''
  ) );
#487 = PCURVE('',#488,#493);
#488 = CYLINDRICAL_SURFACE('',#489,16.);
#489 = AXIS2_PLACEMENT_3D('',#490,#491,#492);
#490 = CARTESIAN_POINT('',(64.842305324084,39.80687582708,36.));
#491 = DIRECTION('',(-1.,0.,0.));
#492 = DIRECTION('',(0.,0.906307787037,-0.422618261741));
#493 = DEFINITIONAL_REPRESENTATION('',(#494),#498);
#494 = LINE('',#495,#496);
#495 = CARTESIAN_POINT('',(0.,0.));
#496 = VECTOR('',#497,1.);
#497 = DIRECTION('',(0.,1.));
#498 = ( GEOMETRIC_REPRESENTATION_CONTEXT(2) 
PARAMETRIC_REPRESENTATION_CONTEXT() REPRESENTATION_CONTEXT('2D SPACE',''
  ) );
#499 = ADVANCED_FACE('',(#500),#408,.F.);
#500 = FACE_BOUND('',#501,.T.);
#501 = EDGE_LOOP('',(#502,#503,#581,#609));
#502 = ORIENTED_EDGE('',*,*,#385,.F.);
#503 = ORIENTED_EDGE('',*,*,#504,.F.);
#504 = EDGE_CURVE('',#505,#386,#507,.T.);
#505 = VERTEX_POINT('',#506);
#506 = CARTESIAN_POINT('',(91.807800419666,31.65010574375,
    29.238107812149));
#507 = SURFACE_CURVE('',#508,(#521,#537),.PCURVE_S1.);
#508 = ( BOUNDED_CURVE() B_SPLINE_CURVE(11,(#509,#510,#511,#512,#513,
    #514,#515,#516,#517,#518,#519,#520),.UNSPECIFIED.,.F.,.F.) 
B_SPLINE_CURVE_WITH_KNOTS((12,12),(992.81254031088,1.020020867499E+03),
.PIECEWISE_BEZIER_KNOTS.) CURVE() GEOMETRIC_REPRESENTATION_ITEM() 
RATIONAL_B_SPLINE_CURVE((1.,1.,1.,1.,1.,1.,1.,1.,1.,1.,1.,1.)) 
REPRESENTATION_ITEM('') );
#509 = CARTESIAN_POINT('',(91.807798349124,31.650103673208,
    29.238103371857));
#510 = CARTESIAN_POINT('',(91.458518351165,34.901022649022,
    28.489069999038));
#511 = CARTESIAN_POINT('',(90.647598294313,37.97912685504,
    27.895010644897));
#512 = CARTESIAN_POINT('',(89.444683953904,40.888676687982,
    27.446485518866));
#513 = CARTESIAN_POINT('',(87.880123614697,43.635064046966,
    27.15275379179));
#514 = CARTESIAN_POINT('',(85.957260842979,46.182765884212,
    27.009605753645));
#515 = CARTESIAN_POINT('',(83.687938999505,48.452698363495,
    27.009460294243));
#516 = CARTESIAN_POINT('',(81.140722077442,50.376252631987,
    27.152330309898));
#517 = CARTESIAN_POINT('',(78.394703153217,51.941516932014,
    27.445758600136));
#518 = CARTESIAN_POINT('',(75.485476058145,53.145153831574,
    27.893985741546));
#519 = CARTESIAN_POINT('',(72.407703548189,53.956856869491,
    28.487756904007));
#520 = CARTESIAN_POINT('',(69.157123840722,54.307043081687,
    29.236486122548));
#521 = PCURVE('',#408,#522);
#522 = DEFINITIONAL_REPRESENTATION('',(#523),#536);
#523 = B_SPLINE_CURVE_WITH_KNOTS('',11,(#524,#525,#526,#527,#528,#529,
    #530,#531,#532,#533,#534,#535),.UNSPECIFIED.,.F.,.F.,(12,12),(
    992.81254031088,1.020020867499E+03),.PIECEWISE_BEZIER_KNOTS.);
#524 = CARTESIAN_POINT('',(-1.391226640787,2.245796280862));
#525 = CARTESIAN_POINT('',(-1.258578204314,2.750045114478));
#526 = CARTESIAN_POINT('',(-1.131446155984,3.136687260697));
#527 = CARTESIAN_POINT('',(-1.006861227321,3.426612835667));
#528 = CARTESIAN_POINT('',(-0.882793435536,3.64146373304));
#529 = CARTESIAN_POINT('',(-0.758185173718,3.765199969226));
#530 = CARTESIAN_POINT('',(-0.633310885693,3.765316260906));
#531 = CARTESIAN_POINT('',(-0.508701865377,3.641805858112));
#532 = CARTESIAN_POINT('',(-0.384633660874,3.427119124537));
#533 = CARTESIAN_POINT('',(-0.260050524629,3.13735169649));
#534 = CARTESIAN_POINT('',(-0.13292406257,2.750902887229));
#535 = CARTESIAN_POINT('',(-2.864497225432E-04,2.24688498389));
#536 = ( GEOMETRIC_REPRESENTATION_CONTEXT(2) 
PARAMETRIC_REPRESENTATION_CONTEXT() REPRESENTATION_CONTEXT('2D SPACE',''
  ) );
#537 = PCURVE('',#538,#575);
#538 = ( BOUNDED_SURFACE() B_SPLINE_SURFACE(2,11,(
    (#539,#540,#541,#542,#543,#544,#545,#546,#547,#548,#549,#550)
    ,(#551,#552,#553,#554,#555,#556,#557,#558,#559,#560,#561,#562)
    ,(#563,#564,#565,#566,#567,#568,#569,#570,#571,#572,#573,#574
)),.UNSPECIFIED.,.F.,.F.,.F.) B_SPLINE_SURFACE_WITH_KNOTS((3,3),(12,12),
  (0.,27.208327188088),(992.81254031088,1.020020867499E+03),
.PIECEWISE_BEZIER_KNOTS.) GEOMETRIC_REPRESENTATION_ITEM() 
RATIONAL_B_SPLINE_SURFACE((
    (1.,1.,1.,1.,1.,1.,1.,1.,1.,1.,1.,1.)
    ,(0.843391528075,0.857268412133,0.868023070896,0.876018352361
      ,0.881187195502,0.883700015447,0.883702568045,0.88119463976
      ,0.876031203999,0.868041405353,0.857292245756,0.843421489334)
,(1.,1.,1.,1.,1.,1.,1.,1.,1.,1.,1.,1.
))) REPRESENTATION_ITEM('') SURFACE() );
#539 = CARTESIAN_POINT('',(91.807798349124,31.650103673208,
    29.238103371857));
#540 = CARTESIAN_POINT('',(91.458518351165,34.901022649022,
    28.489069999038));
#541 = CARTESIAN_POINT('',(90.647598294313,37.97912685504,
    27.895010644897));
#542 = CARTESIAN_POINT('',(89.444683953904,40.888676687982,
    27.446485518866));
#543 = CARTESIAN_POINT('',(87.880123614697,43.635064046966,
    27.15275379179));
#544 = CARTESIAN_POINT('',(85.957260842979,46.182765884212,
    27.009605753645));
#545 = CARTESIAN_POINT('',(83.687938999505,48.452698363495,
    27.009460294243));
#546 = CARTESIAN_POINT('',(81.140722077442,50.376252631987,
    27.152330309898));
#547 = CARTESIAN_POINT('',(78.394703153217,51.941516932014,
    27.445758600136));
#548 = CARTESIAN_POINT('',(75.485476058145,53.145153831574,
    27.893985741546));
#549 = CARTESIAN_POINT('',(72.407703548189,53.956856869491,
    28.487756904007));
#550 = CARTESIAN_POINT('',(69.157123840722,54.307043081687,
    29.236486122548));
#551 = CARTESIAN_POINT('',(87.5,31.644656559731,20.));
#552 = CARTESIAN_POINT('',(86.929362459494,34.126371201649,20.));
#553 = CARTESIAN_POINT('',(86.137854446117,36.43570937972,
    19.999999999999));
#554 = CARTESIAN_POINT('',(85.141666585562,38.668471159043,
    20.000000000001));
#555 = CARTESIAN_POINT('',(83.89020129359,40.867523722498,
    19.999999999998));
#556 = CARTESIAN_POINT('',(82.321961762645,42.955383362979,
    20.000000000003));
#557 = CARTESIAN_POINT('',(80.459619981906,44.81823153439,
    19.999999999997));
#558 = CARTESIAN_POINT('',(78.37211823363,46.387062950705,
    20.000000000002));
#559 = CARTESIAN_POINT('',(76.173247882309,47.639107222932,
    19.999999999999));
#560 = CARTESIAN_POINT('',(73.940586279649,48.63577070399,20.));
#561 = CARTESIAN_POINT('',(71.631440914137,49.427678395422,20.));
#562 = CARTESIAN_POINT('',(69.150103701945,49.998746933198,20.));
#563 = CARTESIAN_POINT('',(77.306887419851,31.631767599661,20.));
#564 = CARTESIAN_POINT('',(77.309986472379,32.432271752576,20.));
#565 = CARTESIAN_POINT('',(77.286103911969,33.369439120838,
    19.999999999999));
#566 = CARTESIAN_POINT('',(77.128285913671,34.543961393937,
    20.000000000002));
#567 = CARTESIAN_POINT('',(76.659911599619,35.894631993677,
    19.999999999997));
#568 = CARTESIAN_POINT('',(75.840027117136,37.20679953493,
    20.000000000003));
#569 = CARTESIAN_POINT('',(74.709433938828,38.337905163898,
    19.999999999997));
#570 = CARTESIAN_POINT('',(73.397486214988,39.158404988673,
    20.000000000002));
#571 = CARTESIAN_POINT('',(72.046778949996,39.627462477142,
    19.999999999999));
#572 = CARTESIAN_POINT('',(70.87188159269,39.785813276483,20.));
#573 = CARTESIAN_POINT('',(69.934269397911,39.809940253225,20.));
#574 = CARTESIAN_POINT('',(69.133496621296,39.806894055418,20.));
#575 = DEFINITIONAL_REPRESENTATION('',(#576),#580);
#576 = LINE('',#577,#578);
#577 = CARTESIAN_POINT('',(0.,0.));
#578 = VECTOR('',#579,1.);
#579 = DIRECTION('',(0.,1.));
#580 = ( GEOMETRIC_REPRESENTATION_CONTEXT(2) 
PARAMETRIC_REPRESENTATION_CONTEXT() REPRESENTATION_CONTEXT('2D SPACE',''
  ) );
#581 = ORIENTED_EDGE('',*,*,#582,.T.);
#582 = EDGE_CURVE('',#505,#583,#585,.T.);
#583 = VERTEX_POINT('',#584);
#584 = CARTESIAN_POINT('',(101.48922974465,41.331535068734,50.));
#585 = SURFACE_CURVE('',#586,(#590,#597),.PCURVE_S1.);
#586 = LINE('',#587,#588);
#587 = CARTESIAN_POINT('',(90.933551133294,30.775856457378,
    27.363274167273));
#588 = VECTOR('',#589,1.);
#589 = DIRECTION('',(0.389281620635,0.389281620635,0.834817129479));
#590 = PCURVE('',#408,#591);
#591 = DEFINITIONAL_REPRESENTATION('',(#592),#596);
#592 = LINE('',#593,#594);
#593 = CARTESIAN_POINT('',(-1.391226640787,0.));
#594 = VECTOR('',#595,1.);
#595 = DIRECTION('',(-0.,1.));
#596 = ( GEOMETRIC_REPRESENTATION_CONTEXT(2) 
PARAMETRIC_REPRESENTATION_CONTEXT() REPRESENTATION_CONTEXT('2D SPACE',''
  ) );
#597 = PCURVE('',#598,#603);
#598 = PLANE('',#599);
#599 = AXIS2_PLACEMENT_3D('',#600,#601,#602);
#600 = CARTESIAN_POINT('',(87.5,-50.,20.));
#601 = DIRECTION('',(-0.906307787037,0.,0.422618261741));
#602 = DIRECTION('',(0.,1.,0.));
#603 = DEFINITIONAL_REPRESENTATION('',(#604),#608);
#604 = LINE('',#605,#606);
#605 = CARTESIAN_POINT('',(80.775856457378,-8.124474127436));
#606 = VECTOR('',#607,1.);
#607 = DIRECTION('',(0.389281620635,-0.921118787039));
#608 = ( GEOMETRIC_REPRESENTATION_CONTEXT(2) 
PARAMETRIC_REPRESENTATION_CONTEXT() REPRESENTATION_CONTEXT('2D SPACE',''
  ) );
#609 = ORIENTED_EDGE('',*,*,#610,.F.);
#610 = EDGE_CURVE('',#388,#583,#611,.T.);
#611 = SURFACE_CURVE('',#612,(#617,#628),.PCURVE_S1.);
#612 = ELLIPSE('',#613,29.94667828103,25.);
#613 = AXIS2_PLACEMENT_3D('',#614,#615,#616);
#614 = CARTESIAN_POINT('',(73.904781770588,36.404781770588,50.));
#615 = DIRECTION('',(0.,-0.,-1.));
#616 = DIRECTION('',(0.707106781187,0.707106781187,-0.));
#617 = PCURVE('',#408,#618);
#618 = DEFINITIONAL_REPRESENTATION('',(#619),#627);
#619 = B_SPLINE_CURVE_WITH_KNOTS('',6,(#620,#621,#622,#623,#624,#625,
    #626),.UNSPECIFIED.,.F.,.F.,(7,7),(5.587571986786,6.978798627573),
  .PIECEWISE_BEZIER_KNOTS.);
#620 = CARTESIAN_POINT('',(8.881784197001E-16,27.115789833941));
#621 = CARTESIAN_POINT('',(-0.231871106798,29.565613936511));
#622 = CARTESIAN_POINT('',(-0.463742213596,31.198897507817));
#623 = CARTESIAN_POINT('',(-0.695613320393,31.778679100355));
#624 = CARTESIAN_POINT('',(-0.927484427191,31.198897507817));
#625 = CARTESIAN_POINT('',(-1.159355533989,29.565613936511));
#626 = CARTESIAN_POINT('',(-1.391226640787,27.115789833941));
#627 = ( GEOMETRIC_REPRESENTATION_CONTEXT(2) 
PARAMETRIC_REPRESENTATION_CONTEXT() REPRESENTATION_CONTEXT('2D SPACE',''
  ) );
#628 = PCURVE('',#435,#629);
#629 = DEFINITIONAL_REPRESENTATION('',(#630),#638);
#630 = ( BOUNDED_CURVE() B_SPLINE_CURVE(2,(#631,#632,#633,#634,#635,#636
,#637),.UNSPECIFIED.,.T.,.F.) B_SPLINE_CURVE_WITH_KNOTS((1,2,2,2,2,1),(
    -2.094395102393,0.,2.094395102393,4.188790204786,6.28318530718,
8.377580409573),.UNSPECIFIED.) CURVE() GEOMETRIC_REPRESENTATION_ITEM() 
RATIONAL_B_SPLINE_CURVE((1.,0.5,1.,0.5,1.,0.5,1.)) REPRESENTATION_ITEM(
  '') );
#631 = CARTESIAN_POINT('',(95.080281057116,57.580281057116));
#632 = CARTESIAN_POINT('',(125.6989028419,26.961659272326));
#633 = CARTESIAN_POINT('',(78.626343019719,10.507721234929));
#634 = CARTESIAN_POINT('',(31.553783197532,-5.946216802468));
#635 = CARTESIAN_POINT('',(48.007721234929,41.126343019719));
#636 = CARTESIAN_POINT('',(64.461659272326,88.198902841905));
#637 = CARTESIAN_POINT('',(95.080281057116,57.580281057116));
#638 = ( GEOMETRIC_REPRESENTATION_CONTEXT(2) 
PARAMETRIC_REPRESENTATION_CONTEXT() REPRESENTATION_CONTEXT('2D SPACE',''
  ) );
#639 = ADVANCED_FACE('',(#640),#488,.F.);
#640 = FACE_BOUND('',#641,.F.);
#641 = EDGE_LOOP('',(#642,#668,#696,#755));
#642 = ORIENTED_EDGE('',*,*,#643,.T.);
#643 = EDGE_CURVE('',#386,#644,#646,.T.);
#644 = VERTEX_POINT('',#645);
#645 = CARTESIAN_POINT('',(69.15010574375,39.80687582708,20.));
#646 = SURFACE_CURVE('',#647,(#652,#658),.PCURVE_S1.);
#647 = CIRCLE('',#648,16.);
#648 = AXIS2_PLACEMENT_3D('',#649,#650,#651);
#649 = CARTESIAN_POINT('',(69.15010574375,39.80687582708,36.));
#650 = DIRECTION('',(-1.,0.,0.));
#651 = DIRECTION('',(0.,0.906307787037,-0.422618261741));
#652 = PCURVE('',#488,#653);
#653 = DEFINITIONAL_REPRESENTATION('',(#654),#657);
#654 = B_SPLINE_CURVE_WITH_KNOTS('',1,(#655,#656),.UNSPECIFIED.,.F.,.F.,
  (2,2),(0.,1.134464013796),.PIECEWISE_BEZIER_KNOTS.);
#655 = CARTESIAN_POINT('',(0.,-4.307800419667));
#656 = CARTESIAN_POINT('',(1.134464013796,-4.307800419667));
#657 = ( GEOMETRIC_REPRESENTATION_CONTEXT(2) 
PARAMETRIC_REPRESENTATION_CONTEXT() REPRESENTATION_CONTEXT('2D SPACE',''
  ) );
#658 = PCURVE('',#538,#659);
#659 = DEFINITIONAL_REPRESENTATION('',(#660),#667);
#660 = B_SPLINE_CURVE_WITH_KNOTS('',5,(#661,#662,#663,#664,#665,#666),
  .UNSPECIFIED.,.F.,.F.,(6,6),(0.,1.134464013796),
  .PIECEWISE_BEZIER_KNOTS.);
#661 = CARTESIAN_POINT('',(-1.7763568394E-15,1.020020867499E+03));
#662 = CARTESIAN_POINT('',(5.745319219744,1.020020867499E+03));
#663 = CARTESIAN_POINT('',(11.006708373304,1.020020867499E+03));
#664 = CARTESIAN_POINT('',(16.196112079999,1.020020867499E+03));
#665 = CARTESIAN_POINT('',(21.463007968345,1.020020867499E+03));
#666 = CARTESIAN_POINT('',(27.208327188088,1.020020867499E+03));
#667 = ( GEOMETRIC_REPRESENTATION_CONTEXT(2) 
PARAMETRIC_REPRESENTATION_CONTEXT() REPRESENTATION_CONTEXT('2D SPACE',''
  ) );
#668 = ORIENTED_EDGE('',*,*,#669,.T.);
#669 = EDGE_CURVE('',#644,#670,#672,.T.);
#670 = VERTEX_POINT('',#671);
#671 = CARTESIAN_POINT('',(-69.15010574375,39.80687582708,20.));
#672 = SURFACE_CURVE('',#673,(#677,#684),.PCURVE_S1.);
#673 = LINE('',#674,#675);
#674 = CARTESIAN_POINT('',(64.842305324084,39.80687582708,20.));
#675 = VECTOR('',#676,1.);
#676 = DIRECTION('',(-1.,0.,0.));
#677 = PCURVE('',#488,#678);
#678 = DEFINITIONAL_REPRESENTATION('',(#679),#683);
#679 = LINE('',#680,#681);
#680 = CARTESIAN_POINT('',(1.134464013796,0.));
#681 = VECTOR('',#682,1.);
#682 = DIRECTION('',(0.,1.));
#683 = ( GEOMETRIC_REPRESENTATION_CONTEXT(2) 
PARAMETRIC_REPRESENTATION_CONTEXT() REPRESENTATION_CONTEXT('2D SPACE',''
  ) );
#684 = PCURVE('',#685,#690);
#685 = PLANE('',#686);
#686 = AXIS2_PLACEMENT_3D('',#687,#688,#689);
#687 = CARTESIAN_POINT('',(0.,0.,20.));
#688 = DIRECTION('',(0.,0.,1.));
#689 = DIRECTION('',(1.,0.,-0.));
#690 = DEFINITIONAL_REPRESENTATION('',(#691),#695);
#691 = LINE('',#692,#693);
#692 = CARTESIAN_POINT('',(64.842305324084,39.80687582708));
#693 = VECTOR('',#694,1.);
#694 = DIRECTION('',(-1.,0.));
#695 = ( GEOMETRIC_REPRESENTATION_CONTEXT(2) 
PARAMETRIC_REPRESENTATION_CONTEXT() REPRESENTATION_CONTEXT('2D SPACE',''
  ) );
#696 = ORIENTED_EDGE('',*,*,#697,.F.);
#697 = EDGE_CURVE('',#447,#670,#698,.T.);
#698 = SURFACE_CURVE('',#699,(#704,#710),.PCURVE_S1.);
#699 = CIRCLE('',#700,16.);
#700 = AXIS2_PLACEMENT_3D('',#701,#702,#703);
#701 = CARTESIAN_POINT('',(-69.15010574375,39.80687582708,36.));
#702 = DIRECTION('',(-1.,0.,0.));
#703 = DIRECTION('',(0.,0.906307787037,-0.422618261741));
#704 = PCURVE('',#488,#705);
#705 = DEFINITIONAL_REPRESENTATION('',(#706),#709);
#706 = B_SPLINE_CURVE_WITH_KNOTS('',1,(#707,#708),.UNSPECIFIED.,.F.,.F.,
  (2,2),(0.,1.134464013796),.PIECEWISE_BEZIER_KNOTS.);
#707 = CARTESIAN_POINT('',(0.,133.99241106783));
#708 = CARTESIAN_POINT('',(1.134464013796,133.99241106783));
#709 = ( GEOMETRIC_REPRESENTATION_CONTEXT(2) 
PARAMETRIC_REPRESENTATION_CONTEXT() REPRESENTATION_CONTEXT('2D SPACE',''
  ) );
#710 = PCURVE('',#711,#748);
#711 = ( BOUNDED_SURFACE() B_SPLINE_SURFACE(2,11,(
    (#712,#713,#714,#715,#716,#717,#718,#719,#720,#721,#722,#723)
    ,(#724,#725,#726,#727,#728,#729,#730,#731,#732,#733,#734,#735)
    ,(#736,#737,#738,#739,#740,#741,#742,#743,#744,#745,#746,#747
)),.UNSPECIFIED.,.F.,.F.,.F.) B_SPLINE_SURFACE_WITH_KNOTS((3,3),(12,12),
  (0.,27.208327188088),(646.18171255415,673.39003974224),
.PIECEWISE_BEZIER_KNOTS.) GEOMETRIC_REPRESENTATION_ITEM() 
RATIONAL_B_SPLINE_SURFACE((
    (1.,1.,1.,0.999999999999,1.000000000002,0.999999999998
      ,1.000000000002,0.999999999998,1.000000000001,1.,1.,1.)
    ,(0.843391528075,0.857268412133,0.868023070896,0.876018352361
      ,0.881187195503,0.883700015446,0.883702568046,0.881194639759
      ,0.876031204,0.868041405353,0.857292245756,0.843421489334)
    ,(1.,1.,1.,0.999999999999,1.000000000002,0.999999999998
      ,1.000000000002,0.999999999998,1.000000000001,1.,1.,1.
))) REPRESENTATION_ITEM('') SURFACE() );
#712 = CARTESIAN_POINT('',(-69.1501036732,54.307798349124,
    29.238103371857));
#713 = CARTESIAN_POINT('',(-72.40102264902,53.958518351166,
    28.489069999038));
#714 = CARTESIAN_POINT('',(-75.47912685504,53.14759829431,
    27.895010644896));
#715 = CARTESIAN_POINT('',(-78.38867668798,51.944683953911,
    27.446485518868));
#716 = CARTESIAN_POINT('',(-81.13506404696,50.380123614689,
    27.152753791787));
#717 = CARTESIAN_POINT('',(-83.68276588421,48.457260842985,
    27.009605753648));
#718 = CARTESIAN_POINT('',(-85.95269836348,46.187938999503,
    27.00946029424));
#719 = CARTESIAN_POINT('',(-87.87625263199,43.640722077442,
    27.152330309901));
#720 = CARTESIAN_POINT('',(-89.441516932,40.894703153219,27.445758600134
    ));
#721 = CARTESIAN_POINT('',(-90.64515383157,37.985476058144,
    27.893985741547));
#722 = CARTESIAN_POINT('',(-91.45685686949,34.907703548189,
    28.487756904006));
#723 = CARTESIAN_POINT('',(-91.80704308168,31.657123840722,
    29.236486122548));
#724 = CARTESIAN_POINT('',(-69.14465655973,50.,20.));
#725 = CARTESIAN_POINT('',(-71.62637120164,49.429362459495,20.));
#726 = CARTESIAN_POINT('',(-73.93570937972,48.637854446117,20.));
#727 = CARTESIAN_POINT('',(-76.16847115904,47.641666585563,20.));
#728 = CARTESIAN_POINT('',(-78.36752372249,46.390201293589,
    20.000000000001));
#729 = CARTESIAN_POINT('',(-80.45538336298,44.821961762645,
    19.999999999999));
#730 = CARTESIAN_POINT('',(-82.31823153438,42.959619981907,
    20.000000000001));
#731 = CARTESIAN_POINT('',(-83.8870629507,40.872118233629,
    19.999999999999));
#732 = CARTESIAN_POINT('',(-85.13910722293,38.67324788231,
    20.000000000001));
#733 = CARTESIAN_POINT('',(-86.13577070399,36.440586279649,20.));
#734 = CARTESIAN_POINT('',(-86.92767839542,34.131440914137,20.));
#735 = CARTESIAN_POINT('',(-87.49874693319,31.650103701945,20.));
#736 = CARTESIAN_POINT('',(-69.13176759966,39.806887419851,20.));
#737 = CARTESIAN_POINT('',(-69.93227175257,39.809986472379,20.));
#738 = CARTESIAN_POINT('',(-70.86943912084,39.786103911969,
    20.000000000001));
#739 = CARTESIAN_POINT('',(-72.04396139393,39.62828591367,
    19.999999999999));
#740 = CARTESIAN_POINT('',(-73.39463199368,39.15991159962,
    20.000000000002));
#741 = CARTESIAN_POINT('',(-74.70679953492,38.340027117133,
    19.999999999997));
#742 = CARTESIAN_POINT('',(-75.8379051639,37.209433938831,
    20.000000000003));
#743 = CARTESIAN_POINT('',(-76.65840498867,35.897486214984,
    19.999999999998));
#744 = CARTESIAN_POINT('',(-77.12746247714,34.546778949999,
    20.000000000001));
#745 = CARTESIAN_POINT('',(-77.28581327648,33.371881592688,
    19.999999999999));
#746 = CARTESIAN_POINT('',(-77.30994025322,32.434269397912,20.));
#747 = CARTESIAN_POINT('',(-77.30689405541,31.633496621296,20.));
#748 = DEFINITIONAL_REPRESENTATION('',(#749),#754);
#749 = B_SPLINE_CURVE_WITH_KNOTS('',3,(#750,#751,#752,#753),
  .UNSPECIFIED.,.F.,.F.,(4,4),(0.,1.134464013796),
  .PIECEWISE_BEZIER_KNOTS.);
#750 = CARTESIAN_POINT('',(0.,646.18171255415));
#751 = CARTESIAN_POINT('',(9.574693835943,646.18171255415));
#752 = CARTESIAN_POINT('',(17.633633352146,646.18171255415));
#753 = CARTESIAN_POINT('',(27.208327188088,646.18171255415));
#754 = ( GEOMETRIC_REPRESENTATION_CONTEXT(2) 
PARAMETRIC_REPRESENTATION_CONTEXT() REPRESENTATION_CONTEXT('2D SPACE',''
  ) );
#755 = ORIENTED_EDGE('',*,*,#474,.F.);
#756 = ADVANCED_FACE('',(#757,#926),#435,.T.);
#757 = FACE_BOUND('',#758,.T.);
#758 = EDGE_LOOP('',(#759,#760,#761,#782,#815,#841,#874,#900));
#759 = ORIENTED_EDGE('',*,*,#420,.F.);
#760 = ORIENTED_EDGE('',*,*,#610,.T.);
#761 = ORIENTED_EDGE('',*,*,#762,.F.);
#762 = EDGE_CURVE('',#763,#583,#765,.T.);
#763 = VERTEX_POINT('',#764);
#764 = CARTESIAN_POINT('',(101.48922974465,-41.33153506873,50.));
#765 = SURFACE_CURVE('',#766,(#770,#776),.PCURVE_S1.);
#766 = LINE('',#767,#768);
#767 = CARTESIAN_POINT('',(101.48922974465,-25.,50.));
#768 = VECTOR('',#769,1.);
#769 = DIRECTION('',(0.,1.,-0.));
#770 = PCURVE('',#435,#771);
#771 = DEFINITIONAL_REPRESENTATION('',(#772),#775);
#772 = B_SPLINE_CURVE_WITH_KNOTS('',1,(#773,#774),.UNSPECIFIED.,.F.,.F.,
  (2,2),(-38.98922974465,88.98922974465),.PIECEWISE_BEZIER_KNOTS.);
#773 = CARTESIAN_POINT('',(101.48922974465,-63.98922974465));
#774 = CARTESIAN_POINT('',(101.48922974465,63.98922974465));
#775 = ( GEOMETRIC_REPRESENTATION_CONTEXT(2) 
PARAMETRIC_REPRESENTATION_CONTEXT() REPRESENTATION_CONTEXT('2D SPACE',''
  ) );
#776 = PCURVE('',#598,#777);
#777 = DEFINITIONAL_REPRESENTATION('',(#778),#781);
#778 = B_SPLINE_CURVE_WITH_KNOTS('',1,(#779,#780),.UNSPECIFIED.,.F.,.F.,
  (2,2),(-38.98922974465,88.98922974465),.PIECEWISE_BEZIER_KNOTS.);
#779 = CARTESIAN_POINT('',(-13.98922974465,-33.10133756887));
#780 = CARTESIAN_POINT('',(113.98922974465,-33.10133756887));
#781 = ( GEOMETRIC_REPRESENTATION_CONTEXT(2) 
PARAMETRIC_REPRESENTATION_CONTEXT() REPRESENTATION_CONTEXT('2D SPACE',''
  ) );
#782 = ORIENTED_EDGE('',*,*,#783,.F.);
#783 = EDGE_CURVE('',#784,#763,#786,.T.);
#784 = VERTEX_POINT('',#785);
#785 = CARTESIAN_POINT('',(78.831535068734,-63.98922974465,50.));
#786 = SURFACE_CURVE('',#787,(#792,#799),.PCURVE_S1.);
#787 = ELLIPSE('',#788,29.94667828103,25.);
#788 = AXIS2_PLACEMENT_3D('',#789,#790,#791);
#789 = CARTESIAN_POINT('',(73.904781770588,-36.40478177058,50.));
#790 = DIRECTION('',(0.,0.,1.));
#791 = DIRECTION('',(0.707106781187,-0.707106781187,0.));
#792 = PCURVE('',#435,#793);
#793 = DEFINITIONAL_REPRESENTATION('',(#794),#798);
#794 = ELLIPSE('',#795,29.94667828103,25.);
#795 = AXIS2_PLACEMENT_2D('',#796,#797);
#796 = CARTESIAN_POINT('',(73.904781770588,-36.40478177058));
#797 = DIRECTION('',(0.707106781187,-0.707106781187));
#798 = ( GEOMETRIC_REPRESENTATION_CONTEXT(2) 
PARAMETRIC_REPRESENTATION_CONTEXT() REPRESENTATION_CONTEXT('2D SPACE',''
  ) );
#799 = PCURVE('',#800,#805);
#800 = CYLINDRICAL_SURFACE('',#801,25.);
#801 = AXIS2_PLACEMENT_3D('',#802,#803,#804);
#802 = CARTESIAN_POINT('',(68.275856457378,-30.77585645737,
    37.928730710791));
#803 = DIRECTION('',(0.389281620635,-0.389281620635,0.834817129479));
#804 = DIRECTION('',(0.,-0.906307787037,-0.422618261741));
#805 = DEFINITIONAL_REPRESENTATION('',(#806),#814);
#806 = B_SPLINE_CURVE_WITH_KNOTS('',6,(#807,#808,#809,#810,#811,#812,
    #813),.UNSPECIFIED.,.F.,.F.,(7,7),(5.587571986786,6.978798627573),
  .PIECEWISE_BEZIER_KNOTS.);
#807 = CARTESIAN_POINT('',(-8.881784197001E-16,27.115789833941));
#808 = CARTESIAN_POINT('',(0.231871106798,29.565613936511));
#809 = CARTESIAN_POINT('',(0.463742213596,31.198897507816));
#810 = CARTESIAN_POINT('',(0.695613320393,31.778679100356));
#811 = CARTESIAN_POINT('',(0.927484427191,31.198897507816));
#812 = CARTESIAN_POINT('',(1.159355533989,29.565613936511));
#813 = CARTESIAN_POINT('',(1.391226640787,27.115789833941));
#814 = ( GEOMETRIC_REPRESENTATION_CONTEXT(2) 
PARAMETRIC_REPRESENTATION_CONTEXT() REPRESENTATION_CONTEXT('2D SPACE',''
  ) );
#815 = ORIENTED_EDGE('',*,*,#816,.F.);
#816 = EDGE_CURVE('',#817,#784,#819,.T.);
#817 = VERTEX_POINT('',#818);
#818 = CARTESIAN_POINT('',(-78.83153506873,-63.98922974465,50.));
#819 = SURFACE_CURVE('',#820,(#824,#830),.PCURVE_S1.);
#820 = LINE('',#821,#822);
#821 = CARTESIAN_POINT('',(-43.75,-63.98922974465,50.));
#822 = VECTOR('',#823,1.);
#823 = DIRECTION('',(1.,0.,0.));
#824 = PCURVE('',#435,#825);
#825 = DEFINITIONAL_REPRESENTATION('',(#826),#829);
#826 = B_SPLINE_CURVE_WITH_KNOTS('',1,(#827,#828),.UNSPECIFIED.,.F.,.F.,
  (2,2),(-57.73922974465,145.23922974465),.PIECEWISE_BEZIER_KNOTS.);
#827 = CARTESIAN_POINT('',(-101.4892297446,-63.98922974465));
#828 = CARTESIAN_POINT('',(101.48922974465,-63.98922974465));
#829 = ( GEOMETRIC_REPRESENTATION_CONTEXT(2) 
PARAMETRIC_REPRESENTATION_CONTEXT() REPRESENTATION_CONTEXT('2D SPACE',''
  ) );
#830 = PCURVE('',#831,#836);
#831 = PLANE('',#832);
#832 = AXIS2_PLACEMENT_3D('',#833,#834,#835);
#833 = CARTESIAN_POINT('',(-87.5,-50.,20.));
#834 = DIRECTION('',(0.,0.906307787037,0.422618261741));
#835 = DIRECTION('',(1.,0.,0.));
#836 = DEFINITIONAL_REPRESENTATION('',(#837),#840);
#837 = B_SPLINE_CURVE_WITH_KNOTS('',1,(#838,#839),.UNSPECIFIED.,.F.,.F.,
  (2,2),(-57.73922974465,145.23922974465),.PIECEWISE_BEZIER_KNOTS.);
#838 = CARTESIAN_POINT('',(-13.98922974465,-33.10133756887));
#839 = CARTESIAN_POINT('',(188.98922974465,-33.10133756887));
#840 = ( GEOMETRIC_REPRESENTATION_CONTEXT(2) 
PARAMETRIC_REPRESENTATION_CONTEXT() REPRESENTATION_CONTEXT('2D SPACE',''
  ) );
#841 = ORIENTED_EDGE('',*,*,#842,.F.);
#842 = EDGE_CURVE('',#843,#817,#845,.T.);
#843 = VERTEX_POINT('',#844);
#844 = CARTESIAN_POINT('',(-101.4892297446,-41.33153506873,50.));
#845 = SURFACE_CURVE('',#846,(#851,#858),.PCURVE_S1.);
#846 = ELLIPSE('',#847,29.94667828103,25.);
#847 = AXIS2_PLACEMENT_3D('',#848,#849,#850);
#848 = CARTESIAN_POINT('',(-73.90478177058,-36.40478177058,50.));
#849 = DIRECTION('',(0.,0.,1.));
#850 = DIRECTION('',(-0.707106781187,-0.707106781187,0.));
#851 = PCURVE('',#435,#852);
#852 = DEFINITIONAL_REPRESENTATION('',(#853),#857);
#853 = ELLIPSE('',#854,29.94667828103,25.);
#854 = AXIS2_PLACEMENT_2D('',#855,#856);
#855 = CARTESIAN_POINT('',(-73.90478177058,-36.40478177058));
#856 = DIRECTION('',(-0.707106781187,-0.707106781187));
#857 = ( GEOMETRIC_REPRESENTATION_CONTEXT(2) 
PARAMETRIC_REPRESENTATION_CONTEXT() REPRESENTATION_CONTEXT('2D SPACE',''
  ) );
#858 = PCURVE('',#859,#864);
#859 = CYLINDRICAL_SURFACE('',#860,25.);
#860 = AXIS2_PLACEMENT_3D('',#861,#862,#863);
#861 = CARTESIAN_POINT('',(-68.27585645737,-30.77585645737,
    37.928730710791));
#862 = DIRECTION('',(-0.389281620635,-0.389281620635,0.834817129479));
#863 = DIRECTION('',(-0.906307787037,0.,-0.422618261741));
#864 = DEFINITIONAL_REPRESENTATION('',(#865),#873);
#865 = B_SPLINE_CURVE_WITH_KNOTS('',6,(#866,#867,#868,#869,#870,#871,
    #872),.UNSPECIFIED.,.F.,.F.,(7,7),(5.587571986786,6.978798627573),
  .PIECEWISE_BEZIER_KNOTS.);
#866 = CARTESIAN_POINT('',(0.,27.115789833941));
#867 = CARTESIAN_POINT('',(0.231871106798,29.565613936511));
#868 = CARTESIAN_POINT('',(0.463742213596,31.198897507817));
#869 = CARTESIAN_POINT('',(0.695613320393,31.778679100354));
#870 = CARTESIAN_POINT('',(0.927484427191,31.198897507817));
#871 = CARTESIAN_POINT('',(1.159355533989,29.565613936511));
#872 = CARTESIAN_POINT('',(1.391226640787,27.115789833941));
#873 = ( GEOMETRIC_REPRESENTATION_CONTEXT(2) 
PARAMETRIC_REPRESENTATION_CONTEXT() REPRESENTATION_CONTEXT('2D SPACE',''
  ) );
#874 = ORIENTED_EDGE('',*,*,#875,.F.);
#875 = EDGE_CURVE('',#876,#843,#878,.T.);
#876 = VERTEX_POINT('',#877);
#877 = CARTESIAN_POINT('',(-101.4892297446,41.331535068734,50.));
#878 = SURFACE_CURVE('',#879,(#883,#889),.PCURVE_S1.);
#879 = LINE('',#880,#881);
#880 = CARTESIAN_POINT('',(-101.4892297446,25.,50.));
#881 = VECTOR('',#882,1.);
#882 = DIRECTION('',(0.,-1.,0.));
#883 = PCURVE('',#435,#884);
#884 = DEFINITIONAL_REPRESENTATION('',(#885),#888);
#885 = B_SPLINE_CURVE_WITH_KNOTS('',1,(#886,#887),.UNSPECIFIED.,.F.,.F.,
  (2,2),(-38.98922974465,88.98922974465),.PIECEWISE_BEZIER_KNOTS.);
#886 = CARTESIAN_POINT('',(-101.4892297446,63.98922974465));
#887 = CARTESIAN_POINT('',(-101.4892297446,-63.98922974465));
#888 = ( GEOMETRIC_REPRESENTATION_CONTEXT(2) 
PARAMETRIC_REPRESENTATION_CONTEXT() REPRESENTATION_CONTEXT('2D SPACE',''
  ) );
#889 = PCURVE('',#890,#895);
#890 = PLANE('',#891);
#891 = AXIS2_PLACEMENT_3D('',#892,#893,#894);
#892 = CARTESIAN_POINT('',(-87.5,50.,20.));
#893 = DIRECTION('',(0.906307787037,0.,0.422618261741));
#894 = DIRECTION('',(0.,-1.,0.));
#895 = DEFINITIONAL_REPRESENTATION('',(#896),#899);
#896 = B_SPLINE_CURVE_WITH_KNOTS('',1,(#897,#898),.UNSPECIFIED.,.F.,.F.,
  (2,2),(-38.98922974465,88.98922974465),.PIECEWISE_BEZIER_KNOTS.);
#897 = CARTESIAN_POINT('',(-13.98922974465,-33.10133756887));
#898 = CARTESIAN_POINT('',(113.98922974465,-33.10133756887));
#899 = ( GEOMETRIC_REPRESENTATION_CONTEXT(2) 
PARAMETRIC_REPRESENTATION_CONTEXT() REPRESENTATION_CONTEXT('2D SPACE',''
  ) );
#900 = ORIENTED_EDGE('',*,*,#901,.F.);
#901 = EDGE_CURVE('',#421,#876,#902,.T.);
#902 = SURFACE_CURVE('',#903,(#908,#915),.PCURVE_S1.);
#903 = ELLIPSE('',#904,29.94667828103,25.);
#904 = AXIS2_PLACEMENT_3D('',#905,#906,#907);
#905 = CARTESIAN_POINT('',(-73.90478177058,36.404781770588,50.));
#906 = DIRECTION('',(0.,0.,1.));
#907 = DIRECTION('',(-0.707106781187,0.707106781187,0.));
#908 = PCURVE('',#435,#909);
#909 = DEFINITIONAL_REPRESENTATION('',(#910),#914);
#910 = ELLIPSE('',#911,29.94667828103,25.);
#911 = AXIS2_PLACEMENT_2D('',#912,#913);
#912 = CARTESIAN_POINT('',(-73.90478177058,36.404781770588));
#913 = DIRECTION('',(-0.707106781187,0.707106781187));
#914 = ( GEOMETRIC_REPRESENTATION_CONTEXT(2) 
PARAMETRIC_REPRESENTATION_CONTEXT() REPRESENTATION_CONTEXT('2D SPACE',''
  ) );
#915 = PCURVE('',#462,#916);
#916 = DEFINITIONAL_REPRESENTATION('',(#917),#925);
#917 = B_SPLINE_CURVE_WITH_KNOTS('',6,(#918,#919,#920,#921,#922,#923,
    #924),.UNSPECIFIED.,.F.,.F.,(7,7),(5.587571986786,6.978798627573),
  .PIECEWISE_BEZIER_KNOTS.);
#918 = CARTESIAN_POINT('',(-8.881784197001E-16,27.115789833941));
#919 = CARTESIAN_POINT('',(0.231871106798,29.565613936511));
#920 = CARTESIAN_POINT('',(0.463742213596,31.198897507816));
#921 = CARTESIAN_POINT('',(0.695613320393,31.778679100356));
#922 = CARTESIAN_POINT('',(0.927484427191,31.198897507816));
#923 = CARTESIAN_POINT('',(1.159355533989,29.565613936511));
#924 = CARTESIAN_POINT('',(1.391226640787,27.115789833941));
#925 = ( GEOMETRIC_REPRESENTATION_CONTEXT(2) 
PARAMETRIC_REPRESENTATION_CONTEXT() REPRESENTATION_CONTEXT('2D SPACE',''
  ) );
#926 = FACE_BOUND('',#927,.T.);
#927 = EDGE_LOOP('',(#928,#958,#986,#1014));
#928 = ORIENTED_EDGE('',*,*,#929,.T.);
#929 = EDGE_CURVE('',#930,#932,#934,.T.);
#930 = VERTEX_POINT('',#931);
#931 = CARTESIAN_POINT('',(107.5,70.,50.));
#932 = VERTEX_POINT('',#933);
#933 = CARTESIAN_POINT('',(-107.5,70.,50.));
#934 = SURFACE_CURVE('',#935,(#939,#946),.PCURVE_S1.);
#935 = LINE('',#936,#937);
#936 = CARTESIAN_POINT('',(107.5,70.,50.));
#937 = VECTOR('',#938,1.);
#938 = DIRECTION('',(-1.,0.,0.));
#939 = PCURVE('',#435,#940);
#940 = DEFINITIONAL_REPRESENTATION('',(#941),#945);
#941 = LINE('',#942,#943);
#942 = CARTESIAN_POINT('',(107.5,70.));
#943 = VECTOR('',#944,1.);
#944 = DIRECTION('',(-1.,0.));
#945 = ( GEOMETRIC_REPRESENTATION_CONTEXT(2) 
PARAMETRIC_REPRESENTATION_CONTEXT() REPRESENTATION_CONTEXT('2D SPACE',''
  ) );
#946 = PCURVE('',#947,#952);
#947 = PLANE('',#948);
#948 = AXIS2_PLACEMENT_3D('',#949,#950,#951);
#949 = CARTESIAN_POINT('',(107.5,70.,0.));
#950 = DIRECTION('',(0.,-1.,0.));
#951 = DIRECTION('',(-1.,0.,0.));
#952 = DEFINITIONAL_REPRESENTATION('',(#953),#957);
#953 = LINE('',#954,#955);
#954 = CARTESIAN_POINT('',(0.,-50.));
#955 = VECTOR('',#956,1.);
#956 = DIRECTION('',(1.,0.));
#957 = ( GEOMETRIC_REPRESENTATION_CONTEXT(2) 
PARAMETRIC_REPRESENTATION_CONTEXT() REPRESENTATION_CONTEXT('2D SPACE',''
  ) );
#958 = ORIENTED_EDGE('',*,*,#959,.T.);
#959 = EDGE_CURVE('',#932,#960,#962,.T.);
#960 = VERTEX_POINT('',#961);
#961 = CARTESIAN_POINT('',(-107.5,-70.,50.));
#962 = SURFACE_CURVE('',#963,(#967,#974),.PCURVE_S1.);
#963 = LINE('',#964,#965);
#964 = CARTESIAN_POINT('',(-107.5,70.,50.));
#965 = VECTOR('',#966,1.);
#966 = DIRECTION('',(0.,-1.,0.));
#967 = PCURVE('',#435,#968);
#968 = DEFINITIONAL_REPRESENTATION('',(#969),#973);
#969 = LINE('',#970,#971);
#970 = CARTESIAN_POINT('',(-107.5,70.));
#971 = VECTOR('',#972,1.);
#972 = DIRECTION('',(0.,-1.));
#973 = ( GEOMETRIC_REPRESENTATION_CONTEXT(2) 
PARAMETRIC_REPRESENTATION_CONTEXT() REPRESENTATION_CONTEXT('2D SPACE',''
  ) );
#974 = PCURVE('',#975,#980);
#975 = PLANE('',#976);
#976 = AXIS2_PLACEMENT_3D('',#977,#978,#979);
#977 = CARTESIAN_POINT('',(-107.5,70.,0.));
#978 = DIRECTION('',(1.,0.,-0.));
#979 = DIRECTION('',(0.,-1.,0.));
#980 = DEFINITIONAL_REPRESENTATION('',(#981),#985);
#981 = LINE('',#982,#983);
#982 = CARTESIAN_POINT('',(0.,-50.));
#983 = VECTOR('',#984,1.);
#984 = DIRECTION('',(1.,0.));
#985 = ( GEOMETRIC_REPRESENTATION_CONTEXT(2) 
PARAMETRIC_REPRESENTATION_CONTEXT() REPRESENTATION_CONTEXT('2D SPACE',''
  ) );
#986 = ORIENTED_EDGE('',*,*,#987,.T.);
#987 = EDGE_CURVE('',#960,#988,#990,.T.);
#988 = VERTEX_POINT('',#989);
#989 = CARTESIAN_POINT('',(107.5,-70.,50.));
#990 = SURFACE_CURVE('',#991,(#995,#1002),.PCURVE_S1.);
#991 = LINE('',#992,#993);
#992 = CARTESIAN_POINT('',(-107.5,-70.,50.));
#993 = VECTOR('',#994,1.);
#994 = DIRECTION('',(1.,0.,0.));
#995 = PCURVE('',#435,#996);
#996 = DEFINITIONAL_REPRESENTATION('',(#997),#1001);
#997 = LINE('',#998,#999);
#998 = CARTESIAN_POINT('',(-107.5,-70.));
#999 = VECTOR('',#1000,1.);
#1000 = DIRECTION('',(1.,0.));
#1001 = ( GEOMETRIC_REPRESENTATION_CONTEXT(2) 
PARAMETRIC_REPRESENTATION_CONTEXT() REPRESENTATION_CONTEXT('2D SPACE',''
  ) );
#1002 = PCURVE('',#1003,#1008);
#1003 = PLANE('',#1004);
#1004 = AXIS2_PLACEMENT_3D('',#1005,#1006,#1007);
#1005 = CARTESIAN_POINT('',(-107.5,-70.,0.));
#1006 = DIRECTION('',(0.,1.,0.));
#1007 = DIRECTION('',(1.,0.,0.));
#1008 = DEFINITIONAL_REPRESENTATION('',(#1009),#1013);
#1009 = LINE('',#1010,#1011);
#1010 = CARTESIAN_POINT('',(0.,-50.));
#1011 = VECTOR('',#1012,1.);
#1012 = DIRECTION('',(1.,0.));
#1013 = ( GEOMETRIC_REPRESENTATION_CONTEXT(2) 
PARAMETRIC_REPRESENTATION_CONTEXT() REPRESENTATION_CONTEXT('2D SPACE',''
  ) );
#1014 = ORIENTED_EDGE('',*,*,#1015,.T.);
#1015 = EDGE_CURVE('',#988,#930,#1016,.T.);
#1016 = SURFACE_CURVE('',#1017,(#1021,#1028),.PCURVE_S1.);
#1017 = LINE('',#1018,#1019);
#1018 = CARTESIAN_POINT('',(107.5,-70.,50.));
#1019 = VECTOR('',#1020,1.);
#1020 = DIRECTION('',(0.,1.,0.));
#1021 = PCURVE('',#435,#1022);
#1022 = DEFINITIONAL_REPRESENTATION('',(#1023),#1027);
#1023 = LINE('',#1024,#1025);
#1024 = CARTESIAN_POINT('',(107.5,-70.));
#1025 = VECTOR('',#1026,1.);
#1026 = DIRECTION('',(0.,1.));
#1027 = ( GEOMETRIC_REPRESENTATION_CONTEXT(2) 
PARAMETRIC_REPRESENTATION_CONTEXT() REPRESENTATION_CONTEXT('2D SPACE',''
  ) );
#1028 = PCURVE('',#1029,#1034);
#1029 = PLANE('',#1030);
#1030 = AXIS2_PLACEMENT_3D('',#1031,#1032,#1033);
#1031 = CARTESIAN_POINT('',(107.5,-70.,0.));
#1032 = DIRECTION('',(-1.,0.,0.));
#1033 = DIRECTION('',(0.,1.,0.));
#1034 = DEFINITIONAL_REPRESENTATION('',(#1035),#1039);
#1035 = LINE('',#1036,#1037);
#1036 = CARTESIAN_POINT('',(0.,-50.));
#1037 = VECTOR('',#1038,1.);
#1038 = DIRECTION('',(1.,0.));
#1039 = ( GEOMETRIC_REPRESENTATION_CONTEXT(2) 
PARAMETRIC_REPRESENTATION_CONTEXT() REPRESENTATION_CONTEXT('2D SPACE',''
  ) );
#1040 = ADVANCED_FACE('',(#1041),#462,.F.);
#1041 = FACE_BOUND('',#1042,.F.);
#1042 = EDGE_LOOP('',(#1043,#1044,#1085,#1106));
#1043 = ORIENTED_EDGE('',*,*,#446,.F.);
#1044 = ORIENTED_EDGE('',*,*,#1045,.T.);
#1045 = EDGE_CURVE('',#447,#1046,#1048,.T.);
#1046 = VERTEX_POINT('',#1047);
#1047 = CARTESIAN_POINT('',(-91.80780041966,31.65010574375,
    29.238107812149));
#1048 = SURFACE_CURVE('',#1049,(#1062,#1078),.PCURVE_S1.);
#1049 = ( BOUNDED_CURVE() B_SPLINE_CURVE(11,(#1050,#1051,#1052,#1053,
    #1054,#1055,#1056,#1057,#1058,#1059,#1060,#1061),.UNSPECIFIED.,.F.,
.F.) B_SPLINE_CURVE_WITH_KNOTS((12,12),(646.18171255415,673.39003974224)
,.PIECEWISE_BEZIER_KNOTS.) CURVE() GEOMETRIC_REPRESENTATION_ITEM() 
RATIONAL_B_SPLINE_CURVE((1.,1.,1.,0.999999999999,1.000000000002,
    0.999999999998,1.000000000002,0.999999999998,1.000000000001,1.,1.,1.
)) REPRESENTATION_ITEM('') );
#1050 = CARTESIAN_POINT('',(-69.1501036732,54.307798349124,
    29.238103371857));
#1051 = CARTESIAN_POINT('',(-72.40102264902,53.958518351166,
    28.489069999038));
#1052 = CARTESIAN_POINT('',(-75.47912685504,53.14759829431,
    27.895010644896));
#1053 = CARTESIAN_POINT('',(-78.38867668798,51.944683953911,
    27.446485518868));
#1054 = CARTESIAN_POINT('',(-81.13506404696,50.380123614689,
    27.152753791787));
#1055 = CARTESIAN_POINT('',(-83.68276588421,48.457260842985,
    27.009605753648));
#1056 = CARTESIAN_POINT('',(-85.95269836348,46.187938999503,
    27.00946029424));
#1057 = CARTESIAN_POINT('',(-87.87625263199,43.640722077442,
    27.152330309901));
#1058 = CARTESIAN_POINT('',(-89.441516932,40.894703153219,
    27.445758600134));
#1059 = CARTESIAN_POINT('',(-90.64515383157,37.985476058144,
    27.893985741547));
#1060 = CARTESIAN_POINT('',(-91.45685686949,34.907703548189,
    28.487756904006));
#1061 = CARTESIAN_POINT('',(-91.80704308168,31.657123840722,
    29.236486122548));
#1062 = PCURVE('',#462,#1063);
#1063 = DEFINITIONAL_REPRESENTATION('',(#1064),#1077);
#1064 = B_SPLINE_CURVE_WITH_KNOTS('',11,(#1065,#1066,#1067,#1068,#1069,
    #1070,#1071,#1072,#1073,#1074,#1075,#1076),.UNSPECIFIED.,.F.,.F.,(12
    ,12),(646.18171255415,673.39003974224),.PIECEWISE_BEZIER_KNOTS.);
#1065 = CARTESIAN_POINT('',(-2.11883329981E-15,2.245796280862));
#1066 = CARTESIAN_POINT('',(0.132648436473,2.750045114478));
#1067 = CARTESIAN_POINT('',(0.259780484803,3.136687260699));
#1068 = CARTESIAN_POINT('',(0.384365413464,3.426612835662));
#1069 = CARTESIAN_POINT('',(0.508433205253,3.641463733049));
#1070 = CARTESIAN_POINT('',(0.633041467066,3.765199969214));
#1071 = CARTESIAN_POINT('',(0.757915755095,3.765316260918));
#1072 = CARTESIAN_POINT('',(0.882524775408,3.641805858103));
#1073 = CARTESIAN_POINT('',(1.006592979913,3.427119124542));
#1074 = CARTESIAN_POINT('',(1.131176116158,3.137351696488));
#1075 = CARTESIAN_POINT('',(1.258302578217,2.750902887229));
#1076 = CARTESIAN_POINT('',(1.390940191064,2.24688498389));
#1077 = ( GEOMETRIC_REPRESENTATION_CONTEXT(2) 
PARAMETRIC_REPRESENTATION_CONTEXT() REPRESENTATION_CONTEXT('2D SPACE',''
  ) );
#1078 = PCURVE('',#711,#1079);
#1079 = DEFINITIONAL_REPRESENTATION('',(#1080),#1084);
#1080 = LINE('',#1081,#1082);
#1081 = CARTESIAN_POINT('',(0.,0.));
#1082 = VECTOR('',#1083,1.);
#1083 = DIRECTION('',(0.,1.));
#1084 = ( GEOMETRIC_REPRESENTATION_CONTEXT(2) 
PARAMETRIC_REPRESENTATION_CONTEXT() REPRESENTATION_CONTEXT('2D SPACE',''
  ) );
#1085 = ORIENTED_EDGE('',*,*,#1086,.T.);
#1086 = EDGE_CURVE('',#1046,#876,#1087,.T.);
#1087 = SURFACE_CURVE('',#1088,(#1092,#1099),.PCURVE_S1.);
#1088 = LINE('',#1089,#1090);
#1089 = CARTESIAN_POINT('',(-90.93355113329,30.775856457378,
    27.363274167273));
#1090 = VECTOR('',#1091,1.);
#1091 = DIRECTION('',(-0.389281620635,0.389281620635,0.834817129479));
#1092 = PCURVE('',#462,#1093);
#1093 = DEFINITIONAL_REPRESENTATION('',(#1094),#1098);
#1094 = LINE('',#1095,#1096);
#1095 = CARTESIAN_POINT('',(1.391226640787,0.));
#1096 = VECTOR('',#1097,1.);
#1097 = DIRECTION('',(0.,1.));
#1098 = ( GEOMETRIC_REPRESENTATION_CONTEXT(2) 
PARAMETRIC_REPRESENTATION_CONTEXT() REPRESENTATION_CONTEXT('2D SPACE',''
  ) );
#1099 = PCURVE('',#890,#1100);
#1100 = DEFINITIONAL_REPRESENTATION('',(#1101),#1105);
#1101 = LINE('',#1102,#1103);
#1102 = CARTESIAN_POINT('',(19.224143542622,-8.124474127437));
#1103 = VECTOR('',#1104,1.);
#1104 = DIRECTION('',(-0.389281620635,-0.921118787039));
#1105 = ( GEOMETRIC_REPRESENTATION_CONTEXT(2) 
PARAMETRIC_REPRESENTATION_CONTEXT() REPRESENTATION_CONTEXT('2D SPACE',''
  ) );
#1106 = ORIENTED_EDGE('',*,*,#901,.F.);
#1107 = ADVANCED_FACE('',(#1108),#538,.F.);
#1108 = FACE_BOUND('',#1109,.F.);
#1109 = EDGE_LOOP('',(#1110,#1139,#1178,#1179));
#1110 = ORIENTED_EDGE('',*,*,#1111,.T.);
#1111 = EDGE_CURVE('',#505,#1112,#1114,.T.);
#1112 = VERTEX_POINT('',#1113);
#1113 = CARTESIAN_POINT('',(77.30687582708,31.65010574375,20.));
#1114 = SURFACE_CURVE('',#1115,(#1120,#1128),.PCURVE_S1.);
#1115 = CIRCLE('',#1116,16.);
#1116 = AXIS2_PLACEMENT_3D('',#1117,#1118,#1119);
#1117 = CARTESIAN_POINT('',(77.30687582708,31.65010574375,36.));
#1118 = DIRECTION('',(0.,1.,0.));
#1119 = DIRECTION('',(0.906307787037,-0.,-0.422618261741));
#1120 = PCURVE('',#538,#1121);
#1121 = DEFINITIONAL_REPRESENTATION('',(#1122),#1127);
#1122 = B_SPLINE_CURVE_WITH_KNOTS('',3,(#1123,#1124,#1125,#1126),
  .UNSPECIFIED.,.F.,.F.,(4,4),(0.,1.134464013796),
  .PIECEWISE_BEZIER_KNOTS.);
#1123 = CARTESIAN_POINT('',(0.,992.81254031088));
#1124 = CARTESIAN_POINT('',(9.574693835943,992.81254031088));
#1125 = CARTESIAN_POINT('',(17.633633352146,992.81254031088));
#1126 = CARTESIAN_POINT('',(27.208327188088,992.81254031088));
#1127 = ( GEOMETRIC_REPRESENTATION_CONTEXT(2) 
PARAMETRIC_REPRESENTATION_CONTEXT() REPRESENTATION_CONTEXT('2D SPACE',''
  ) );
#1128 = PCURVE('',#1129,#1134);
#1129 = CYLINDRICAL_SURFACE('',#1130,16.);
#1130 = AXIS2_PLACEMENT_3D('',#1131,#1132,#1133);
#1131 = CARTESIAN_POINT('',(77.30687582708,-27.34230532408,36.));
#1132 = DIRECTION('',(0.,1.,-0.));
#1133 = DIRECTION('',(0.906307787037,-0.,-0.422618261741));
#1134 = DEFINITIONAL_REPRESENTATION('',(#1135),#1138);
#1135 = B_SPLINE_CURVE_WITH_KNOTS('',1,(#1136,#1137),.UNSPECIFIED.,.F.,
  .F.,(2,2),(0.,1.134464013796),.PIECEWISE_BEZIER_KNOTS.);
#1136 = CARTESIAN_POINT('',(0.,58.992411067834));
#1137 = CARTESIAN_POINT('',(1.134464013796,58.992411067834));
#1138 = ( GEOMETRIC_REPRESENTATION_CONTEXT(2) 
PARAMETRIC_REPRESENTATION_CONTEXT() REPRESENTATION_CONTEXT('2D SPACE',''
  ) );
#1139 = ORIENTED_EDGE('',*,*,#1140,.T.);
#1140 = EDGE_CURVE('',#1112,#644,#1141,.T.);
#1141 = SURFACE_CURVE('',#1142,(#1155,#1162),.PCURVE_S1.);
#1142 = ( BOUNDED_CURVE() B_SPLINE_CURVE(11,(#1143,#1144,#1145,#1146,
    #1147,#1148,#1149,#1150,#1151,#1152,#1153,#1154),.UNSPECIFIED.,.F.,
.F.) B_SPLINE_CURVE_WITH_KNOTS((12,12),(992.81254031088,
1.020020867499E+03),.PIECEWISE_BEZIER_KNOTS.) CURVE() 
GEOMETRIC_REPRESENTATION_ITEM() RATIONAL_B_SPLINE_CURVE((1.,1.,1.,1.,1.,
1.,1.,1.,1.,1.,1.,1.)) REPRESENTATION_ITEM('') );
#1143 = CARTESIAN_POINT('',(77.306887419851,31.631767599661,20.));
#1144 = CARTESIAN_POINT('',(77.309986472379,32.432271752576,20.));
#1145 = CARTESIAN_POINT('',(77.286103911969,33.369439120838,
    19.999999999999));
#1146 = CARTESIAN_POINT('',(77.128285913671,34.543961393937,
    20.000000000002));
#1147 = CARTESIAN_POINT('',(76.659911599619,35.894631993677,
    19.999999999997));
#1148 = CARTESIAN_POINT('',(75.840027117136,37.20679953493,
    20.000000000003));
#1149 = CARTESIAN_POINT('',(74.709433938828,38.337905163898,
    19.999999999997));
#1150 = CARTESIAN_POINT('',(73.397486214988,39.158404988673,
    20.000000000002));
#1151 = CARTESIAN_POINT('',(72.046778949996,39.627462477142,
    19.999999999999));
#1152 = CARTESIAN_POINT('',(70.87188159269,39.785813276483,20.));
#1153 = CARTESIAN_POINT('',(69.934269397911,39.809940253225,20.));
#1154 = CARTESIAN_POINT('',(69.133496621296,39.806894055418,20.));
#1155 = PCURVE('',#538,#1156);
#1156 = DEFINITIONAL_REPRESENTATION('',(#1157),#1161);
#1157 = LINE('',#1158,#1159);
#1158 = CARTESIAN_POINT('',(27.208327188088,0.));
#1159 = VECTOR('',#1160,1.);
#1160 = DIRECTION('',(0.,1.));
#1161 = ( GEOMETRIC_REPRESENTATION_CONTEXT(2) 
PARAMETRIC_REPRESENTATION_CONTEXT() REPRESENTATION_CONTEXT('2D SPACE',''
  ) );
#1162 = PCURVE('',#685,#1163);
#1163 = DEFINITIONAL_REPRESENTATION('',(#1164),#1177);
#1164 = B_SPLINE_CURVE_WITH_KNOTS('',11,(#1165,#1166,#1167,#1168,#1169,
    #1170,#1171,#1172,#1173,#1174,#1175,#1176),.UNSPECIFIED.,.F.,.F.,(12
    ,12),(992.81254031088,1.020020867499E+03),.PIECEWISE_BEZIER_KNOTS.);
#1165 = CARTESIAN_POINT('',(77.306887419851,31.631767599661));
#1166 = CARTESIAN_POINT('',(77.309986472377,32.432271752574));
#1167 = CARTESIAN_POINT('',(77.286103911977,33.369439120846));
#1168 = CARTESIAN_POINT('',(77.128285913648,34.543961393917));
#1169 = CARTESIAN_POINT('',(76.659911599659,35.894631993712));
#1170 = CARTESIAN_POINT('',(75.840027117083,37.206799534885));
#1171 = CARTESIAN_POINT('',(74.709433938877,38.337905163941));
#1172 = CARTESIAN_POINT('',(73.397486214952,39.158404988641));
#1173 = CARTESIAN_POINT('',(72.046778950015,39.62746247716));
#1174 = CARTESIAN_POINT('',(70.871881592683,39.785813276477));
#1175 = CARTESIAN_POINT('',(69.934269397913,39.809940253227));
#1176 = CARTESIAN_POINT('',(69.133496621296,39.806894055418));
#1177 = ( GEOMETRIC_REPRESENTATION_CONTEXT(2) 
PARAMETRIC_REPRESENTATION_CONTEXT() REPRESENTATION_CONTEXT('2D SPACE',''
  ) );
#1178 = ORIENTED_EDGE('',*,*,#643,.F.);
#1179 = ORIENTED_EDGE('',*,*,#504,.F.);
#1180 = ADVANCED_FACE('',(#1181),#598,.T.);
#1181 = FACE_BOUND('',#1182,.T.);
#1182 = EDGE_LOOP('',(#1183,#1206,#1207,#1208));
#1183 = ORIENTED_EDGE('',*,*,#1184,.T.);
#1184 = EDGE_CURVE('',#1185,#763,#1187,.T.);
#1185 = VERTEX_POINT('',#1186);
#1186 = CARTESIAN_POINT('',(91.807800419666,-31.65010574375,
    29.238107812149));
#1187 = SURFACE_CURVE('',#1188,(#1192,#1199),.PCURVE_S1.);
#1188 = LINE('',#1189,#1190);
#1189 = CARTESIAN_POINT('',(90.933551133295,-30.77585645737,
    27.363274167273));
#1190 = VECTOR('',#1191,1.);
#1191 = DIRECTION('',(0.389281620635,-0.389281620635,0.834817129479));
#1192 = PCURVE('',#598,#1193);
#1193 = DEFINITIONAL_REPRESENTATION('',(#1194),#1198);
#1194 = LINE('',#1195,#1196);
#1195 = CARTESIAN_POINT('',(19.224143542622,-8.124474127437));
#1196 = VECTOR('',#1197,1.);
#1197 = DIRECTION('',(-0.389281620635,-0.921118787039));
#1198 = ( GEOMETRIC_REPRESENTATION_CONTEXT(2) 
PARAMETRIC_REPRESENTATION_CONTEXT() REPRESENTATION_CONTEXT('2D SPACE',''
  ) );
#1199 = PCURVE('',#800,#1200);
#1200 = DEFINITIONAL_REPRESENTATION('',(#1201),#1205);
#1201 = LINE('',#1202,#1203);
#1202 = CARTESIAN_POINT('',(1.391226640787,0.));
#1203 = VECTOR('',#1204,1.);
#1204 = DIRECTION('',(0.,1.));
#1205 = ( GEOMETRIC_REPRESENTATION_CONTEXT(2) 
PARAMETRIC_REPRESENTATION_CONTEXT() REPRESENTATION_CONTEXT('2D SPACE',''
  ) );
#1206 = ORIENTED_EDGE('',*,*,#762,.T.);
#1207 = ORIENTED_EDGE('',*,*,#582,.F.);
#1208 = ORIENTED_EDGE('',*,*,#1209,.F.);
#1209 = EDGE_CURVE('',#1185,#505,#1210,.T.);
#1210 = SURFACE_CURVE('',#1211,(#1215,#1222),.PCURVE_S1.);
#1211 = LINE('',#1212,#1213);
#1212 = CARTESIAN_POINT('',(91.807800419666,-27.34230532408,
    29.238107812149));
#1213 = VECTOR('',#1214,1.);
#1214 = DIRECTION('',(0.,1.,-0.));
#1215 = PCURVE('',#598,#1216);
#1216 = DEFINITIONAL_REPRESENTATION('',(#1217),#1221);
#1217 = LINE('',#1218,#1219);
#1218 = CARTESIAN_POINT('',(22.657694675916,-10.19312417292));
#1219 = VECTOR('',#1220,1.);
#1220 = DIRECTION('',(1.,0.));
#1221 = ( GEOMETRIC_REPRESENTATION_CONTEXT(2) 
PARAMETRIC_REPRESENTATION_CONTEXT() REPRESENTATION_CONTEXT('2D SPACE',''
  ) );
#1222 = PCURVE('',#1129,#1223);
#1223 = DEFINITIONAL_REPRESENTATION('',(#1224),#1228);
#1224 = LINE('',#1225,#1226);
#1225 = CARTESIAN_POINT('',(0.,0.));
#1226 = VECTOR('',#1227,1.);
#1227 = DIRECTION('',(0.,1.));
#1228 = ( GEOMETRIC_REPRESENTATION_CONTEXT(2) 
PARAMETRIC_REPRESENTATION_CONTEXT() REPRESENTATION_CONTEXT('2D SPACE',''
  ) );
#1229 = ADVANCED_FACE('',(#1230),#685,.T.);
#1230 = FACE_BOUND('',#1231,.T.);
#1231 = EDGE_LOOP('',(#1232,#1233,#1274,#1302,#1380,#1408,#1486,#1507));
#1232 = ORIENTED_EDGE('',*,*,#669,.T.);
#1233 = ORIENTED_EDGE('',*,*,#1234,.T.);
#1234 = EDGE_CURVE('',#670,#1235,#1237,.T.);
#1235 = VERTEX_POINT('',#1236);
#1236 = CARTESIAN_POINT('',(-77.30689405541,31.633496621296,20.));
#1237 = SURFACE_CURVE('',#1238,(#1251,#1267),.PCURVE_S1.);
#1238 = ( BOUNDED_CURVE() B_SPLINE_CURVE(11,(#1239,#1240,#1241,#1242,
    #1243,#1244,#1245,#1246,#1247,#1248,#1249,#1250),.UNSPECIFIED.,.F.,
.F.) B_SPLINE_CURVE_WITH_KNOTS((12,12),(646.18171255415,673.39003974224)
,.PIECEWISE_BEZIER_KNOTS.) CURVE() GEOMETRIC_REPRESENTATION_ITEM() 
RATIONAL_B_SPLINE_CURVE((1.,1.,1.,0.999999999999,1.000000000002,
    0.999999999998,1.000000000002,0.999999999998,1.000000000001,1.,1.,1.
)) REPRESENTATION_ITEM('') );
#1239 = CARTESIAN_POINT('',(-69.13176759966,39.806887419851,20.));
#1240 = CARTESIAN_POINT('',(-69.93227175257,39.809986472379,20.));
#1241 = CARTESIAN_POINT('',(-70.86943912084,39.786103911969,
    20.000000000001));
#1242 = CARTESIAN_POINT('',(-72.04396139393,39.62828591367,
    19.999999999999));
#1243 = CARTESIAN_POINT('',(-73.39463199368,39.15991159962,
    20.000000000002));
#1244 = CARTESIAN_POINT('',(-74.70679953492,38.340027117133,
    19.999999999997));
#1245 = CARTESIAN_POINT('',(-75.8379051639,37.209433938831,
    20.000000000003));
#1246 = CARTESIAN_POINT('',(-76.65840498867,35.897486214984,
    19.999999999998));
#1247 = CARTESIAN_POINT('',(-77.12746247714,34.546778949999,
    20.000000000001));
#1248 = CARTESIAN_POINT('',(-77.28581327648,33.371881592688,
    19.999999999999));
#1249 = CARTESIAN_POINT('',(-77.30994025322,32.434269397912,20.));
#1250 = CARTESIAN_POINT('',(-77.30689405541,31.633496621296,20.));
#1251 = PCURVE('',#685,#1252);
#1252 = DEFINITIONAL_REPRESENTATION('',(#1253),#1266);
#1253 = B_SPLINE_CURVE_WITH_KNOTS('',11,(#1254,#1255,#1256,#1257,#1258,
    #1259,#1260,#1261,#1262,#1263,#1264,#1265),.UNSPECIFIED.,.F.,.F.,(12
    ,12),(646.18171255415,673.39003974224),.PIECEWISE_BEZIER_KNOTS.);
#1254 = CARTESIAN_POINT('',(-69.13176759966,39.806887419851));
#1255 = CARTESIAN_POINT('',(-69.93227175256,39.809986472375));
#1256 = CARTESIAN_POINT('',(-70.86943912086,39.786103911984));
#1257 = CARTESIAN_POINT('',(-72.04396139387,39.628285913635));
#1258 = CARTESIAN_POINT('',(-73.39463199377,39.159911599678));
#1259 = CARTESIAN_POINT('',(-74.7067995348,38.340027117064));
#1260 = CARTESIAN_POINT('',(-75.83790516401,37.209433938895));
#1261 = CARTESIAN_POINT('',(-76.65840498859,35.897486214939));
#1262 = CARTESIAN_POINT('',(-77.12746247718,34.546778950023));
#1263 = CARTESIAN_POINT('',(-77.28581327646,33.37188159268));
#1264 = CARTESIAN_POINT('',(-77.30994025322,32.434269397914));
#1265 = CARTESIAN_POINT('',(-77.30689405541,31.633496621296));
#1266 = ( GEOMETRIC_REPRESENTATION_CONTEXT(2) 
PARAMETRIC_REPRESENTATION_CONTEXT() REPRESENTATION_CONTEXT('2D SPACE',''
  ) );
#1267 = PCURVE('',#711,#1268);
#1268 = DEFINITIONAL_REPRESENTATION('',(#1269),#1273);
#1269 = LINE('',#1270,#1271);
#1270 = CARTESIAN_POINT('',(27.208327188088,0.));
#1271 = VECTOR('',#1272,1.);
#1272 = DIRECTION('',(0.,1.));
#1273 = ( GEOMETRIC_REPRESENTATION_CONTEXT(2) 
PARAMETRIC_REPRESENTATION_CONTEXT() REPRESENTATION_CONTEXT('2D SPACE',''
  ) );
#1274 = ORIENTED_EDGE('',*,*,#1275,.T.);
#1275 = EDGE_CURVE('',#1235,#1276,#1278,.T.);
#1276 = VERTEX_POINT('',#1277);
#1277 = CARTESIAN_POINT('',(-77.30687582708,-31.65010574375,20.));
#1278 = SURFACE_CURVE('',#1279,(#1283,#1290),.PCURVE_S1.);
#1279 = LINE('',#1280,#1281);
#1280 = CARTESIAN_POINT('',(-77.30687582708,27.342305324084,20.));
#1281 = VECTOR('',#1282,1.);
#1282 = DIRECTION('',(0.,-1.,0.));
#1283 = PCURVE('',#685,#1284);
#1284 = DEFINITIONAL_REPRESENTATION('',(#1285),#1289);
#1285 = LINE('',#1286,#1287);
#1286 = CARTESIAN_POINT('',(-77.30687582708,27.342305324084));
#1287 = VECTOR('',#1288,1.);
#1288 = DIRECTION('',(0.,-1.));
#1289 = ( GEOMETRIC_REPRESENTATION_CONTEXT(2) 
PARAMETRIC_REPRESENTATION_CONTEXT() REPRESENTATION_CONTEXT('2D SPACE',''
  ) );
#1290 = PCURVE('',#1291,#1296);
#1291 = CYLINDRICAL_SURFACE('',#1292,16.);
#1292 = AXIS2_PLACEMENT_3D('',#1293,#1294,#1295);
#1293 = CARTESIAN_POINT('',(-77.30687582708,27.342305324084,36.));
#1294 = DIRECTION('',(0.,-1.,0.));
#1295 = DIRECTION('',(-0.906307787037,-0.,-0.422618261741));
#1296 = DEFINITIONAL_REPRESENTATION('',(#1297),#1301);
#1297 = LINE('',#1298,#1299);
#1298 = CARTESIAN_POINT('',(1.134464013796,0.));
#1299 = VECTOR('',#1300,1.);
#1300 = DIRECTION('',(0.,1.));
#1301 = ( GEOMETRIC_REPRESENTATION_CONTEXT(2) 
PARAMETRIC_REPRESENTATION_CONTEXT() REPRESENTATION_CONTEXT('2D SPACE',''
  ) );
#1302 = ORIENTED_EDGE('',*,*,#1303,.T.);
#1303 = EDGE_CURVE('',#1276,#1304,#1306,.T.);
#1304 = VERTEX_POINT('',#1305);
#1305 = CARTESIAN_POINT('',(-69.13349662129,-39.80689405541,20.));
#1306 = SURFACE_CURVE('',#1307,(#1320,#1336),.PCURVE_S1.);
#1307 = ( BOUNDED_CURVE() B_SPLINE_CURVE(11,(#1308,#1309,#1310,#1311,
    #1312,#1313,#1314,#1315,#1316,#1317,#1318,#1319),.UNSPECIFIED.,.F.,
.F.) B_SPLINE_CURVE_WITH_KNOTS((12,12),(736.72532180639,763.93364899448)
,.PIECEWISE_BEZIER_KNOTS.) CURVE() GEOMETRIC_REPRESENTATION_ITEM() 
RATIONAL_B_SPLINE_CURVE((1.,1.,1.,1.,1.000000000001,0.999999999999,
1.000000000001,0.999999999999,1.,1.,1.,1.)) REPRESENTATION_ITEM('') );
#1308 = CARTESIAN_POINT('',(-77.30688741985,-31.63176759966,20.));
#1309 = CARTESIAN_POINT('',(-77.30998647237,-32.43227175257,20.));
#1310 = CARTESIAN_POINT('',(-77.28610391196,-33.36943912084,20.));
#1311 = CARTESIAN_POINT('',(-77.12828591367,-34.54396139393,
    20.000000000001));
#1312 = CARTESIAN_POINT('',(-76.65991159962,-35.89463199368,
    19.999999999998));
#1313 = CARTESIAN_POINT('',(-75.84002711713,-37.20679953492,
    20.000000000002));
#1314 = CARTESIAN_POINT('',(-74.70943393883,-38.3379051639,
    19.999999999998));
#1315 = CARTESIAN_POINT('',(-73.39748621498,-39.15840498867,
    20.000000000002));
#1316 = CARTESIAN_POINT('',(-72.04677894999,-39.62746247714,
    19.999999999999));
#1317 = CARTESIAN_POINT('',(-70.87188159268,-39.78581327648,20.));
#1318 = CARTESIAN_POINT('',(-69.93426939791,-39.80994025322,20.));
#1319 = CARTESIAN_POINT('',(-69.13349662129,-39.80689405541,20.));
#1320 = PCURVE('',#685,#1321);
#1321 = DEFINITIONAL_REPRESENTATION('',(#1322),#1335);
#1322 = B_SPLINE_CURVE_WITH_KNOTS('',11,(#1323,#1324,#1325,#1326,#1327,
    #1328,#1329,#1330,#1331,#1332,#1333,#1334),.UNSPECIFIED.,.F.,.F.,(12
    ,12),(736.72532180639,763.93364899448),.PIECEWISE_BEZIER_KNOTS.);
#1323 = CARTESIAN_POINT('',(-77.30688741985,-31.63176759966));
#1324 = CARTESIAN_POINT('',(-77.30998647237,-32.43227175257));
#1325 = CARTESIAN_POINT('',(-77.28610391197,-33.36943912084));
#1326 = CARTESIAN_POINT('',(-77.12828591365,-34.54396139392));
#1327 = CARTESIAN_POINT('',(-76.65991159965,-35.8946319937));
#1328 = CARTESIAN_POINT('',(-75.84002711709,-37.20679953489));
#1329 = CARTESIAN_POINT('',(-74.70943393886,-38.33790516393));
#1330 = CARTESIAN_POINT('',(-73.39748621495,-39.15840498864));
#1331 = CARTESIAN_POINT('',(-72.04677895001,-39.62746247716));
#1332 = CARTESIAN_POINT('',(-70.87188159268,-39.78581327647));
#1333 = CARTESIAN_POINT('',(-69.93426939791,-39.80994025322));
#1334 = CARTESIAN_POINT('',(-69.13349662129,-39.80689405541));
#1335 = ( GEOMETRIC_REPRESENTATION_CONTEXT(2) 
PARAMETRIC_REPRESENTATION_CONTEXT() REPRESENTATION_CONTEXT('2D SPACE',''
  ) );
#1336 = PCURVE('',#1337,#1374);
#1337 = ( BOUNDED_SURFACE() B_SPLINE_SURFACE(2,11,(
    (#1338,#1339,#1340,#1341,#1342,#1343,#1344,#1345,#1346,#1347,#1348
      ,#1349)
    ,(#1350,#1351,#1352,#1353,#1354,#1355,#1356,#1357,#1358,#1359,#1360
      ,#1361)
    ,(#1362,#1363,#1364,#1365,#1366,#1367,#1368,#1369,#1370,#1371,#1372
,#1373
    )),.UNSPECIFIED.,.F.,.F.,.F.) B_SPLINE_SURFACE_WITH_KNOTS((3,3),(12,
    12),(0.,27.208327188088),(736.72532180639,763.93364899448),
.PIECEWISE_BEZIER_KNOTS.) GEOMETRIC_REPRESENTATION_ITEM() 
RATIONAL_B_SPLINE_SURFACE((
    (1.,1.,1.,1.,1.000000000001,0.999999999999,1.000000000001
      ,0.999999999999,1.,1.,1.,1.)
    ,(0.843391528075,0.857268412133,0.868023070896,0.876018352361
      ,0.881187195502,0.883700015447,0.883702568045,0.88119463976
      ,0.876031203999,0.868041405353,0.857292245756,0.843421489334)
    ,(1.,1.,1.,1.,1.000000000001,0.999999999999,1.000000000001
,0.999999999999,1.,1.,1.,1.))) REPRESENTATION_ITEM('') SURFACE() );
#1338 = CARTESIAN_POINT('',(-91.80779834912,-31.6501036732,
    29.238103371857));
#1339 = CARTESIAN_POINT('',(-91.45851835116,-34.90102264902,
    28.489069999038));
#1340 = CARTESIAN_POINT('',(-90.64759829431,-37.97912685504,
    27.895010644897));
#1341 = CARTESIAN_POINT('',(-89.44468395391,-40.88867668798,
    27.446485518866));
#1342 = CARTESIAN_POINT('',(-87.88012361468,-43.63506404695,
    27.152753791791));
#1343 = CARTESIAN_POINT('',(-85.95726084299,-46.18276588422,
    27.009605753643));
#1344 = CARTESIAN_POINT('',(-83.68793899949,-48.45269836348,
    27.009460294245));
#1345 = CARTESIAN_POINT('',(-81.14072207745,-50.37625263199,
    27.152330309897));
#1346 = CARTESIAN_POINT('',(-78.39470315321,-51.94151693201,
    27.445758600135));
#1347 = CARTESIAN_POINT('',(-75.48547605814,-53.14515383157,
    27.893985741546));
#1348 = CARTESIAN_POINT('',(-72.40770354818,-53.95685686949,
    28.487756904006));
#1349 = CARTESIAN_POINT('',(-69.15712384072,-54.30704308168,
    29.236486122548));
#1350 = CARTESIAN_POINT('',(-87.5,-31.64465655973,20.));
#1351 = CARTESIAN_POINT('',(-86.92936245949,-34.12637120164,20.));
#1352 = CARTESIAN_POINT('',(-86.13785444611,-36.43570937971,20.));
#1353 = CARTESIAN_POINT('',(-85.14166658556,-38.66847115904,
    19.999999999999));
#1354 = CARTESIAN_POINT('',(-83.89020129358,-40.86752372249,
    20.000000000003));
#1355 = CARTESIAN_POINT('',(-82.32196176264,-42.95538336298,
    19.999999999996));
#1356 = CARTESIAN_POINT('',(-80.4596199819,-44.81823153438,
    20.000000000004));
#1357 = CARTESIAN_POINT('',(-78.37211823363,-46.3870629507,
    19.999999999997));
#1358 = CARTESIAN_POINT('',(-76.1732478823,-47.63910722293,
    20.000000000002));
#1359 = CARTESIAN_POINT('',(-73.94058627965,-48.63577070399,
    19.999999999999));
#1360 = CARTESIAN_POINT('',(-71.63144091413,-49.42767839542,20.));
#1361 = CARTESIAN_POINT('',(-69.15010370194,-49.99874693319,20.));
#1362 = CARTESIAN_POINT('',(-77.30688741985,-31.63176759966,20.));
#1363 = CARTESIAN_POINT('',(-77.30998647237,-32.43227175257,20.));
#1364 = CARTESIAN_POINT('',(-77.28610391196,-33.36943912084,20.));
#1365 = CARTESIAN_POINT('',(-77.12828591367,-34.54396139393,
    20.000000000001));
#1366 = CARTESIAN_POINT('',(-76.65991159962,-35.89463199368,
    19.999999999998));
#1367 = CARTESIAN_POINT('',(-75.84002711713,-37.20679953492,
    20.000000000002));
#1368 = CARTESIAN_POINT('',(-74.70943393883,-38.3379051639,
    19.999999999998));
#1369 = CARTESIAN_POINT('',(-73.39748621498,-39.15840498867,
    20.000000000002));
#1370 = CARTESIAN_POINT('',(-72.04677894999,-39.62746247714,
    19.999999999999));
#1371 = CARTESIAN_POINT('',(-70.87188159268,-39.78581327648,20.));
#1372 = CARTESIAN_POINT('',(-69.93426939791,-39.80994025322,20.));
#1373 = CARTESIAN_POINT('',(-69.13349662129,-39.80689405541,20.));
#1374 = DEFINITIONAL_REPRESENTATION('',(#1375),#1379);
#1375 = LINE('',#1376,#1377);
#1376 = CARTESIAN_POINT('',(27.208327188088,0.));
#1377 = VECTOR('',#1378,1.);
#1378 = DIRECTION('',(0.,1.));
#1379 = ( GEOMETRIC_REPRESENTATION_CONTEXT(2) 
PARAMETRIC_REPRESENTATION_CONTEXT() REPRESENTATION_CONTEXT('2D SPACE',''
  ) );
#1380 = ORIENTED_EDGE('',*,*,#1381,.T.);
#1381 = EDGE_CURVE('',#1304,#1382,#1384,.T.);
#1382 = VERTEX_POINT('',#1383);
#1383 = CARTESIAN_POINT('',(69.15010574375,-39.80687582708,20.));
#1384 = SURFACE_CURVE('',#1385,(#1389,#1396),.PCURVE_S1.);
#1385 = LINE('',#1386,#1387);
#1386 = CARTESIAN_POINT('',(-64.84230532408,-39.80687582708,20.));
#1387 = VECTOR('',#1388,1.);
#1388 = DIRECTION('',(1.,0.,0.));
#1389 = PCURVE('',#685,#1390);
#1390 = DEFINITIONAL_REPRESENTATION('',(#1391),#1395);
#1391 = LINE('',#1392,#1393);
#1392 = CARTESIAN_POINT('',(-64.84230532408,-39.80687582708));
#1393 = VECTOR('',#1394,1.);
#1394 = DIRECTION('',(1.,0.));
#1395 = ( GEOMETRIC_REPRESENTATION_CONTEXT(2) 
PARAMETRIC_REPRESENTATION_CONTEXT() REPRESENTATION_CONTEXT('2D SPACE',''
  ) );
#1396 = PCURVE('',#1397,#1402);
#1397 = CYLINDRICAL_SURFACE('',#1398,16.);
#1398 = AXIS2_PLACEMENT_3D('',#1399,#1400,#1401);
#1399 = CARTESIAN_POINT('',(-64.84230532408,-39.80687582708,36.));
#1400 = DIRECTION('',(1.,0.,0.));
#1401 = DIRECTION('',(0.,-0.906307787037,-0.422618261741));
#1402 = DEFINITIONAL_REPRESENTATION('',(#1403),#1407);
#1403 = LINE('',#1404,#1405);
#1404 = CARTESIAN_POINT('',(1.134464013796,0.));
#1405 = VECTOR('',#1406,1.);
#1406 = DIRECTION('',(0.,1.));
#1407 = ( GEOMETRIC_REPRESENTATION_CONTEXT(2) 
PARAMETRIC_REPRESENTATION_CONTEXT() REPRESENTATION_CONTEXT('2D SPACE',''
  ) );
#1408 = ORIENTED_EDGE('',*,*,#1409,.T.);
#1409 = EDGE_CURVE('',#1382,#1410,#1412,.T.);
#1410 = VERTEX_POINT('',#1411);
#1411 = CARTESIAN_POINT('',(77.306894055418,-31.63349662129,20.));
#1412 = SURFACE_CURVE('',#1413,(#1426,#1442),.PCURVE_S1.);
#1413 = ( BOUNDED_CURVE() B_SPLINE_CURVE(11,(#1414,#1415,#1416,#1417,
    #1418,#1419,#1420,#1421,#1422,#1423,#1424,#1425),.UNSPECIFIED.,.F.,
.F.) B_SPLINE_CURVE_WITH_KNOTS((12,12),(902.26893105864,929.47725824673)
,.PIECEWISE_BEZIER_KNOTS.) CURVE() GEOMETRIC_REPRESENTATION_ITEM() 
RATIONAL_B_SPLINE_CURVE((1.,1.,1.,1.,1.,1.,1.,1.,1.,1.,1.,1.)) 
REPRESENTATION_ITEM('') );
#1414 = CARTESIAN_POINT('',(69.131767599661,-39.80688741985,20.));
#1415 = CARTESIAN_POINT('',(69.932271752575,-39.80998647237,20.));
#1416 = CARTESIAN_POINT('',(70.869439120839,-39.78610391196,20.));
#1417 = CARTESIAN_POINT('',(72.043961393935,-39.62828591367,20.));
#1418 = CARTESIAN_POINT('',(73.39463199368,-39.15991159962,20.));
#1419 = CARTESIAN_POINT('',(74.706799534927,-38.34002711713,20.));
#1420 = CARTESIAN_POINT('',(75.8379051639,-37.20943393882,20.));
#1421 = CARTESIAN_POINT('',(76.658404988671,-35.89748621498,20.));
#1422 = CARTESIAN_POINT('',(77.127462477143,-34.54677894999,20.));
#1423 = CARTESIAN_POINT('',(77.285813276483,-33.37188159269,20.));
#1424 = CARTESIAN_POINT('',(77.309940253225,-32.43426939791,20.));
#1425 = CARTESIAN_POINT('',(77.306894055418,-31.63349662129,20.));
#1426 = PCURVE('',#685,#1427);
#1427 = DEFINITIONAL_REPRESENTATION('',(#1428),#1441);
#1428 = B_SPLINE_CURVE_WITH_KNOTS('',11,(#1429,#1430,#1431,#1432,#1433,
    #1434,#1435,#1436,#1437,#1438,#1439,#1440),.UNSPECIFIED.,.F.,.F.,(12
    ,12),(902.26893105864,929.47725824673),.PIECEWISE_BEZIER_KNOTS.);
#1429 = CARTESIAN_POINT('',(69.131767599661,-39.80688741985));
#1430 = CARTESIAN_POINT('',(69.932271752574,-39.80998647237));
#1431 = CARTESIAN_POINT('',(70.869439120844,-39.78610391196));
#1432 = CARTESIAN_POINT('',(72.043961393922,-39.62828591367));
#1433 = CARTESIAN_POINT('',(73.394631993702,-39.15991159961));
#1434 = CARTESIAN_POINT('',(74.706799534898,-38.34002711714));
#1435 = CARTESIAN_POINT('',(75.837905163927,-37.20943393881));
#1436 = CARTESIAN_POINT('',(76.658404988651,-35.89748621499));
#1437 = CARTESIAN_POINT('',(77.127462477154,-34.54677894999));
#1438 = CARTESIAN_POINT('',(77.285813276479,-33.37188159269));
#1439 = CARTESIAN_POINT('',(77.309940253226,-32.43426939791));
#1440 = CARTESIAN_POINT('',(77.306894055418,-31.63349662129));
#1441 = ( GEOMETRIC_REPRESENTATION_CONTEXT(2) 
PARAMETRIC_REPRESENTATION_CONTEXT() REPRESENTATION_CONTEXT('2D SPACE',''
  ) );
#1442 = PCURVE('',#1443,#1480);
#1443 = ( BOUNDED_SURFACE() B_SPLINE_SURFACE(2,11,(
    (#1444,#1445,#1446,#1447,#1448,#1449,#1450,#1451,#1452,#1453,#1454
      ,#1455)
    ,(#1456,#1457,#1458,#1459,#1460,#1461,#1462,#1463,#1464,#1465,#1466
      ,#1467)
    ,(#1468,#1469,#1470,#1471,#1472,#1473,#1474,#1475,#1476,#1477,#1478
,#1479
    )),.UNSPECIFIED.,.F.,.F.,.F.) B_SPLINE_SURFACE_WITH_KNOTS((3,3),(12,
    12),(0.,27.208327188088),(902.26893105864,929.47725824673),
.PIECEWISE_BEZIER_KNOTS.) GEOMETRIC_REPRESENTATION_ITEM() 
RATIONAL_B_SPLINE_SURFACE((
    (1.,1.,1.,1.,1.,1.,1.,1.,1.,1.,1.,1.)
    ,(0.843391528075,0.857268412133,0.868023070896,0.876018352361
      ,0.881187195502,0.883700015447,0.883702568045,0.88119463976
      ,0.876031203999,0.868041405353,0.857292245756,0.843421489334)
,(1.,1.,1.,1.,1.,1.,1.,1.,1.,1.,1.,1.
))) REPRESENTATION_ITEM('') SURFACE() );
#1444 = CARTESIAN_POINT('',(69.150103673208,-54.30779834912,
    29.238103371857));
#1445 = CARTESIAN_POINT('',(72.401022649022,-53.95851835116,
    28.489069999038));
#1446 = CARTESIAN_POINT('',(75.479126855039,-53.14759829431,
    27.895010644897));
#1447 = CARTESIAN_POINT('',(78.388676687986,-51.9446839539,
    27.446485518867));
#1448 = CARTESIAN_POINT('',(81.135064046959,-50.38012361469,
    27.152753791788));
#1449 = CARTESIAN_POINT('',(83.682765884222,-48.45726084298,
    27.009605753648));
#1450 = CARTESIAN_POINT('',(85.952698363486,-46.1879389995,
    27.00946029424));
#1451 = CARTESIAN_POINT('',(87.876252631993,-43.64072207744,
    27.152330309901));
#1452 = CARTESIAN_POINT('',(89.44151693201,-40.89470315321,
    27.445758600134));
#1453 = CARTESIAN_POINT('',(90.645153831575,-37.98547605814,
    27.893985741547));
#1454 = CARTESIAN_POINT('',(91.45685686949,-34.90770354818,
    28.487756904006));
#1455 = CARTESIAN_POINT('',(91.807043081687,-31.65712384072,
    29.236486122548));
#1456 = CARTESIAN_POINT('',(69.144656559731,-50.,20.));
#1457 = CARTESIAN_POINT('',(71.626371201649,-49.42936245949,20.));
#1458 = CARTESIAN_POINT('',(73.935709379719,-48.63785444611,
    20.000000000001));
#1459 = CARTESIAN_POINT('',(76.168471159045,-47.64166658556,
    19.999999999998));
#1460 = CARTESIAN_POINT('',(78.367523722492,-46.39020129359,
    20.000000000003));
#1461 = CARTESIAN_POINT('',(80.455383362986,-44.82196176264,
    19.999999999996));
#1462 = CARTESIAN_POINT('',(82.318231534385,-42.9596199819,
    20.000000000005));
#1463 = CARTESIAN_POINT('',(83.887062950709,-40.87211823363,
    19.999999999996));
#1464 = CARTESIAN_POINT('',(85.139107222931,-38.6732478823,
    20.000000000002));
#1465 = CARTESIAN_POINT('',(86.13577070399,-36.44058627965,
    19.999999999999));
#1466 = CARTESIAN_POINT('',(86.927678395422,-34.13144091413,20.));
#1467 = CARTESIAN_POINT('',(87.498746933198,-31.65010370194,20.));
#1468 = CARTESIAN_POINT('',(69.131767599661,-39.80688741985,20.));
#1469 = CARTESIAN_POINT('',(69.932271752575,-39.80998647237,20.));
#1470 = CARTESIAN_POINT('',(70.869439120839,-39.78610391196,20.));
#1471 = CARTESIAN_POINT('',(72.043961393935,-39.62828591367,20.));
#1472 = CARTESIAN_POINT('',(73.39463199368,-39.15991159962,20.));
#1473 = CARTESIAN_POINT('',(74.706799534927,-38.34002711713,20.));
#1474 = CARTESIAN_POINT('',(75.8379051639,-37.20943393882,20.));
#1475 = CARTESIAN_POINT('',(76.658404988671,-35.89748621498,20.));
#1476 = CARTESIAN_POINT('',(77.127462477143,-34.54677894999,20.));
#1477 = CARTESIAN_POINT('',(77.285813276483,-33.37188159269,20.));
#1478 = CARTESIAN_POINT('',(77.309940253225,-32.43426939791,20.));
#1479 = CARTESIAN_POINT('',(77.306894055418,-31.63349662129,20.));
#1480 = DEFINITIONAL_REPRESENTATION('',(#1481),#1485);
#1481 = LINE('',#1482,#1483);
#1482 = CARTESIAN_POINT('',(27.208327188088,0.));
#1483 = VECTOR('',#1484,1.);
#1484 = DIRECTION('',(0.,1.));
#1485 = ( GEOMETRIC_REPRESENTATION_CONTEXT(2) 
PARAMETRIC_REPRESENTATION_CONTEXT() REPRESENTATION_CONTEXT('2D SPACE',''
  ) );
#1486 = ORIENTED_EDGE('',*,*,#1487,.T.);
#1487 = EDGE_CURVE('',#1410,#1112,#1488,.T.);
#1488 = SURFACE_CURVE('',#1489,(#1493,#1500),.PCURVE_S1.);
#1489 = LINE('',#1490,#1491);
#1490 = CARTESIAN_POINT('',(77.30687582708,-27.34230532408,20.));
#1491 = VECTOR('',#1492,1.);
#1492 = DIRECTION('',(0.,1.,-0.));
#1493 = PCURVE('',#685,#1494);
#1494 = DEFINITIONAL_REPRESENTATION('',(#1495),#1499);
#1495 = LINE('',#1496,#1497);
#1496 = CARTESIAN_POINT('',(77.30687582708,-27.34230532408));
#1497 = VECTOR('',#1498,1.);
#1498 = DIRECTION('',(0.,1.));
#1499 = ( GEOMETRIC_REPRESENTATION_CONTEXT(2) 
PARAMETRIC_REPRESENTATION_CONTEXT() REPRESENTATION_CONTEXT('2D SPACE',''
  ) );
#1500 = PCURVE('',#1129,#1501);
#1501 = DEFINITIONAL_REPRESENTATION('',(#1502),#1506);
#1502 = LINE('',#1503,#1504);
#1503 = CARTESIAN_POINT('',(1.134464013796,0.));
#1504 = VECTOR('',#1505,1.);
#1505 = DIRECTION('',(0.,1.));
#1506 = ( GEOMETRIC_REPRESENTATION_CONTEXT(2) 
PARAMETRIC_REPRESENTATION_CONTEXT() REPRESENTATION_CONTEXT('2D SPACE',''
  ) );
#1507 = ORIENTED_EDGE('',*,*,#1140,.T.);
#1508 = ADVANCED_FACE('',(#1509),#711,.F.);
#1509 = FACE_BOUND('',#1510,.F.);
#1510 = EDGE_LOOP('',(#1511,#1512,#1513,#1534));
#1511 = ORIENTED_EDGE('',*,*,#697,.T.);
#1512 = ORIENTED_EDGE('',*,*,#1234,.T.);
#1513 = ORIENTED_EDGE('',*,*,#1514,.F.);
#1514 = EDGE_CURVE('',#1046,#1235,#1515,.T.);
#1515 = SURFACE_CURVE('',#1516,(#1520,#1526),.PCURVE_S1.);
#1516 = ( BOUNDED_CURVE() B_SPLINE_CURVE(2,(#1517,#1518,#1519),
.UNSPECIFIED.,.F.,.F.) B_SPLINE_CURVE_WITH_KNOTS((3,3),(0.,
27.208327188088),.PIECEWISE_BEZIER_KNOTS.) CURVE() 
GEOMETRIC_REPRESENTATION_ITEM() RATIONAL_B_SPLINE_CURVE((1.,
0.843421489334,1.)) REPRESENTATION_ITEM('') );
#1517 = CARTESIAN_POINT('',(-91.80704308168,31.657123840722,
    29.236486122548));
#1518 = CARTESIAN_POINT('',(-87.49874693319,31.650103701945,20.));
#1519 = CARTESIAN_POINT('',(-77.30689405541,31.633496621296,20.));
#1520 = PCURVE('',#711,#1521);
#1521 = DEFINITIONAL_REPRESENTATION('',(#1522),#1525);
#1522 = B_SPLINE_CURVE_WITH_KNOTS('',1,(#1523,#1524),.UNSPECIFIED.,.F.,
  .F.,(2,2),(0.,27.208327188088),.PIECEWISE_BEZIER_KNOTS.);
#1523 = CARTESIAN_POINT('',(0.,673.39003974224));
#1524 = CARTESIAN_POINT('',(27.208327188088,673.39003974224));
#1525 = ( GEOMETRIC_REPRESENTATION_CONTEXT(2) 
PARAMETRIC_REPRESENTATION_CONTEXT() REPRESENTATION_CONTEXT('2D SPACE',''
  ) );
#1526 = PCURVE('',#1291,#1527);
#1527 = DEFINITIONAL_REPRESENTATION('',(#1528),#1533);
#1528 = B_SPLINE_CURVE_WITH_KNOTS('',3,(#1529,#1530,#1531,#1532),
  .UNSPECIFIED.,.F.,.F.,(4,4),(0.,27.208327188088),
  .PIECEWISE_BEZIER_KNOTS.);
#1529 = CARTESIAN_POINT('',(-1.110223024625E-16,-4.307800419667));
#1530 = CARTESIAN_POINT('',(0.358168297704,-4.307800419667));
#1531 = CARTESIAN_POINT('',(0.776295716093,-4.307800419667));
#1532 = CARTESIAN_POINT('',(1.134464013796,-4.307800419667));
#1533 = ( GEOMETRIC_REPRESENTATION_CONTEXT(2) 
PARAMETRIC_REPRESENTATION_CONTEXT() REPRESENTATION_CONTEXT('2D SPACE',''
  ) );
#1534 = ORIENTED_EDGE('',*,*,#1045,.F.);
#1535 = ADVANCED_FACE('',(#1536),#890,.T.);
#1536 = FACE_BOUND('',#1537,.T.);
#1537 = EDGE_LOOP('',(#1538,#1539,#1540,#1563));
#1538 = ORIENTED_EDGE('',*,*,#1086,.T.);
#1539 = ORIENTED_EDGE('',*,*,#875,.T.);
#1540 = ORIENTED_EDGE('',*,*,#1541,.F.);
#1541 = EDGE_CURVE('',#1542,#843,#1544,.T.);
#1542 = VERTEX_POINT('',#1543);
#1543 = CARTESIAN_POINT('',(-91.80780041966,-31.65010574375,
    29.238107812149));
#1544 = SURFACE_CURVE('',#1545,(#1549,#1556),.PCURVE_S1.);
#1545 = LINE('',#1546,#1547);
#1546 = CARTESIAN_POINT('',(-90.93355113329,-30.77585645737,
    27.363274167273));
#1547 = VECTOR('',#1548,1.);
#1548 = DIRECTION('',(-0.389281620635,-0.389281620635,0.834817129479));
#1549 = PCURVE('',#890,#1550);
#1550 = DEFINITIONAL_REPRESENTATION('',(#1551),#1555);
#1551 = LINE('',#1552,#1553);
#1552 = CARTESIAN_POINT('',(80.775856457378,-8.124474127436));
#1553 = VECTOR('',#1554,1.);
#1554 = DIRECTION('',(0.389281620635,-0.921118787039));
#1555 = ( GEOMETRIC_REPRESENTATION_CONTEXT(2) 
PARAMETRIC_REPRESENTATION_CONTEXT() REPRESENTATION_CONTEXT('2D SPACE',''
  ) );
#1556 = PCURVE('',#859,#1557);
#1557 = DEFINITIONAL_REPRESENTATION('',(#1558),#1562);
#1558 = LINE('',#1559,#1560);
#1559 = CARTESIAN_POINT('',(0.,0.));
#1560 = VECTOR('',#1561,1.);
#1561 = DIRECTION('',(0.,1.));
#1562 = ( GEOMETRIC_REPRESENTATION_CONTEXT(2) 
PARAMETRIC_REPRESENTATION_CONTEXT() REPRESENTATION_CONTEXT('2D SPACE',''
  ) );
#1563 = ORIENTED_EDGE('',*,*,#1564,.F.);
#1564 = EDGE_CURVE('',#1046,#1542,#1565,.T.);
#1565 = SURFACE_CURVE('',#1566,(#1570,#1577),.PCURVE_S1.);
#1566 = LINE('',#1567,#1568);
#1567 = CARTESIAN_POINT('',(-91.80780041966,27.342305324084,
    29.238107812149));
#1568 = VECTOR('',#1569,1.);
#1569 = DIRECTION('',(0.,-1.,0.));
#1570 = PCURVE('',#890,#1571);
#1571 = DEFINITIONAL_REPRESENTATION('',(#1572),#1576);
#1572 = LINE('',#1573,#1574);
#1573 = CARTESIAN_POINT('',(22.657694675916,-10.19312417292));
#1574 = VECTOR('',#1575,1.);
#1575 = DIRECTION('',(1.,0.));
#1576 = ( GEOMETRIC_REPRESENTATION_CONTEXT(2) 
PARAMETRIC_REPRESENTATION_CONTEXT() REPRESENTATION_CONTEXT('2D SPACE',''
  ) );
#1577 = PCURVE('',#1291,#1578);
#1578 = DEFINITIONAL_REPRESENTATION('',(#1579),#1583);
#1579 = LINE('',#1580,#1581);
#1580 = CARTESIAN_POINT('',(0.,0.));
#1581 = VECTOR('',#1582,1.);
#1582 = DIRECTION('',(0.,1.));
#1583 = ( GEOMETRIC_REPRESENTATION_CONTEXT(2) 
PARAMETRIC_REPRESENTATION_CONTEXT() REPRESENTATION_CONTEXT('2D SPACE',''
  ) );
#1584 = ADVANCED_FACE('',(#1585),#800,.F.);
#1585 = FACE_BOUND('',#1586,.F.);
#1586 = EDGE_LOOP('',(#1587,#1610,#1649,#1650));
#1587 = ORIENTED_EDGE('',*,*,#1588,.F.);
#1588 = EDGE_CURVE('',#1589,#784,#1591,.T.);
#1589 = VERTEX_POINT('',#1590);
#1590 = CARTESIAN_POINT('',(69.15010574375,-54.30780041966,
    29.238107812149));
#1591 = SURFACE_CURVE('',#1592,(#1596,#1603),.PCURVE_S1.);
#1592 = LINE('',#1593,#1594);
#1593 = CARTESIAN_POINT('',(68.275856457378,-53.43355113329,
    27.363274167273));
#1594 = VECTOR('',#1595,1.);
#1595 = DIRECTION('',(0.389281620635,-0.389281620635,0.834817129479));
#1596 = PCURVE('',#800,#1597);
#1597 = DEFINITIONAL_REPRESENTATION('',(#1598),#1602);
#1598 = LINE('',#1599,#1600);
#1599 = CARTESIAN_POINT('',(0.,0.));
#1600 = VECTOR('',#1601,1.);
#1601 = DIRECTION('',(0.,1.));
#1602 = ( GEOMETRIC_REPRESENTATION_CONTEXT(2) 
PARAMETRIC_REPRESENTATION_CONTEXT() REPRESENTATION_CONTEXT('2D SPACE',''
  ) );
#1603 = PCURVE('',#831,#1604);
#1604 = DEFINITIONAL_REPRESENTATION('',(#1605),#1609);
#1605 = LINE('',#1606,#1607);
#1606 = CARTESIAN_POINT('',(155.77585645737,-8.124474127436));
#1607 = VECTOR('',#1608,1.);
#1608 = DIRECTION('',(0.389281620635,-0.921118787039));
#1609 = ( GEOMETRIC_REPRESENTATION_CONTEXT(2) 
PARAMETRIC_REPRESENTATION_CONTEXT() REPRESENTATION_CONTEXT('2D SPACE',''
  ) );
#1610 = ORIENTED_EDGE('',*,*,#1611,.T.);
#1611 = EDGE_CURVE('',#1589,#1185,#1612,.T.);
#1612 = SURFACE_CURVE('',#1613,(#1626,#1642),.PCURVE_S1.);
#1613 = ( BOUNDED_CURVE() B_SPLINE_CURVE(11,(#1614,#1615,#1616,#1617,
    #1618,#1619,#1620,#1621,#1622,#1623,#1624,#1625),.UNSPECIFIED.,.F.,
.F.) B_SPLINE_CURVE_WITH_KNOTS((12,12),(902.26893105864,929.47725824673)
,.PIECEWISE_BEZIER_KNOTS.) CURVE() GEOMETRIC_REPRESENTATION_ITEM() 
RATIONAL_B_SPLINE_CURVE((1.,1.,1.,1.,1.,1.,1.,1.,1.,1.,1.,1.)) 
REPRESENTATION_ITEM('') );
#1614 = CARTESIAN_POINT('',(69.150103673208,-54.30779834912,
    29.238103371857));
#1615 = CARTESIAN_POINT('',(72.401022649022,-53.95851835116,
    28.489069999038));
#1616 = CARTESIAN_POINT('',(75.479126855039,-53.14759829431,
    27.895010644897));
#1617 = CARTESIAN_POINT('',(78.388676687986,-51.9446839539,
    27.446485518867));
#1618 = CARTESIAN_POINT('',(81.135064046959,-50.38012361469,
    27.152753791788));
#1619 = CARTESIAN_POINT('',(83.682765884222,-48.45726084298,
    27.009605753648));
#1620 = CARTESIAN_POINT('',(85.952698363486,-46.1879389995,
    27.00946029424));
#1621 = CARTESIAN_POINT('',(87.876252631993,-43.64072207744,
    27.152330309901));
#1622 = CARTESIAN_POINT('',(89.44151693201,-40.89470315321,
    27.445758600134));
#1623 = CARTESIAN_POINT('',(90.645153831575,-37.98547605814,
    27.893985741547));
#1624 = CARTESIAN_POINT('',(91.45685686949,-34.90770354818,
    28.487756904006));
#1625 = CARTESIAN_POINT('',(91.807043081687,-31.65712384072,
    29.236486122548));
#1626 = PCURVE('',#800,#1627);
#1627 = DEFINITIONAL_REPRESENTATION('',(#1628),#1641);
#1628 = B_SPLINE_CURVE_WITH_KNOTS('',11,(#1629,#1630,#1631,#1632,#1633,
    #1634,#1635,#1636,#1637,#1638,#1639,#1640),.UNSPECIFIED.,.F.,.F.,(12
    ,12),(902.26893105864,929.47725824673),.PIECEWISE_BEZIER_KNOTS.);
#1629 = CARTESIAN_POINT('',(-1.433880378993E-15,2.245796280862));
#1630 = CARTESIAN_POINT('',(0.132648436473,2.750045114478));
#1631 = CARTESIAN_POINT('',(0.259780484803,3.136687260697));
#1632 = CARTESIAN_POINT('',(0.384365413465,3.426612835666));
#1633 = CARTESIAN_POINT('',(0.508433205251,3.641463733041));
#1634 = CARTESIAN_POINT('',(0.633041467069,3.765199969223));
#1635 = CARTESIAN_POINT('',(0.757915755093,3.765316260909));
#1636 = CARTESIAN_POINT('',(0.88252477541,3.64180585811));
#1637 = CARTESIAN_POINT('',(1.006592979912,3.427119124538));
#1638 = CARTESIAN_POINT('',(1.131176116158,3.13735169649));
#1639 = CARTESIAN_POINT('',(1.258302578217,2.750902887229));
#1640 = CARTESIAN_POINT('',(1.390940191064,2.24688498389));
#1641 = ( GEOMETRIC_REPRESENTATION_CONTEXT(2) 
PARAMETRIC_REPRESENTATION_CONTEXT() REPRESENTATION_CONTEXT('2D SPACE',''
  ) );
#1642 = PCURVE('',#1443,#1643);
#1643 = DEFINITIONAL_REPRESENTATION('',(#1644),#1648);
#1644 = LINE('',#1645,#1646);
#1645 = CARTESIAN_POINT('',(0.,0.));
#1646 = VECTOR('',#1647,1.);
#1647 = DIRECTION('',(0.,1.));
#1648 = ( GEOMETRIC_REPRESENTATION_CONTEXT(2) 
PARAMETRIC_REPRESENTATION_CONTEXT() REPRESENTATION_CONTEXT('2D SPACE',''
  ) );
#1649 = ORIENTED_EDGE('',*,*,#1184,.T.);
#1650 = ORIENTED_EDGE('',*,*,#783,.F.);
#1651 = ADVANCED_FACE('',(#1652),#859,.F.);
#1652 = FACE_BOUND('',#1653,.F.);
#1653 = EDGE_LOOP('',(#1654,#1655,#1696,#1717));
#1654 = ORIENTED_EDGE('',*,*,#1541,.F.);
#1655 = ORIENTED_EDGE('',*,*,#1656,.T.);
#1656 = EDGE_CURVE('',#1542,#1657,#1659,.T.);
#1657 = VERTEX_POINT('',#1658);
#1658 = CARTESIAN_POINT('',(-69.15010574375,-54.30780041966,
    29.238107812149));
#1659 = SURFACE_CURVE('',#1660,(#1673,#1689),.PCURVE_S1.);
#1660 = ( BOUNDED_CURVE() B_SPLINE_CURVE(11,(#1661,#1662,#1663,#1664,
    #1665,#1666,#1667,#1668,#1669,#1670,#1671,#1672),.UNSPECIFIED.,.F.,
.F.) B_SPLINE_CURVE_WITH_KNOTS((12,12),(736.72532180639,763.93364899448)
,.PIECEWISE_BEZIER_KNOTS.) CURVE() GEOMETRIC_REPRESENTATION_ITEM() 
RATIONAL_B_SPLINE_CURVE((1.,1.,1.,1.,1.000000000001,0.999999999999,
1.000000000001,0.999999999999,1.,1.,1.,1.)) REPRESENTATION_ITEM('') );
#1661 = CARTESIAN_POINT('',(-91.80779834912,-31.6501036732,
    29.238103371857));
#1662 = CARTESIAN_POINT('',(-91.45851835116,-34.90102264902,
    28.489069999038));
#1663 = CARTESIAN_POINT('',(-90.64759829431,-37.97912685504,
    27.895010644897));
#1664 = CARTESIAN_POINT('',(-89.44468395391,-40.88867668798,
    27.446485518866));
#1665 = CARTESIAN_POINT('',(-87.88012361468,-43.63506404695,
    27.152753791791));
#1666 = CARTESIAN_POINT('',(-85.95726084299,-46.18276588422,
    27.009605753643));
#1667 = CARTESIAN_POINT('',(-83.68793899949,-48.45269836348,
    27.009460294245));
#1668 = CARTESIAN_POINT('',(-81.14072207745,-50.37625263199,
    27.152330309897));
#1669 = CARTESIAN_POINT('',(-78.39470315321,-51.94151693201,
    27.445758600135));
#1670 = CARTESIAN_POINT('',(-75.48547605814,-53.14515383157,
    27.893985741546));
#1671 = CARTESIAN_POINT('',(-72.40770354818,-53.95685686949,
    28.487756904006));
#1672 = CARTESIAN_POINT('',(-69.15712384072,-54.30704308168,
    29.236486122548));
#1673 = PCURVE('',#859,#1674);
#1674 = DEFINITIONAL_REPRESENTATION('',(#1675),#1688);
#1675 = B_SPLINE_CURVE_WITH_KNOTS('',11,(#1676,#1677,#1678,#1679,#1680,
    #1681,#1682,#1683,#1684,#1685,#1686,#1687),.UNSPECIFIED.,.F.,.F.,(12
    ,12),(736.72532180639,763.93364899448),.PIECEWISE_BEZIER_KNOTS.);
#1676 = CARTESIAN_POINT('',(-1.877969588841E-15,2.245796280862));
#1677 = CARTESIAN_POINT('',(0.132648436473,2.750045114478));
#1678 = CARTESIAN_POINT('',(0.259780484803,3.136687260697));
#1679 = CARTESIAN_POINT('',(0.384365413464,3.426612835667));
#1680 = CARTESIAN_POINT('',(0.508433205252,3.64146373304));
#1681 = CARTESIAN_POINT('',(0.633041467068,3.765199969224));
#1682 = CARTESIAN_POINT('',(0.757915755094,3.765316260909));
#1683 = CARTESIAN_POINT('',(0.882524775409,3.641805858109));
#1684 = CARTESIAN_POINT('',(1.006592979913,3.42711912454));
#1685 = CARTESIAN_POINT('',(1.131176116158,3.137351696489));
#1686 = CARTESIAN_POINT('',(1.258302578217,2.750902887229));
#1687 = CARTESIAN_POINT('',(1.390940191064,2.24688498389));
#1688 = ( GEOMETRIC_REPRESENTATION_CONTEXT(2) 
PARAMETRIC_REPRESENTATION_CONTEXT() REPRESENTATION_CONTEXT('2D SPACE',''
  ) );
#1689 = PCURVE('',#1337,#1690);
#1690 = DEFINITIONAL_REPRESENTATION('',(#1691),#1695);
#1691 = LINE('',#1692,#1693);
#1692 = CARTESIAN_POINT('',(0.,0.));
#1693 = VECTOR('',#1694,1.);
#1694 = DIRECTION('',(0.,1.));
#1695 = ( GEOMETRIC_REPRESENTATION_CONTEXT(2) 
PARAMETRIC_REPRESENTATION_CONTEXT() REPRESENTATION_CONTEXT('2D SPACE',''
  ) );
#1696 = ORIENTED_EDGE('',*,*,#1697,.T.);
#1697 = EDGE_CURVE('',#1657,#817,#1698,.T.);
#1698 = SURFACE_CURVE('',#1699,(#1703,#1710),.PCURVE_S1.);
#1699 = LINE('',#1700,#1701);
#1700 = CARTESIAN_POINT('',(-68.27585645737,-53.43355113329,
    27.363274167273));
#1701 = VECTOR('',#1702,1.);
#1702 = DIRECTION('',(-0.389281620635,-0.389281620635,0.834817129479));
#1703 = PCURVE('',#859,#1704);
#1704 = DEFINITIONAL_REPRESENTATION('',(#1705),#1709);
#1705 = LINE('',#1706,#1707);
#1706 = CARTESIAN_POINT('',(1.391226640787,0.));
#1707 = VECTOR('',#1708,1.);
#1708 = DIRECTION('',(0.,1.));
#1709 = ( GEOMETRIC_REPRESENTATION_CONTEXT(2) 
PARAMETRIC_REPRESENTATION_CONTEXT() REPRESENTATION_CONTEXT('2D SPACE',''
  ) );
#1710 = PCURVE('',#831,#1711);
#1711 = DEFINITIONAL_REPRESENTATION('',(#1712),#1716);
#1712 = LINE('',#1713,#1714);
#1713 = CARTESIAN_POINT('',(19.224143542622,-8.124474127436));
#1714 = VECTOR('',#1715,1.);
#1715 = DIRECTION('',(-0.389281620635,-0.921118787039));
#1716 = ( GEOMETRIC_REPRESENTATION_CONTEXT(2) 
PARAMETRIC_REPRESENTATION_CONTEXT() REPRESENTATION_CONTEXT('2D SPACE',''
  ) );
#1717 = ORIENTED_EDGE('',*,*,#842,.F.);
#1718 = ADVANCED_FACE('',(#1719),#831,.T.);
#1719 = FACE_BOUND('',#1720,.T.);
#1720 = EDGE_LOOP('',(#1721,#1722,#1723,#1724));
#1721 = ORIENTED_EDGE('',*,*,#1697,.T.);
#1722 = ORIENTED_EDGE('',*,*,#816,.T.);
#1723 = ORIENTED_EDGE('',*,*,#1588,.F.);
#1724 = ORIENTED_EDGE('',*,*,#1725,.F.);
#1725 = EDGE_CURVE('',#1657,#1589,#1726,.T.);
#1726 = SURFACE_CURVE('',#1727,(#1731,#1738),.PCURVE_S1.);
#1727 = LINE('',#1728,#1729);
#1728 = CARTESIAN_POINT('',(-64.84230532408,-54.30780041966,
    29.238107812149));
#1729 = VECTOR('',#1730,1.);
#1730 = DIRECTION('',(1.,0.,0.));
#1731 = PCURVE('',#831,#1732);
#1732 = DEFINITIONAL_REPRESENTATION('',(#1733),#1737);
#1733 = LINE('',#1734,#1735);
#1734 = CARTESIAN_POINT('',(22.657694675916,-10.19312417292));
#1735 = VECTOR('',#1736,1.);
#1736 = DIRECTION('',(1.,0.));
#1737 = ( GEOMETRIC_REPRESENTATION_CONTEXT(2) 
PARAMETRIC_REPRESENTATION_CONTEXT() REPRESENTATION_CONTEXT('2D SPACE',''
  ) );
#1738 = PCURVE('',#1397,#1739);
#1739 = DEFINITIONAL_REPRESENTATION('',(#1740),#1744);
#1740 = LINE('',#1741,#1742);
#1741 = CARTESIAN_POINT('',(0.,0.));
#1742 = VECTOR('',#1743,1.);
#1743 = DIRECTION('',(0.,1.));
#1744 = ( GEOMETRIC_REPRESENTATION_CONTEXT(2) 
PARAMETRIC_REPRESENTATION_CONTEXT() REPRESENTATION_CONTEXT('2D SPACE',''
  ) );
#1745 = ADVANCED_FACE('',(#1746),#947,.F.);
#1746 = FACE_BOUND('',#1747,.F.);
#1747 = EDGE_LOOP('',(#1748,#1771,#1772,#1795));
#1748 = ORIENTED_EDGE('',*,*,#1749,.T.);
#1749 = EDGE_CURVE('',#1750,#930,#1752,.T.);
#1750 = VERTEX_POINT('',#1751);
#1751 = CARTESIAN_POINT('',(107.5,70.,0.));
#1752 = SURFACE_CURVE('',#1753,(#1757,#1764),.PCURVE_S1.);
#1753 = LINE('',#1754,#1755);
#1754 = CARTESIAN_POINT('',(107.5,70.,0.));
#1755 = VECTOR('',#1756,1.);
#1756 = DIRECTION('',(0.,0.,1.));
#1757 = PCURVE('',#947,#1758);
#1758 = DEFINITIONAL_REPRESENTATION('',(#1759),#1763);
#1759 = LINE('',#1760,#1761);
#1760 = CARTESIAN_POINT('',(0.,-0.));
#1761 = VECTOR('',#1762,1.);
#1762 = DIRECTION('',(0.,-1.));
#1763 = ( GEOMETRIC_REPRESENTATION_CONTEXT(2) 
PARAMETRIC_REPRESENTATION_CONTEXT() REPRESENTATION_CONTEXT('2D SPACE',''
  ) );
#1764 = PCURVE('',#1029,#1765);
#1765 = DEFINITIONAL_REPRESENTATION('',(#1766),#1770);
#1766 = LINE('',#1767,#1768);
#1767 = CARTESIAN_POINT('',(140.,0.));
#1768 = VECTOR('',#1769,1.);
#1769 = DIRECTION('',(0.,-1.));
#1770 = ( GEOMETRIC_REPRESENTATION_CONTEXT(2) 
PARAMETRIC_REPRESENTATION_CONTEXT() REPRESENTATION_CONTEXT('2D SPACE',''
  ) );
#1771 = ORIENTED_EDGE('',*,*,#929,.T.);
#1772 = ORIENTED_EDGE('',*,*,#1773,.F.);
#1773 = EDGE_CURVE('',#1774,#932,#1776,.T.);
#1774 = VERTEX_POINT('',#1775);
#1775 = CARTESIAN_POINT('',(-107.5,70.,0.));
#1776 = SURFACE_CURVE('',#1777,(#1781,#1788),.PCURVE_S1.);
#1777 = LINE('',#1778,#1779);
#1778 = CARTESIAN_POINT('',(-107.5,70.,0.));
#1779 = VECTOR('',#1780,1.);
#1780 = DIRECTION('',(0.,0.,1.));
#1781 = PCURVE('',#947,#1782);
#1782 = DEFINITIONAL_REPRESENTATION('',(#1783),#1787);
#1783 = LINE('',#1784,#1785);
#1784 = CARTESIAN_POINT('',(215.,0.));
#1785 = VECTOR('',#1786,1.);
#1786 = DIRECTION('',(0.,-1.));
#1787 = ( GEOMETRIC_REPRESENTATION_CONTEXT(2) 
PARAMETRIC_REPRESENTATION_CONTEXT() REPRESENTATION_CONTEXT('2D SPACE',''
  ) );
#1788 = PCURVE('',#975,#1789);
#1789 = DEFINITIONAL_REPRESENTATION('',(#1790),#1794);
#1790 = LINE('',#1791,#1792);
#1791 = CARTESIAN_POINT('',(0.,0.));
#1792 = VECTOR('',#1793,1.);
#1793 = DIRECTION('',(0.,-1.));
#1794 = ( GEOMETRIC_REPRESENTATION_CONTEXT(2) 
PARAMETRIC_REPRESENTATION_CONTEXT() REPRESENTATION_CONTEXT('2D SPACE',''
  ) );
#1795 = ORIENTED_EDGE('',*,*,#1796,.F.);
#1796 = EDGE_CURVE('',#1750,#1774,#1797,.T.);
#1797 = SURFACE_CURVE('',#1798,(#1802,#1809),.PCURVE_S1.);
#1798 = LINE('',#1799,#1800);
#1799 = CARTESIAN_POINT('',(107.5,70.,0.));
#1800 = VECTOR('',#1801,1.);
#1801 = DIRECTION('',(-1.,0.,0.));
#1802 = PCURVE('',#947,#1803);
#1803 = DEFINITIONAL_REPRESENTATION('',(#1804),#1808);
#1804 = LINE('',#1805,#1806);
#1805 = CARTESIAN_POINT('',(0.,-0.));
#1806 = VECTOR('',#1807,1.);
#1807 = DIRECTION('',(1.,0.));
#1808 = ( GEOMETRIC_REPRESENTATION_CONTEXT(2) 
PARAMETRIC_REPRESENTATION_CONTEXT() REPRESENTATION_CONTEXT('2D SPACE',''
  ) );
#1809 = PCURVE('',#1810,#1815);
#1810 = PLANE('',#1811);
#1811 = AXIS2_PLACEMENT_3D('',#1812,#1813,#1814);
#1812 = CARTESIAN_POINT('',(0.,0.,0.));
#1813 = DIRECTION('',(0.,0.,1.));
#1814 = DIRECTION('',(1.,0.,-0.));
#1815 = DEFINITIONAL_REPRESENTATION('',(#1816),#1820);
#1816 = LINE('',#1817,#1818);
#1817 = CARTESIAN_POINT('',(107.5,70.));
#1818 = VECTOR('',#1819,1.);
#1819 = DIRECTION('',(-1.,0.));
#1820 = ( GEOMETRIC_REPRESENTATION_CONTEXT(2) 
PARAMETRIC_REPRESENTATION_CONTEXT() REPRESENTATION_CONTEXT('2D SPACE',''
  ) );
#1821 = ADVANCED_FACE('',(#1822),#1029,.F.);
#1822 = FACE_BOUND('',#1823,.F.);
#1823 = EDGE_LOOP('',(#1824,#1847,#1848,#1849));
#1824 = ORIENTED_EDGE('',*,*,#1825,.T.);
#1825 = EDGE_CURVE('',#1826,#988,#1828,.T.);
#1826 = VERTEX_POINT('',#1827);
#1827 = CARTESIAN_POINT('',(107.5,-70.,0.));
#1828 = SURFACE_CURVE('',#1829,(#1833,#1840),.PCURVE_S1.);
#1829 = LINE('',#1830,#1831);
#1830 = CARTESIAN_POINT('',(107.5,-70.,0.));
#1831 = VECTOR('',#1832,1.);
#1832 = DIRECTION('',(0.,0.,1.));
#1833 = PCURVE('',#1029,#1834);
#1834 = DEFINITIONAL_REPRESENTATION('',(#1835),#1839);
#1835 = LINE('',#1836,#1837);
#1836 = CARTESIAN_POINT('',(0.,0.));
#1837 = VECTOR('',#1838,1.);
#1838 = DIRECTION('',(0.,-1.));
#1839 = ( GEOMETRIC_REPRESENTATION_CONTEXT(2) 
PARAMETRIC_REPRESENTATION_CONTEXT() REPRESENTATION_CONTEXT('2D SPACE',''
  ) );
#1840 = PCURVE('',#1003,#1841);
#1841 = DEFINITIONAL_REPRESENTATION('',(#1842),#1846);
#1842 = LINE('',#1843,#1844);
#1843 = CARTESIAN_POINT('',(215.,0.));
#1844 = VECTOR('',#1845,1.);
#1845 = DIRECTION('',(0.,-1.));
#1846 = ( GEOMETRIC_REPRESENTATION_CONTEXT(2) 
PARAMETRIC_REPRESENTATION_CONTEXT() REPRESENTATION_CONTEXT('2D SPACE',''
  ) );
#1847 = ORIENTED_EDGE('',*,*,#1015,.T.);
#1848 = ORIENTED_EDGE('',*,*,#1749,.F.);
#1849 = ORIENTED_EDGE('',*,*,#1850,.F.);
#1850 = EDGE_CURVE('',#1826,#1750,#1851,.T.);
#1851 = SURFACE_CURVE('',#1852,(#1856,#1863),.PCURVE_S1.);
#1852 = LINE('',#1853,#1854);
#1853 = CARTESIAN_POINT('',(107.5,-70.,0.));
#1854 = VECTOR('',#1855,1.);
#1855 = DIRECTION('',(0.,1.,0.));
#1856 = PCURVE('',#1029,#1857);
#1857 = DEFINITIONAL_REPRESENTATION('',(#1858),#1862);
#1858 = LINE('',#1859,#1860);
#1859 = CARTESIAN_POINT('',(0.,0.));
#1860 = VECTOR('',#1861,1.);
#1861 = DIRECTION('',(1.,0.));
#1862 = ( GEOMETRIC_REPRESENTATION_CONTEXT(2) 
PARAMETRIC_REPRESENTATION_CONTEXT() REPRESENTATION_CONTEXT('2D SPACE',''
  ) );
#1863 = PCURVE('',#1810,#1864);
#1864 = DEFINITIONAL_REPRESENTATION('',(#1865),#1869);
#1865 = LINE('',#1866,#1867);
#1866 = CARTESIAN_POINT('',(107.5,-70.));
#1867 = VECTOR('',#1868,1.);
#1868 = DIRECTION('',(0.,1.));
#1869 = ( GEOMETRIC_REPRESENTATION_CONTEXT(2) 
PARAMETRIC_REPRESENTATION_CONTEXT() REPRESENTATION_CONTEXT('2D SPACE',''
  ) );
#1870 = ADVANCED_FACE('',(#1871),#975,.F.);
#1871 = FACE_BOUND('',#1872,.F.);
#1872 = EDGE_LOOP('',(#1873,#1874,#1875,#1898));
#1873 = ORIENTED_EDGE('',*,*,#1773,.T.);
#1874 = ORIENTED_EDGE('',*,*,#959,.T.);
#1875 = ORIENTED_EDGE('',*,*,#1876,.F.);
#1876 = EDGE_CURVE('',#1877,#960,#1879,.T.);
#1877 = VERTEX_POINT('',#1878);
#1878 = CARTESIAN_POINT('',(-107.5,-70.,0.));
#1879 = SURFACE_CURVE('',#1880,(#1884,#1891),.PCURVE_S1.);
#1880 = LINE('',#1881,#1882);
#1881 = CARTESIAN_POINT('',(-107.5,-70.,0.));
#1882 = VECTOR('',#1883,1.);
#1883 = DIRECTION('',(0.,0.,1.));
#1884 = PCURVE('',#975,#1885);
#1885 = DEFINITIONAL_REPRESENTATION('',(#1886),#1890);
#1886 = LINE('',#1887,#1888);
#1887 = CARTESIAN_POINT('',(140.,0.));
#1888 = VECTOR('',#1889,1.);
#1889 = DIRECTION('',(0.,-1.));
#1890 = ( GEOMETRIC_REPRESENTATION_CONTEXT(2) 
PARAMETRIC_REPRESENTATION_CONTEXT() REPRESENTATION_CONTEXT('2D SPACE',''
  ) );
#1891 = PCURVE('',#1003,#1892);
#1892 = DEFINITIONAL_REPRESENTATION('',(#1893),#1897);
#1893 = LINE('',#1894,#1895);
#1894 = CARTESIAN_POINT('',(0.,0.));
#1895 = VECTOR('',#1896,1.);
#1896 = DIRECTION('',(0.,-1.));
#1897 = ( GEOMETRIC_REPRESENTATION_CONTEXT(2) 
PARAMETRIC_REPRESENTATION_CONTEXT() REPRESENTATION_CONTEXT('2D SPACE',''
  ) );
#1898 = ORIENTED_EDGE('',*,*,#1899,.F.);
#1899 = EDGE_CURVE('',#1774,#1877,#1900,.T.);
#1900 = SURFACE_CURVE('',#1901,(#1905,#1912),.PCURVE_S1.);
#1901 = LINE('',#1902,#1903);
#1902 = CARTESIAN_POINT('',(-107.5,70.,0.));
#1903 = VECTOR('',#1904,1.);
#1904 = DIRECTION('',(0.,-1.,0.));
#1905 = PCURVE('',#975,#1906);
#1906 = DEFINITIONAL_REPRESENTATION('',(#1907),#1911);
#1907 = LINE('',#1908,#1909);
#1908 = CARTESIAN_POINT('',(0.,0.));
#1909 = VECTOR('',#1910,1.);
#1910 = DIRECTION('',(1.,0.));
#1911 = ( GEOMETRIC_REPRESENTATION_CONTEXT(2) 
PARAMETRIC_REPRESENTATION_CONTEXT() REPRESENTATION_CONTEXT('2D SPACE',''
  ) );
#1912 = PCURVE('',#1810,#1913);
#1913 = DEFINITIONAL_REPRESENTATION('',(#1914),#1918);
#1914 = LINE('',#1915,#1916);
#1915 = CARTESIAN_POINT('',(-107.5,70.));
#1916 = VECTOR('',#1917,1.);
#1917 = DIRECTION('',(0.,-1.));
#1918 = ( GEOMETRIC_REPRESENTATION_CONTEXT(2) 
PARAMETRIC_REPRESENTATION_CONTEXT() REPRESENTATION_CONTEXT('2D SPACE',''
  ) );
#1919 = ADVANCED_FACE('',(#1920),#1003,.F.);
#1920 = FACE_BOUND('',#1921,.F.);
#1921 = EDGE_LOOP('',(#1922,#1923,#1924,#1925));
#1922 = ORIENTED_EDGE('',*,*,#1876,.T.);
#1923 = ORIENTED_EDGE('',*,*,#987,.T.);
#1924 = ORIENTED_EDGE('',*,*,#1825,.F.);
#1925 = ORIENTED_EDGE('',*,*,#1926,.F.);
#1926 = EDGE_CURVE('',#1877,#1826,#1927,.T.);
#1927 = SURFACE_CURVE('',#1928,(#1932,#1939),.PCURVE_S1.);
#1928 = LINE('',#1929,#1930);
#1929 = CARTESIAN_POINT('',(-107.5,-70.,0.));
#1930 = VECTOR('',#1931,1.);
#1931 = DIRECTION('',(1.,0.,0.));
#1932 = PCURVE('',#1003,#1933);
#1933 = DEFINITIONAL_REPRESENTATION('',(#1934),#1938);
#1934 = LINE('',#1935,#1936);
#1935 = CARTESIAN_POINT('',(0.,0.));
#1936 = VECTOR('',#1937,1.);
#1937 = DIRECTION('',(1.,0.));
#1938 = ( GEOMETRIC_REPRESENTATION_CONTEXT(2) 
PARAMETRIC_REPRESENTATION_CONTEXT() REPRESENTATION_CONTEXT('2D SPACE',''
  ) );
#1939 = PCURVE('',#1810,#1940);
#1940 = DEFINITIONAL_REPRESENTATION('',(#1941),#1945);
#1941 = LINE('',#1942,#1943);
#1942 = CARTESIAN_POINT('',(-107.5,-70.));
#1943 = VECTOR('',#1944,1.);
#1944 = DIRECTION('',(1.,0.));
#1945 = ( GEOMETRIC_REPRESENTATION_CONTEXT(2) 
PARAMETRIC_REPRESENTATION_CONTEXT() REPRESENTATION_CONTEXT('2D SPACE',''
  ) );
#1946 = ADVANCED_FACE('',(#1947),#1129,.F.);
#1947 = FACE_BOUND('',#1948,.F.);
#1948 = EDGE_LOOP('',(#1949,#1970,#1971,#1972));
#1949 = ORIENTED_EDGE('',*,*,#1950,.T.);
#1950 = EDGE_CURVE('',#1185,#1410,#1951,.T.);
#1951 = SURFACE_CURVE('',#1952,(#1956,#1964),.PCURVE_S1.);
#1952 = ( BOUNDED_CURVE() B_SPLINE_CURVE(2,(#1953,#1954,#1955),
.UNSPECIFIED.,.F.,.F.) B_SPLINE_CURVE_WITH_KNOTS((3,3),(0.,
27.208327188088),.PIECEWISE_BEZIER_KNOTS.) CURVE() 
GEOMETRIC_REPRESENTATION_ITEM() RATIONAL_B_SPLINE_CURVE((1.,
0.843421489334,1.)) REPRESENTATION_ITEM('') );
#1953 = CARTESIAN_POINT('',(91.807043081687,-31.65712384072,
    29.236486122548));
#1954 = CARTESIAN_POINT('',(87.498746933198,-31.65010370194,20.));
#1955 = CARTESIAN_POINT('',(77.306894055418,-31.63349662129,20.));
#1956 = PCURVE('',#1129,#1957);
#1957 = DEFINITIONAL_REPRESENTATION('',(#1958),#1963);
#1958 = B_SPLINE_CURVE_WITH_KNOTS('',3,(#1959,#1960,#1961,#1962),
  .UNSPECIFIED.,.F.,.F.,(4,4),(0.,27.208327188088),
  .PIECEWISE_BEZIER_KNOTS.);
#1959 = CARTESIAN_POINT('',(0.,-4.307800419667));
#1960 = CARTESIAN_POINT('',(0.358168297704,-4.307800419667));
#1961 = CARTESIAN_POINT('',(0.776295716093,-4.307800419667));
#1962 = CARTESIAN_POINT('',(1.134464013796,-4.307800419667));
#1963 = ( GEOMETRIC_REPRESENTATION_CONTEXT(2) 
PARAMETRIC_REPRESENTATION_CONTEXT() REPRESENTATION_CONTEXT('2D SPACE',''
  ) );
#1964 = PCURVE('',#1443,#1965);
#1965 = DEFINITIONAL_REPRESENTATION('',(#1966),#1969);
#1966 = B_SPLINE_CURVE_WITH_KNOTS('',1,(#1967,#1968),.UNSPECIFIED.,.F.,
  .F.,(2,2),(0.,27.208327188088),.PIECEWISE_BEZIER_KNOTS.);
#1967 = CARTESIAN_POINT('',(0.,929.47725824673));
#1968 = CARTESIAN_POINT('',(27.208327188088,929.47725824673));
#1969 = ( GEOMETRIC_REPRESENTATION_CONTEXT(2) 
PARAMETRIC_REPRESENTATION_CONTEXT() REPRESENTATION_CONTEXT('2D SPACE',''
  ) );
#1970 = ORIENTED_EDGE('',*,*,#1487,.T.);
#1971 = ORIENTED_EDGE('',*,*,#1111,.F.);
#1972 = ORIENTED_EDGE('',*,*,#1209,.F.);
#1973 = ADVANCED_FACE('',(#1974),#1291,.F.);
#1974 = FACE_BOUND('',#1975,.F.);
#1975 = EDGE_LOOP('',(#1976,#1977,#1978,#2000));
#1976 = ORIENTED_EDGE('',*,*,#1514,.T.);
#1977 = ORIENTED_EDGE('',*,*,#1275,.T.);
#1978 = ORIENTED_EDGE('',*,*,#1979,.F.);
#1979 = EDGE_CURVE('',#1542,#1276,#1980,.T.);
#1980 = SURFACE_CURVE('',#1981,(#1986,#1992),.PCURVE_S1.);
#1981 = CIRCLE('',#1982,16.);
#1982 = AXIS2_PLACEMENT_3D('',#1983,#1984,#1985);
#1983 = CARTESIAN_POINT('',(-77.30687582708,-31.65010574375,36.));
#1984 = DIRECTION('',(0.,-1.,0.));
#1985 = DIRECTION('',(-0.906307787037,-0.,-0.422618261741));
#1986 = PCURVE('',#1291,#1987);
#1987 = DEFINITIONAL_REPRESENTATION('',(#1988),#1991);
#1988 = B_SPLINE_CURVE_WITH_KNOTS('',1,(#1989,#1990),.UNSPECIFIED.,.F.,
  .F.,(2,2),(0.,1.134464013796),.PIECEWISE_BEZIER_KNOTS.);
#1989 = CARTESIAN_POINT('',(0.,58.992411067834));
#1990 = CARTESIAN_POINT('',(1.134464013796,58.992411067834));
#1991 = ( GEOMETRIC_REPRESENTATION_CONTEXT(2) 
PARAMETRIC_REPRESENTATION_CONTEXT() REPRESENTATION_CONTEXT('2D SPACE',''
  ) );
#1992 = PCURVE('',#1337,#1993);
#1993 = DEFINITIONAL_REPRESENTATION('',(#1994),#1999);
#1994 = B_SPLINE_CURVE_WITH_KNOTS('',3,(#1995,#1996,#1997,#1998),
  .UNSPECIFIED.,.F.,.F.,(4,4),(0.,1.134464013796),
  .PIECEWISE_BEZIER_KNOTS.);
#1995 = CARTESIAN_POINT('',(0.,736.72532180639));
#1996 = CARTESIAN_POINT('',(9.574693835943,736.72532180639));
#1997 = CARTESIAN_POINT('',(17.633633352146,736.72532180639));
#1998 = CARTESIAN_POINT('',(27.208327188088,736.72532180639));
#1999 = ( GEOMETRIC_REPRESENTATION_CONTEXT(2) 
PARAMETRIC_REPRESENTATION_CONTEXT() REPRESENTATION_CONTEXT('2D SPACE',''
  ) );
#2000 = ORIENTED_EDGE('',*,*,#1564,.F.);
#2001 = ADVANCED_FACE('',(#2002),#1443,.F.);
#2002 = FACE_BOUND('',#2003,.F.);
#2003 = EDGE_LOOP('',(#2004,#2026,#2027,#2028));
#2004 = ORIENTED_EDGE('',*,*,#2005,.T.);
#2005 = EDGE_CURVE('',#1589,#1382,#2006,.T.);
#2006 = SURFACE_CURVE('',#2007,(#2012,#2020),.PCURVE_S1.);
#2007 = CIRCLE('',#2008,16.);
#2008 = AXIS2_PLACEMENT_3D('',#2009,#2010,#2011);
#2009 = CARTESIAN_POINT('',(69.15010574375,-39.80687582708,36.));
#2010 = DIRECTION('',(1.,0.,0.));
#2011 = DIRECTION('',(0.,-0.906307787037,-0.422618261741));
#2012 = PCURVE('',#1443,#2013);
#2013 = DEFINITIONAL_REPRESENTATION('',(#2014),#2019);
#2014 = B_SPLINE_CURVE_WITH_KNOTS('',3,(#2015,#2016,#2017,#2018),
  .UNSPECIFIED.,.F.,.F.,(4,4),(0.,1.134464013796),
  .PIECEWISE_BEZIER_KNOTS.);
#2015 = CARTESIAN_POINT('',(-3.552713678801E-15,902.26893105864));
#2016 = CARTESIAN_POINT('',(9.574693835943,902.26893105864));
#2017 = CARTESIAN_POINT('',(17.633633352145,902.26893105864));
#2018 = CARTESIAN_POINT('',(27.208327188088,902.26893105864));
#2019 = ( GEOMETRIC_REPRESENTATION_CONTEXT(2) 
PARAMETRIC_REPRESENTATION_CONTEXT() REPRESENTATION_CONTEXT('2D SPACE',''
  ) );
#2020 = PCURVE('',#1397,#2021);
#2021 = DEFINITIONAL_REPRESENTATION('',(#2022),#2025);
#2022 = B_SPLINE_CURVE_WITH_KNOTS('',1,(#2023,#2024),.UNSPECIFIED.,.F.,
  .F.,(2,2),(0.,1.134464013796),.PIECEWISE_BEZIER_KNOTS.);
#2023 = CARTESIAN_POINT('',(0.,133.99241106783));
#2024 = CARTESIAN_POINT('',(1.134464013796,133.99241106783));
#2025 = ( GEOMETRIC_REPRESENTATION_CONTEXT(2) 
PARAMETRIC_REPRESENTATION_CONTEXT() REPRESENTATION_CONTEXT('2D SPACE',''
  ) );
#2026 = ORIENTED_EDGE('',*,*,#1409,.T.);
#2027 = ORIENTED_EDGE('',*,*,#1950,.F.);
#2028 = ORIENTED_EDGE('',*,*,#1611,.F.);
#2029 = ADVANCED_FACE('',(#2030),#1337,.F.);
#2030 = FACE_BOUND('',#2031,.F.);
#2031 = EDGE_LOOP('',(#2032,#2033,#2034,#2055));
#2032 = ORIENTED_EDGE('',*,*,#1979,.T.);
#2033 = ORIENTED_EDGE('',*,*,#1303,.T.);
#2034 = ORIENTED_EDGE('',*,*,#2035,.F.);
#2035 = EDGE_CURVE('',#1657,#1304,#2036,.T.);
#2036 = SURFACE_CURVE('',#2037,(#2041,#2047),.PCURVE_S1.);
#2037 = ( BOUNDED_CURVE() B_SPLINE_CURVE(2,(#2038,#2039,#2040),
.UNSPECIFIED.,.F.,.F.) B_SPLINE_CURVE_WITH_KNOTS((3,3),(0.,
27.208327188088),.PIECEWISE_BEZIER_KNOTS.) CURVE() 
GEOMETRIC_REPRESENTATION_ITEM() RATIONAL_B_SPLINE_CURVE((1.,
0.843421489334,1.)) REPRESENTATION_ITEM('') );
#2038 = CARTESIAN_POINT('',(-69.15712384072,-54.30704308168,
    29.236486122548));
#2039 = CARTESIAN_POINT('',(-69.15010370194,-49.99874693319,20.));
#2040 = CARTESIAN_POINT('',(-69.13349662129,-39.80689405541,20.));
#2041 = PCURVE('',#1337,#2042);
#2042 = DEFINITIONAL_REPRESENTATION('',(#2043),#2046);
#2043 = B_SPLINE_CURVE_WITH_KNOTS('',1,(#2044,#2045),.UNSPECIFIED.,.F.,
  .F.,(2,2),(0.,27.208327188088),.PIECEWISE_BEZIER_KNOTS.);
#2044 = CARTESIAN_POINT('',(0.,763.93364899448));
#2045 = CARTESIAN_POINT('',(27.208327188088,763.93364899448));
#2046 = ( GEOMETRIC_REPRESENTATION_CONTEXT(2) 
PARAMETRIC_REPRESENTATION_CONTEXT() REPRESENTATION_CONTEXT('2D SPACE',''
  ) );
#2047 = PCURVE('',#1397,#2048);
#2048 = DEFINITIONAL_REPRESENTATION('',(#2049),#2054);
#2049 = B_SPLINE_CURVE_WITH_KNOTS('',3,(#2050,#2051,#2052,#2053),
  .UNSPECIFIED.,.F.,.F.,(4,4),(0.,27.208327188088),
  .PIECEWISE_BEZIER_KNOTS.);
#2050 = CARTESIAN_POINT('',(0.,-4.307800419667));
#2051 = CARTESIAN_POINT('',(0.358168297704,-4.307800419667));
#2052 = CARTESIAN_POINT('',(0.776295716093,-4.307800419667));
#2053 = CARTESIAN_POINT('',(1.134464013796,-4.307800419667));
#2054 = ( GEOMETRIC_REPRESENTATION_CONTEXT(2) 
PARAMETRIC_REPRESENTATION_CONTEXT() REPRESENTATION_CONTEXT('2D SPACE',''
  ) );
#2055 = ORIENTED_EDGE('',*,*,#1656,.F.);
#2056 = ADVANCED_FACE('',(#2057),#1397,.F.);
#2057 = FACE_BOUND('',#2058,.F.);
#2058 = EDGE_LOOP('',(#2059,#2060,#2061,#2062));
#2059 = ORIENTED_EDGE('',*,*,#2035,.T.);
#2060 = ORIENTED_EDGE('',*,*,#1381,.T.);
#2061 = ORIENTED_EDGE('',*,*,#2005,.F.);
#2062 = ORIENTED_EDGE('',*,*,#1725,.F.);
#2063 = ADVANCED_FACE('',(#2064),#1810,.F.);
#2064 = FACE_BOUND('',#2065,.F.);
#2065 = EDGE_LOOP('',(#2066,#2067,#2068,#2069));
#2066 = ORIENTED_EDGE('',*,*,#1796,.T.);
#2067 = ORIENTED_EDGE('',*,*,#1899,.T.);
#2068 = ORIENTED_EDGE('',*,*,#1926,.T.);
#2069 = ORIENTED_EDGE('',*,*,#1850,.T.);
#2070 = ( GEOMETRIC_REPRESENTATION_CONTEXT(3) 
GLOBAL_UNCERTAINTY_ASSIGNED_CONTEXT((#2074)) 
GLOBAL_UNIT_ASSIGNED_CONTEXT((#2071,#2072,#2073)) REPRESENTATION_CONTEXT
('Context #1','3D Context with UNIT and UNCERTAINTY') );
#2071 = ( LENGTH_UNIT() NAMED_UNIT(*) SI_UNIT(.MILLI.,.METRE.) );
#2072 = ( NAMED_UNIT(*) PLANE_ANGLE_UNIT() SI_UNIT($,.RADIAN.) );
#2073 = ( NAMED_UNIT(*) SI_UNIT($,.STERADIAN.) SOLID_ANGLE_UNIT() );
#2074 = UNCERTAINTY_MEASURE_WITH_UNIT(LENGTH_MEASURE(1.E-02),#2071,
  'distance_accuracy_value','confusion accuracy');
#2075 = SHAPE_DEFINITION_REPRESENTATION(#2076,#378);
#2076 = PRODUCT_DEFINITION_SHAPE('','',#2077);
#2077 = PRODUCT_DEFINITION('design','',#2078,#2081);
#2078 = PRODUCT_DEFINITION_FORMATION('','',#2079);
#2079 = PRODUCT('Open CASCADE STEP translator 7.4 2.2',
  'Open CASCADE STEP translator 7.4 2.2','',(#2080));
#2080 = PRODUCT_CONTEXT('',#2,'mechanical');
#2081 = PRODUCT_DEFINITION_CONTEXT('part definition',#2,'design');
#2082 = CONTEXT_DEPENDENT_SHAPE_REPRESENTATION(#2083,#2085);
#2083 = ( REPRESENTATION_RELATIONSHIP('','',#378,#10) 
REPRESENTATION_RELATIONSHIP_WITH_TRANSFORMATION(#2084) 
SHAPE_REPRESENTATION_RELATIONSHIP() );
#2084 = ITEM_DEFINED_TRANSFORMATION('','',#11,#19);
#2085 = PRODUCT_DEFINITION_SHAPE('Placement','Placement of an item',
  #2086);
#2086 = NEXT_ASSEMBLY_USAGE_OCCURRENCE('2','','',#5,#2077,$);
#2087 = PRODUCT_RELATED_PRODUCT_CATEGORY('part',$,(#2079));
ENDSEC;
END-ISO-10303-21;
