ISO-10303-21;
HEADER;
FILE_DESCRIPTION(('Open CASCADE Model'),'2;1');
FILE_NAME('Open CASCADE Shape Model','2026-09-28T22:31:35',('Author'),(
    'Open CASCADE'),'Open CASCADE STEP processor 7.4','Open CASCADE 7.4'
  ,'Unknown');
FILE_SCHEMA(('AUTOMOTIVE_DESIGN { 1 0 10303 214 1 1 1 1 }'));
ENDSEC;
DATA;
#1 = APPLICATION_PROTOCOL_DEFINITION('international standard',
  'automotive_design',2000,#2);
#2 = APPLICATION_CONTEXT(
  'core data for automotive mechanical design processes');
#3 = SHAPE_DEFINITION_REPRESENTATION(#4,#10);
#4 = PRODUCT_DEFINITION_SHAPE('','',#5);
#5 = PRODUCT_DEFINITION('design','',#6,#9);
#6 = PRODUCT_DEFINITION_FORMATION('','',#7);
#7 = PRODUCT('Open CASCADE STEP translator 7.4 2',
  'Open CASCADE STEP translator 7.4 2','',(#8));
#8 = PRODUCT_CONTEXT('',#2,'mechanical');
#9 = PRODUCT_DEFINITION_CONTEXT('part definition',#2,'design');
#10 = ADVANCED_BREP_SHAPE_REPRESENTATION('',(#11,#15),#7937);
#11 = AXIS2_PLACEMENT_3D('',#12,#13,#14);
#12 = CARTESIAN_POINT('',(0.,0.,0.));
#13 = DIRECTION('',(0.,0.,1.));
#14 = DIRECTION('',(1.,0.,-0.));
#15 = MANIFOLD_SOLID_BREP('',#16);
#16 = CLOSED_SHELL('',(#17,#321,#394,#427,#501,#555,#609,#662,#715,#769,
    #823,#855,#932,#965,#1041,#1096,#1151,#1205,#1259,#1314,#1369,#1401,
    #1478,#1510,#1584,#1633,#1682,#1730,#1778,#1827,#1876,#1903,#2138,
    #2379,#2453,#2507,#2561,#2614,#2667,#2721,#2775,#2807,#2881,#2935,
    #2989,#3042,#3095,#3149,#3203,#3235,#3311,#3366,#3421,#3475,#3529,
    #3584,#3639,#3671,#3747,#3802,#3857,#3911,#3965,#4020,#4075,#4107,
    #4181,#4230,#4279,#4327,#4375,#4424,#4473,#4500,#4574,#4623,#4672,
    #4720,#4768,#4817,#4866,#4893,#5134,#5375,#5449,#5503,#5557,#5610,
    #5663,#5717,#5771,#5803,#5877,#5931,#5985,#6038,#6091,#6145,#6199,
    #6231,#6307,#6362,#6417,#6471,#6525,#6580,#6635,#6667,#6743,#6798,
    #6853,#6907,#6961,#7016,#7071,#7103,#7177,#7230,#7283,#7331,#7379,
    #7432,#7485,#7512,#7581,#7634,#7687,#7735,#7783,#7836,#7889,#7916));
#17 = ADVANCED_FACE('',(#18,#91),#33,.F.);
#18 = FACE_BOUND('',#19,.F.);
#19 = EDGE_LOOP('',(#20,#60));
#20 = ORIENTED_EDGE('',*,*,#21,.T.);
#21 = EDGE_CURVE('',#22,#24,#26,.T.);
#22 = VERTEX_POINT('',#23);
#23 = CARTESIAN_POINT('',(-34.,6.25,25.));
#24 = VERTEX_POINT('',#25);
#25 = CARTESIAN_POINT('',(-34.,-6.25,25.));
#26 = SURFACE_CURVE('',#27,(#32,#48),.PCURVE_S1.);
#27 = CIRCLE('',#28,6.25);
#28 = AXIS2_PLACEMENT_3D('',#29,#30,#31);
#29 = CARTESIAN_POINT('',(-34.,0.,25.));
#30 = DIRECTION('',(-1.,0.,0.));
#31 = DIRECTION('',(0.,1.,0.));
#32 = PCURVE('',#33,#38);
#33 = PLANE('',#34);
#34 = AXIS2_PLACEMENT_3D('',#35,#36,#37);
#35 = CARTESIAN_POINT('',(-34.,0.,25.));
#36 = DIRECTION('',(1.,0.,0.));
#37 = DIRECTION('',(-0.,0.,1.));
#38 = DEFINITIONAL_REPRESENTATION('',(#39),#47);
#39 = ( BOUNDED_CURVE() B_SPLINE_CURVE(2,(#40,#41,#42,#43,#44,#45,#46),
.UNSPECIFIED.,.T.,.F.) B_SPLINE_CURVE_WITH_KNOTS((1,2,2,2,2,1),(
    -2.094395102393,0.,2.094395102393,4.188790204786,6.28318530718,
8.377580409573),.UNSPECIFIED.) CURVE() GEOMETRIC_REPRESENTATION_ITEM() 
RATIONAL_B_SPLINE_CURVE((1.,0.5,1.,0.5,1.,0.5,1.)) REPRESENTATION_ITEM(
  '') );
#40 = CARTESIAN_POINT('',(0.,-6.25));
#41 = CARTESIAN_POINT('',(-10.8253175473,-6.25));
#42 = CARTESIAN_POINT('',(-5.412658773653,3.125));
#43 = CARTESIAN_POINT('',(-1.530808498934E-15,12.5));
#44 = CARTESIAN_POINT('',(5.412658773653,3.125));
#45 = CARTESIAN_POINT('',(10.825317547305,-6.25));
#46 = CARTESIAN_POINT('',(0.,-6.25));
#47 = ( GEOMETRIC_REPRESENTATION_CONTEXT(2) 
PARAMETRIC_REPRESENTATION_CONTEXT() REPRESENTATION_CONTEXT('2D SPACE',''
  ) );
#48 = PCURVE('',#49,#54);
#49 = CONICAL_SURFACE('',#50,5.25,0.785398163397);
#50 = AXIS2_PLACEMENT_3D('',#51,#52,#53);
#51 = CARTESIAN_POINT('',(-33.,0.,25.));
#52 = DIRECTION('',(-1.,-0.,-0.));
#53 = DIRECTION('',(0.,1.,0.));
#54 = DEFINITIONAL_REPRESENTATION('',(#55),#59);
#55 = LINE('',#56,#57);
#56 = CARTESIAN_POINT('',(-0.,1.));
#57 = VECTOR('',#58,1.);
#58 = DIRECTION('',(1.,-0.));
#59 = ( GEOMETRIC_REPRESENTATION_CONTEXT(2) 
PARAMETRIC_REPRESENTATION_CONTEXT() REPRESENTATION_CONTEXT('2D SPACE',''
  ) );
#60 = ORIENTED_EDGE('',*,*,#61,.T.);
#61 = EDGE_CURVE('',#24,#22,#62,.T.);
#62 = SURFACE_CURVE('',#63,(#68,#79),.PCURVE_S1.);
#63 = CIRCLE('',#64,6.25);
#64 = AXIS2_PLACEMENT_3D('',#65,#66,#67);
#65 = CARTESIAN_POINT('',(-34.,0.,25.));
#66 = DIRECTION('',(-1.,-0.,0.));
#67 = DIRECTION('',(0.,-1.,0.));
#68 = PCURVE('',#33,#69);
#69 = DEFINITIONAL_REPRESENTATION('',(#70),#78);
#70 = ( BOUNDED_CURVE() B_SPLINE_CURVE(2,(#71,#72,#73,#74,#75,#76,#77),
.UNSPECIFIED.,.T.,.F.) B_SPLINE_CURVE_WITH_KNOTS((1,2,2,2,2,1),(
    -2.094395102393,0.,2.094395102393,4.188790204786,6.28318530718,
8.377580409573),.UNSPECIFIED.) CURVE() GEOMETRIC_REPRESENTATION_ITEM() 
RATIONAL_B_SPLINE_CURVE((1.,0.5,1.,0.5,1.,0.5,1.)) REPRESENTATION_ITEM(
  '') );
#71 = CARTESIAN_POINT('',(0.,6.25));
#72 = CARTESIAN_POINT('',(10.825317547305,6.25));
#73 = CARTESIAN_POINT('',(5.412658773653,-3.125));
#74 = CARTESIAN_POINT('',(1.530808498934E-15,-12.5));
#75 = CARTESIAN_POINT('',(-5.412658773653,-3.125));
#76 = CARTESIAN_POINT('',(-10.8253175473,6.25));
#77 = CARTESIAN_POINT('',(0.,6.25));
#78 = ( GEOMETRIC_REPRESENTATION_CONTEXT(2) 
PARAMETRIC_REPRESENTATION_CONTEXT() REPRESENTATION_CONTEXT('2D SPACE',''
  ) );
#79 = PCURVE('',#80,#85);
#80 = CONICAL_SURFACE('',#81,5.25,0.785398163397);
#81 = AXIS2_PLACEMENT_3D('',#82,#83,#84);
#82 = CARTESIAN_POINT('',(-33.,0.,25.));
#83 = DIRECTION('',(-1.,-0.,-0.));
#84 = DIRECTION('',(0.,-1.,0.));
#85 = DEFINITIONAL_REPRESENTATION('',(#86),#90);
#86 = LINE('',#87,#88);
#87 = CARTESIAN_POINT('',(-0.,1.));
#88 = VECTOR('',#89,1.);
#89 = DIRECTION('',(1.,-0.));
#90 = ( GEOMETRIC_REPRESENTATION_CONTEXT(2) 
PARAMETRIC_REPRESENTATION_CONTEXT() REPRESENTATION_CONTEXT('2D SPACE',''
  ) );
#91 = FACE_BOUND('',#92,.F.);
#92 = EDGE_LOOP('',(#93,#123,#152,#180,#209,#237,#266,#294));
#93 = ORIENTED_EDGE('',*,*,#94,.T.);
#94 = EDGE_CURVE('',#95,#97,#99,.T.);
#95 = VERTEX_POINT('',#96);
#96 = CARTESIAN_POINT('',(-34.,16.,35.));
#97 = VERTEX_POINT('',#98);
#98 = CARTESIAN_POINT('',(-34.,-16.,35.));
#99 = SURFACE_CURVE('',#100,(#104,#111),.PCURVE_S1.);
#100 = LINE('',#101,#102);
#101 = CARTESIAN_POINT('',(-34.,16.,35.));
#102 = VECTOR('',#103,1.);
#103 = DIRECTION('',(0.,-1.,0.));
#104 = PCURVE('',#33,#105);
#105 = DEFINITIONAL_REPRESENTATION('',(#106),#110);
#106 = LINE('',#107,#108);
#107 = CARTESIAN_POINT('',(10.,-16.));
#108 = VECTOR('',#109,1.);
#109 = DIRECTION('',(0.,1.));
#110 = ( GEOMETRIC_REPRESENTATION_CONTEXT(2) 
PARAMETRIC_REPRESENTATION_CONTEXT() REPRESENTATION_CONTEXT('2D SPACE',''
  ) );
#111 = PCURVE('',#112,#117);
#112 = CYLINDRICAL_SURFACE('',#113,2.);
#113 = AXIS2_PLACEMENT_3D('',#114,#115,#116);
#114 = CARTESIAN_POINT('',(-36.,16.,35.));
#115 = DIRECTION('',(0.,-1.,0.));
#116 = DIRECTION('',(0.,0.,1.));
#117 = DEFINITIONAL_REPRESENTATION('',(#118),#122);
#118 = LINE('',#119,#120);
#119 = CARTESIAN_POINT('',(-1.570796326795,0.));
#120 = VECTOR('',#121,1.);
#121 = DIRECTION('',(-0.,1.));
#122 = ( GEOMETRIC_REPRESENTATION_CONTEXT(2) 
PARAMETRIC_REPRESENTATION_CONTEXT() REPRESENTATION_CONTEXT('2D SPACE',''
  ) );
#123 = ORIENTED_EDGE('',*,*,#124,.T.);
#124 = EDGE_CURVE('',#97,#125,#127,.T.);
#125 = VERTEX_POINT('',#126);
#126 = CARTESIAN_POINT('',(-34.,-20.,31.));
#127 = SURFACE_CURVE('',#128,(#133,#140),.PCURVE_S1.);
#128 = CIRCLE('',#129,4.);
#129 = AXIS2_PLACEMENT_3D('',#130,#131,#132);
#130 = CARTESIAN_POINT('',(-34.,-16.,31.));
#131 = DIRECTION('',(1.,0.,0.));
#132 = DIRECTION('',(-0.,0.,1.));
#133 = PCURVE('',#33,#134);
#134 = DEFINITIONAL_REPRESENTATION('',(#135),#139);
#135 = CIRCLE('',#136,4.);
#136 = AXIS2_PLACEMENT_2D('',#137,#138);
#137 = CARTESIAN_POINT('',(6.,16.));
#138 = DIRECTION('',(1.,0.));
#139 = ( GEOMETRIC_REPRESENTATION_CONTEXT(2) 
PARAMETRIC_REPRESENTATION_CONTEXT() REPRESENTATION_CONTEXT('2D SPACE',''
  ) );
#140 = PCURVE('',#141,#146);
#141 = TOROIDAL_SURFACE('',#142,4.,2.);
#142 = AXIS2_PLACEMENT_3D('',#143,#144,#145);
#143 = CARTESIAN_POINT('',(-36.,-16.,31.));
#144 = DIRECTION('',(1.,0.,0.));
#145 = DIRECTION('',(-0.,0.,1.));
#146 = DEFINITIONAL_REPRESENTATION('',(#147),#151);
#147 = LINE('',#148,#149);
#148 = CARTESIAN_POINT('',(0.,1.570796326795));
#149 = VECTOR('',#150,1.);
#150 = DIRECTION('',(1.,0.));
#151 = ( GEOMETRIC_REPRESENTATION_CONTEXT(2) 
PARAMETRIC_REPRESENTATION_CONTEXT() REPRESENTATION_CONTEXT('2D SPACE',''
  ) );
#152 = ORIENTED_EDGE('',*,*,#153,.T.);
#153 = EDGE_CURVE('',#125,#154,#156,.T.);
#154 = VERTEX_POINT('',#155);
#155 = CARTESIAN_POINT('',(-34.,-20.,19.));
#156 = SURFACE_CURVE('',#157,(#161,#168),.PCURVE_S1.);
#157 = LINE('',#158,#159);
#158 = CARTESIAN_POINT('',(-34.,-20.,31.));
#159 = VECTOR('',#160,1.);
#160 = DIRECTION('',(0.,0.,-1.));
#161 = PCURVE('',#33,#162);
#162 = DEFINITIONAL_REPRESENTATION('',(#163),#167);
#163 = LINE('',#164,#165);
#164 = CARTESIAN_POINT('',(6.,20.));
#165 = VECTOR('',#166,1.);
#166 = DIRECTION('',(-1.,0.));
#167 = ( GEOMETRIC_REPRESENTATION_CONTEXT(2) 
PARAMETRIC_REPRESENTATION_CONTEXT() REPRESENTATION_CONTEXT('2D SPACE',''
  ) );
#168 = PCURVE('',#169,#174);
#169 = CYLINDRICAL_SURFACE('',#170,2.);
#170 = AXIS2_PLACEMENT_3D('',#171,#172,#173);
#171 = CARTESIAN_POINT('',(-36.,-20.,31.));
#172 = DIRECTION('',(0.,0.,-1.));
#173 = DIRECTION('',(0.,-1.,0.));
#174 = DEFINITIONAL_REPRESENTATION('',(#175),#179);
#175 = LINE('',#176,#177);
#176 = CARTESIAN_POINT('',(-1.570796326795,0.));
#177 = VECTOR('',#178,1.);
#178 = DIRECTION('',(-0.,1.));
#179 = ( GEOMETRIC_REPRESENTATION_CONTEXT(2) 
PARAMETRIC_REPRESENTATION_CONTEXT() REPRESENTATION_CONTEXT('2D SPACE',''
  ) );
#180 = ORIENTED_EDGE('',*,*,#181,.T.);
#181 = EDGE_CURVE('',#154,#182,#184,.T.);
#182 = VERTEX_POINT('',#183);
#183 = CARTESIAN_POINT('',(-34.,-16.,15.));
#184 = SURFACE_CURVE('',#185,(#190,#197),.PCURVE_S1.);
#185 = CIRCLE('',#186,4.);
#186 = AXIS2_PLACEMENT_3D('',#187,#188,#189);
#187 = CARTESIAN_POINT('',(-34.,-16.,19.));
#188 = DIRECTION('',(1.,0.,0.));
#189 = DIRECTION('',(0.,-1.,0.));
#190 = PCURVE('',#33,#191);
#191 = DEFINITIONAL_REPRESENTATION('',(#192),#196);
#192 = CIRCLE('',#193,4.);
#193 = AXIS2_PLACEMENT_2D('',#194,#195);
#194 = CARTESIAN_POINT('',(-6.,16.));
#195 = DIRECTION('',(0.,1.));
#196 = ( GEOMETRIC_REPRESENTATION_CONTEXT(2) 
PARAMETRIC_REPRESENTATION_CONTEXT() REPRESENTATION_CONTEXT('2D SPACE',''
  ) );
#197 = PCURVE('',#198,#203);
#198 = TOROIDAL_SURFACE('',#199,4.,2.);
#199 = AXIS2_PLACEMENT_3D('',#200,#201,#202);
#200 = CARTESIAN_POINT('',(-36.,-16.,19.));
#201 = DIRECTION('',(1.,0.,0.));
#202 = DIRECTION('',(0.,-1.,0.));
#203 = DEFINITIONAL_REPRESENTATION('',(#204),#208);
#204 = LINE('',#205,#206);
#205 = CARTESIAN_POINT('',(0.,1.570796326795));
#206 = VECTOR('',#207,1.);
#207 = DIRECTION('',(1.,0.));
#208 = ( GEOMETRIC_REPRESENTATION_CONTEXT(2) 
PARAMETRIC_REPRESENTATION_CONTEXT() REPRESENTATION_CONTEXT('2D SPACE',''
  ) );
#209 = ORIENTED_EDGE('',*,*,#210,.T.);
#210 = EDGE_CURVE('',#182,#211,#213,.T.);
#211 = VERTEX_POINT('',#212);
#212 = CARTESIAN_POINT('',(-34.,16.,15.));
#213 = SURFACE_CURVE('',#214,(#218,#225),.PCURVE_S1.);
#214 = LINE('',#215,#216);
#215 = CARTESIAN_POINT('',(-34.,-16.,15.));
#216 = VECTOR('',#217,1.);
#217 = DIRECTION('',(0.,1.,0.));
#218 = PCURVE('',#33,#219);
#219 = DEFINITIONAL_REPRESENTATION('',(#220),#224);
#220 = LINE('',#221,#222);
#221 = CARTESIAN_POINT('',(-10.,16.));
#222 = VECTOR('',#223,1.);
#223 = DIRECTION('',(0.,-1.));
#224 = ( GEOMETRIC_REPRESENTATION_CONTEXT(2) 
PARAMETRIC_REPRESENTATION_CONTEXT() REPRESENTATION_CONTEXT('2D SPACE',''
  ) );
#225 = PCURVE('',#226,#231);
#226 = CYLINDRICAL_SURFACE('',#227,2.);
#227 = AXIS2_PLACEMENT_3D('',#228,#229,#230);
#228 = CARTESIAN_POINT('',(-36.,-16.,15.));
#229 = DIRECTION('',(0.,1.,0.));
#230 = DIRECTION('',(0.,0.,-1.));
#231 = DEFINITIONAL_REPRESENTATION('',(#232),#236);
#232 = LINE('',#233,#234);
#233 = CARTESIAN_POINT('',(-1.570796326795,0.));
#234 = VECTOR('',#235,1.);
#235 = DIRECTION('',(-0.,1.));
#236 = ( GEOMETRIC_REPRESENTATION_CONTEXT(2) 
PARAMETRIC_REPRESENTATION_CONTEXT() REPRESENTATION_CONTEXT('2D SPACE',''
  ) );
#237 = ORIENTED_EDGE('',*,*,#238,.T.);
#238 = EDGE_CURVE('',#211,#239,#241,.T.);
#239 = VERTEX_POINT('',#240);
#240 = CARTESIAN_POINT('',(-34.,20.,19.));
#241 = SURFACE_CURVE('',#242,(#247,#254),.PCURVE_S1.);
#242 = CIRCLE('',#243,4.);
#243 = AXIS2_PLACEMENT_3D('',#244,#245,#246);
#244 = CARTESIAN_POINT('',(-34.,16.,19.));
#245 = DIRECTION('',(1.,0.,0.));
#246 = DIRECTION('',(0.,0.,-1.));
#247 = PCURVE('',#33,#248);
#248 = DEFINITIONAL_REPRESENTATION('',(#249),#253);
#249 = CIRCLE('',#250,4.);
#250 = AXIS2_PLACEMENT_2D('',#251,#252);
#251 = CARTESIAN_POINT('',(-6.,-16.));
#252 = DIRECTION('',(-1.,0.));
#253 = ( GEOMETRIC_REPRESENTATION_CONTEXT(2) 
PARAMETRIC_REPRESENTATION_CONTEXT() REPRESENTATION_CONTEXT('2D SPACE',''
  ) );
#254 = PCURVE('',#255,#260);
#255 = TOROIDAL_SURFACE('',#256,4.,2.);
#256 = AXIS2_PLACEMENT_3D('',#257,#258,#259);
#257 = CARTESIAN_POINT('',(-36.,16.,19.));
#258 = DIRECTION('',(1.,0.,0.));
#259 = DIRECTION('',(0.,0.,-1.));
#260 = DEFINITIONAL_REPRESENTATION('',(#261),#265);
#261 = LINE('',#262,#263);
#262 = CARTESIAN_POINT('',(0.,1.570796326795));
#263 = VECTOR('',#264,1.);
#264 = DIRECTION('',(1.,0.));
#265 = ( GEOMETRIC_REPRESENTATION_CONTEXT(2) 
PARAMETRIC_REPRESENTATION_CONTEXT() REPRESENTATION_CONTEXT('2D SPACE',''
  ) );
#266 = ORIENTED_EDGE('',*,*,#267,.T.);
#267 = EDGE_CURVE('',#239,#268,#270,.T.);
#268 = VERTEX_POINT('',#269);
#269 = CARTESIAN_POINT('',(-34.,20.,31.));
#270 = SURFACE_CURVE('',#271,(#275,#282),.PCURVE_S1.);
#271 = LINE('',#272,#273);
#272 = CARTESIAN_POINT('',(-34.,20.,19.));
#273 = VECTOR('',#274,1.);
#274 = DIRECTION('',(0.,0.,1.));
#275 = PCURVE('',#33,#276);
#276 = DEFINITIONAL_REPRESENTATION('',(#277),#281);
#277 = LINE('',#278,#279);
#278 = CARTESIAN_POINT('',(-6.,-20.));
#279 = VECTOR('',#280,1.);
#280 = DIRECTION('',(1.,0.));
#281 = ( GEOMETRIC_REPRESENTATION_CONTEXT(2) 
PARAMETRIC_REPRESENTATION_CONTEXT() REPRESENTATION_CONTEXT('2D SPACE',''
  ) );
#282 = PCURVE('',#283,#288);
#283 = CYLINDRICAL_SURFACE('',#284,2.);
#284 = AXIS2_PLACEMENT_3D('',#285,#286,#287);
#285 = CARTESIAN_POINT('',(-36.,20.,19.));
#286 = DIRECTION('',(0.,0.,1.));
#287 = DIRECTION('',(0.,1.,-0.));
#288 = DEFINITIONAL_REPRESENTATION('',(#289),#293);
#289 = LINE('',#290,#291);
#290 = CARTESIAN_POINT('',(-1.570796326795,0.));
#291 = VECTOR('',#292,1.);
#292 = DIRECTION('',(-0.,1.));
#293 = ( GEOMETRIC_REPRESENTATION_CONTEXT(2) 
PARAMETRIC_REPRESENTATION_CONTEXT() REPRESENTATION_CONTEXT('2D SPACE',''
  ) );
#294 = ORIENTED_EDGE('',*,*,#295,.T.);
#295 = EDGE_CURVE('',#268,#95,#296,.T.);
#296 = SURFACE_CURVE('',#297,(#302,#309),.PCURVE_S1.);
#297 = CIRCLE('',#298,4.);
#298 = AXIS2_PLACEMENT_3D('',#299,#300,#301);
#299 = CARTESIAN_POINT('',(-34.,16.,31.));
#300 = DIRECTION('',(1.,0.,0.));
#301 = DIRECTION('',(-0.,1.,0.));
#302 = PCURVE('',#33,#303);
#303 = DEFINITIONAL_REPRESENTATION('',(#304),#308);
#304 = CIRCLE('',#305,4.);
#305 = AXIS2_PLACEMENT_2D('',#306,#307);
#306 = CARTESIAN_POINT('',(6.,-16.));
#307 = DIRECTION('',(0.,-1.));
#308 = ( GEOMETRIC_REPRESENTATION_CONTEXT(2) 
PARAMETRIC_REPRESENTATION_CONTEXT() REPRESENTATION_CONTEXT('2D SPACE',''
  ) );
#309 = PCURVE('',#310,#315);
#310 = TOROIDAL_SURFACE('',#311,4.,2.);
#311 = AXIS2_PLACEMENT_3D('',#312,#313,#314);
#312 = CARTESIAN_POINT('',(-36.,16.,31.));
#313 = DIRECTION('',(1.,0.,0.));
#314 = DIRECTION('',(-0.,1.,0.));
#315 = DEFINITIONAL_REPRESENTATION('',(#316),#320);
#316 = LINE('',#317,#318);
#317 = CARTESIAN_POINT('',(0.,1.570796326795));
#318 = VECTOR('',#319,1.);
#319 = DIRECTION('',(1.,0.));
#320 = ( GEOMETRIC_REPRESENTATION_CONTEXT(2) 
PARAMETRIC_REPRESENTATION_CONTEXT() REPRESENTATION_CONTEXT('2D SPACE',''
  ) );
#321 = ADVANCED_FACE('',(#322),#49,.F.);
#322 = FACE_BOUND('',#323,.T.);
#323 = EDGE_LOOP('',(#324,#345,#346,#367));
#324 = ORIENTED_EDGE('',*,*,#325,.F.);
#325 = EDGE_CURVE('',#22,#326,#328,.T.);
#326 = VERTEX_POINT('',#327);
#327 = CARTESIAN_POINT('',(-33.,5.25,25.));
#328 = SURFACE_CURVE('',#329,(#333,#339),.PCURVE_S1.);
#329 = LINE('',#330,#331);
#330 = CARTESIAN_POINT('',(-33.,5.25,25.));
#331 = VECTOR('',#332,1.);
#332 = DIRECTION('',(0.707106781187,-0.707106781187,0.));
#333 = PCURVE('',#49,#334);
#334 = DEFINITIONAL_REPRESENTATION('',(#335),#338);
#335 = B_SPLINE_CURVE_WITH_KNOTS('',1,(#336,#337),.UNSPECIFIED.,.F.,.F.,
  (2,2),(-1.414213562373,0.),.PIECEWISE_BEZIER_KNOTS.);
#336 = CARTESIAN_POINT('',(0.,1.));
#337 = CARTESIAN_POINT('',(0.,0.));
#338 = ( GEOMETRIC_REPRESENTATION_CONTEXT(2) 
PARAMETRIC_REPRESENTATION_CONTEXT() REPRESENTATION_CONTEXT('2D SPACE',''
  ) );
#339 = PCURVE('',#80,#340);
#340 = DEFINITIONAL_REPRESENTATION('',(#341),#344);
#341 = B_SPLINE_CURVE_WITH_KNOTS('',1,(#342,#343),.UNSPECIFIED.,.F.,.F.,
  (2,2),(-1.414213562373,0.),.PIECEWISE_BEZIER_KNOTS.);
#342 = CARTESIAN_POINT('',(3.14159265359,1.));
#343 = CARTESIAN_POINT('',(3.14159265359,0.));
#344 = ( GEOMETRIC_REPRESENTATION_CONTEXT(2) 
PARAMETRIC_REPRESENTATION_CONTEXT() REPRESENTATION_CONTEXT('2D SPACE',''
  ) );
#345 = ORIENTED_EDGE('',*,*,#21,.T.);
#346 = ORIENTED_EDGE('',*,*,#347,.T.);
#347 = EDGE_CURVE('',#24,#348,#350,.T.);
#348 = VERTEX_POINT('',#349);
#349 = CARTESIAN_POINT('',(-33.,-5.25,25.));
#350 = SURFACE_CURVE('',#351,(#355,#361),.PCURVE_S1.);
#351 = LINE('',#352,#353);
#352 = CARTESIAN_POINT('',(-33.,-5.25,25.));
#353 = VECTOR('',#354,1.);
#354 = DIRECTION('',(0.707106781187,0.707106781187,8.659560562355E-17));
#355 = PCURVE('',#49,#356);
#356 = DEFINITIONAL_REPRESENTATION('',(#357),#360);
#357 = B_SPLINE_CURVE_WITH_KNOTS('',1,(#358,#359),.UNSPECIFIED.,.F.,.F.,
  (2,2),(-1.414213562373,0.),.PIECEWISE_BEZIER_KNOTS.);
#358 = CARTESIAN_POINT('',(3.14159265359,1.));
#359 = CARTESIAN_POINT('',(3.14159265359,0.));
#360 = ( GEOMETRIC_REPRESENTATION_CONTEXT(2) 
PARAMETRIC_REPRESENTATION_CONTEXT() REPRESENTATION_CONTEXT('2D SPACE',''
  ) );
#361 = PCURVE('',#80,#362);
#362 = DEFINITIONAL_REPRESENTATION('',(#363),#366);
#363 = B_SPLINE_CURVE_WITH_KNOTS('',1,(#364,#365),.UNSPECIFIED.,.F.,.F.,
  (2,2),(-1.414213562373,0.),.PIECEWISE_BEZIER_KNOTS.);
#364 = CARTESIAN_POINT('',(0.,1.));
#365 = CARTESIAN_POINT('',(0.,0.));
#366 = ( GEOMETRIC_REPRESENTATION_CONTEXT(2) 
PARAMETRIC_REPRESENTATION_CONTEXT() REPRESENTATION_CONTEXT('2D SPACE',''
  ) );
#367 = ORIENTED_EDGE('',*,*,#368,.F.);
#368 = EDGE_CURVE('',#326,#348,#369,.T.);
#369 = SURFACE_CURVE('',#370,(#375,#382),.PCURVE_S1.);
#370 = CIRCLE('',#371,5.25);
#371 = AXIS2_PLACEMENT_3D('',#372,#373,#374);
#372 = CARTESIAN_POINT('',(-33.,0.,25.));
#373 = DIRECTION('',(-1.,0.,0.));
#374 = DIRECTION('',(0.,1.,0.));
#375 = PCURVE('',#49,#376);
#376 = DEFINITIONAL_REPRESENTATION('',(#377),#381);
#377 = LINE('',#378,#379);
#378 = CARTESIAN_POINT('',(0.,-0.));
#379 = VECTOR('',#380,1.);
#380 = DIRECTION('',(1.,-0.));
#381 = ( GEOMETRIC_REPRESENTATION_CONTEXT(2) 
PARAMETRIC_REPRESENTATION_CONTEXT() REPRESENTATION_CONTEXT('2D SPACE',''
  ) );
#382 = PCURVE('',#383,#388);
#383 = CYLINDRICAL_SURFACE('',#384,5.25);
#384 = AXIS2_PLACEMENT_3D('',#385,#386,#387);
#385 = CARTESIAN_POINT('',(-51.000000102,0.,25.));
#386 = DIRECTION('',(-1.,-0.,-0.));
#387 = DIRECTION('',(-0.,0.,1.));
#388 = DEFINITIONAL_REPRESENTATION('',(#389),#393);
#389 = LINE('',#390,#391);
#390 = CARTESIAN_POINT('',(-4.712388980385,-18.000000102));
#391 = VECTOR('',#392,1.);
#392 = DIRECTION('',(1.,-0.));
#393 = ( GEOMETRIC_REPRESENTATION_CONTEXT(2) 
PARAMETRIC_REPRESENTATION_CONTEXT() REPRESENTATION_CONTEXT('2D SPACE',''
  ) );
#394 = ADVANCED_FACE('',(#395),#80,.F.);
#395 = FACE_BOUND('',#396,.T.);
#396 = EDGE_LOOP('',(#397,#398,#399,#400));
#397 = ORIENTED_EDGE('',*,*,#347,.F.);
#398 = ORIENTED_EDGE('',*,*,#61,.T.);
#399 = ORIENTED_EDGE('',*,*,#325,.T.);
#400 = ORIENTED_EDGE('',*,*,#401,.F.);
#401 = EDGE_CURVE('',#348,#326,#402,.T.);
#402 = SURFACE_CURVE('',#403,(#408,#415),.PCURVE_S1.);
#403 = CIRCLE('',#404,5.25);
#404 = AXIS2_PLACEMENT_3D('',#405,#406,#407);
#405 = CARTESIAN_POINT('',(-33.,0.,25.));
#406 = DIRECTION('',(-1.,-0.,0.));
#407 = DIRECTION('',(0.,-1.,0.));
#408 = PCURVE('',#80,#409);
#409 = DEFINITIONAL_REPRESENTATION('',(#410),#414);
#410 = LINE('',#411,#412);
#411 = CARTESIAN_POINT('',(0.,-0.));
#412 = VECTOR('',#413,1.);
#413 = DIRECTION('',(1.,-0.));
#414 = ( GEOMETRIC_REPRESENTATION_CONTEXT(2) 
PARAMETRIC_REPRESENTATION_CONTEXT() REPRESENTATION_CONTEXT('2D SPACE',''
  ) );
#415 = PCURVE('',#416,#421);
#416 = CYLINDRICAL_SURFACE('',#417,5.25);
#417 = AXIS2_PLACEMENT_3D('',#418,#419,#420);
#418 = CARTESIAN_POINT('',(-51.000000102,0.,25.));
#419 = DIRECTION('',(-1.,-0.,-0.));
#420 = DIRECTION('',(-0.,0.,1.));
#421 = DEFINITIONAL_REPRESENTATION('',(#422),#426);
#422 = LINE('',#423,#424);
#423 = CARTESIAN_POINT('',(-7.853981633974,-18.000000102));
#424 = VECTOR('',#425,1.);
#425 = DIRECTION('',(1.,-0.));
#426 = ( GEOMETRIC_REPRESENTATION_CONTEXT(2) 
PARAMETRIC_REPRESENTATION_CONTEXT() REPRESENTATION_CONTEXT('2D SPACE',''
  ) );
#427 = ADVANCED_FACE('',(#428),#112,.F.);
#428 = FACE_BOUND('',#429,.T.);
#429 = EDGE_LOOP('',(#430,#452,#453,#475));
#430 = ORIENTED_EDGE('',*,*,#431,.T.);
#431 = EDGE_CURVE('',#432,#95,#434,.T.);
#432 = VERTEX_POINT('',#433);
#433 = CARTESIAN_POINT('',(-36.,16.,37.));
#434 = SURFACE_CURVE('',#435,(#440,#446),.PCURVE_S1.);
#435 = CIRCLE('',#436,2.);
#436 = AXIS2_PLACEMENT_3D('',#437,#438,#439);
#437 = CARTESIAN_POINT('',(-36.,16.,35.));
#438 = DIRECTION('',(-0.,1.,0.));
#439 = DIRECTION('',(0.,0.,1.));
#440 = PCURVE('',#112,#441);
#441 = DEFINITIONAL_REPRESENTATION('',(#442),#445);
#442 = B_SPLINE_CURVE_WITH_KNOTS('',1,(#443,#444),.UNSPECIFIED.,.F.,.F.,
  (2,2),(0.,1.570796326795),.PIECEWISE_BEZIER_KNOTS.);
#443 = CARTESIAN_POINT('',(0.,0.));
#444 = CARTESIAN_POINT('',(-1.570796326795,0.));
#445 = ( GEOMETRIC_REPRESENTATION_CONTEXT(2) 
PARAMETRIC_REPRESENTATION_CONTEXT() REPRESENTATION_CONTEXT('2D SPACE',''
  ) );
#446 = PCURVE('',#310,#447);
#447 = DEFINITIONAL_REPRESENTATION('',(#448),#451);
#448 = B_SPLINE_CURVE_WITH_KNOTS('',1,(#449,#450),.UNSPECIFIED.,.F.,.F.,
  (2,2),(0.,1.570796326795),.PIECEWISE_BEZIER_KNOTS.);
#449 = CARTESIAN_POINT('',(1.570796326795,0.));
#450 = CARTESIAN_POINT('',(1.570796326795,1.570796326795));
#451 = ( GEOMETRIC_REPRESENTATION_CONTEXT(2) 
PARAMETRIC_REPRESENTATION_CONTEXT() REPRESENTATION_CONTEXT('2D SPACE',''
  ) );
#452 = ORIENTED_EDGE('',*,*,#94,.T.);
#453 = ORIENTED_EDGE('',*,*,#454,.F.);
#454 = EDGE_CURVE('',#455,#97,#457,.T.);
#455 = VERTEX_POINT('',#456);
#456 = CARTESIAN_POINT('',(-36.,-16.,37.));
#457 = SURFACE_CURVE('',#458,(#463,#469),.PCURVE_S1.);
#458 = CIRCLE('',#459,2.);
#459 = AXIS2_PLACEMENT_3D('',#460,#461,#462);
#460 = CARTESIAN_POINT('',(-36.,-16.,35.));
#461 = DIRECTION('',(-0.,1.,0.));
#462 = DIRECTION('',(0.,0.,1.));
#463 = PCURVE('',#112,#464);
#464 = DEFINITIONAL_REPRESENTATION('',(#465),#468);
#465 = B_SPLINE_CURVE_WITH_KNOTS('',1,(#466,#467),.UNSPECIFIED.,.F.,.F.,
  (2,2),(0.,1.570796326795),.PIECEWISE_BEZIER_KNOTS.);
#466 = CARTESIAN_POINT('',(0.,32.));
#467 = CARTESIAN_POINT('',(-1.570796326795,32.));
#468 = ( GEOMETRIC_REPRESENTATION_CONTEXT(2) 
PARAMETRIC_REPRESENTATION_CONTEXT() REPRESENTATION_CONTEXT('2D SPACE',''
  ) );
#469 = PCURVE('',#141,#470);
#470 = DEFINITIONAL_REPRESENTATION('',(#471),#474);
#471 = B_SPLINE_CURVE_WITH_KNOTS('',1,(#472,#473),.UNSPECIFIED.,.F.,.F.,
  (2,2),(0.,1.570796326795),.PIECEWISE_BEZIER_KNOTS.);
#472 = CARTESIAN_POINT('',(0.,0.));
#473 = CARTESIAN_POINT('',(0.,1.570796326795));
#474 = ( GEOMETRIC_REPRESENTATION_CONTEXT(2) 
PARAMETRIC_REPRESENTATION_CONTEXT() REPRESENTATION_CONTEXT('2D SPACE',''
  ) );
#475 = ORIENTED_EDGE('',*,*,#476,.F.);
#476 = EDGE_CURVE('',#432,#455,#477,.T.);
#477 = SURFACE_CURVE('',#478,(#482,#489),.PCURVE_S1.);
#478 = LINE('',#479,#480);
#479 = CARTESIAN_POINT('',(-36.,16.,37.));
#480 = VECTOR('',#481,1.);
#481 = DIRECTION('',(0.,-1.,0.));
#482 = PCURVE('',#112,#483);
#483 = DEFINITIONAL_REPRESENTATION('',(#484),#488);
#484 = LINE('',#485,#486);
#485 = CARTESIAN_POINT('',(-0.,0.));
#486 = VECTOR('',#487,1.);
#487 = DIRECTION('',(-0.,1.));
#488 = ( GEOMETRIC_REPRESENTATION_CONTEXT(2) 
PARAMETRIC_REPRESENTATION_CONTEXT() REPRESENTATION_CONTEXT('2D SPACE',''
  ) );
#489 = PCURVE('',#490,#495);
#490 = PLANE('',#491);
#491 = AXIS2_PLACEMENT_3D('',#492,#493,#494);
#492 = CARTESIAN_POINT('',(-34.,22.,37.));
#493 = DIRECTION('',(0.,0.,1.));
#494 = DIRECTION('',(0.,-1.,0.));
#495 = DEFINITIONAL_REPRESENTATION('',(#496),#500);
#496 = LINE('',#497,#498);
#497 = CARTESIAN_POINT('',(6.,-2.));
#498 = VECTOR('',#499,1.);
#499 = DIRECTION('',(1.,0.));
#500 = ( GEOMETRIC_REPRESENTATION_CONTEXT(2) 
PARAMETRIC_REPRESENTATION_CONTEXT() REPRESENTATION_CONTEXT('2D SPACE',''
  ) );
#501 = ADVANCED_FACE('',(#502),#310,.F.);
#502 = FACE_BOUND('',#503,.F.);
#503 = EDGE_LOOP('',(#504,#526,#553,#554));
#504 = ORIENTED_EDGE('',*,*,#505,.F.);
#505 = EDGE_CURVE('',#506,#268,#508,.T.);
#506 = VERTEX_POINT('',#507);
#507 = CARTESIAN_POINT('',(-36.,22.,31.));
#508 = SURFACE_CURVE('',#509,(#514,#520),.PCURVE_S1.);
#509 = CIRCLE('',#510,2.);
#510 = AXIS2_PLACEMENT_3D('',#511,#512,#513);
#511 = CARTESIAN_POINT('',(-36.,20.,31.));
#512 = DIRECTION('',(0.,-0.,-1.));
#513 = DIRECTION('',(0.,1.,-0.));
#514 = PCURVE('',#310,#515);
#515 = DEFINITIONAL_REPRESENTATION('',(#516),#519);
#516 = B_SPLINE_CURVE_WITH_KNOTS('',1,(#517,#518),.UNSPECIFIED.,.F.,.F.,
  (2,2),(0.,1.570796326795),.PIECEWISE_BEZIER_KNOTS.);
#517 = CARTESIAN_POINT('',(0.,0.));
#518 = CARTESIAN_POINT('',(0.,1.570796326795));
#519 = ( GEOMETRIC_REPRESENTATION_CONTEXT(2) 
PARAMETRIC_REPRESENTATION_CONTEXT() REPRESENTATION_CONTEXT('2D SPACE',''
  ) );
#520 = PCURVE('',#283,#521);
#521 = DEFINITIONAL_REPRESENTATION('',(#522),#525);
#522 = B_SPLINE_CURVE_WITH_KNOTS('',1,(#523,#524),.UNSPECIFIED.,.F.,.F.,
  (2,2),(0.,1.570796326795),.PIECEWISE_BEZIER_KNOTS.);
#523 = CARTESIAN_POINT('',(0.,12.));
#524 = CARTESIAN_POINT('',(-1.570796326795,12.));
#525 = ( GEOMETRIC_REPRESENTATION_CONTEXT(2) 
PARAMETRIC_REPRESENTATION_CONTEXT() REPRESENTATION_CONTEXT('2D SPACE',''
  ) );
#526 = ORIENTED_EDGE('',*,*,#527,.T.);
#527 = EDGE_CURVE('',#506,#432,#528,.T.);
#528 = SURFACE_CURVE('',#529,(#534,#541),.PCURVE_S1.);
#529 = CIRCLE('',#530,6.);
#530 = AXIS2_PLACEMENT_3D('',#531,#532,#533);
#531 = CARTESIAN_POINT('',(-36.,16.,31.));
#532 = DIRECTION('',(1.,0.,0.));
#533 = DIRECTION('',(-0.,1.,0.));
#534 = PCURVE('',#310,#535);
#535 = DEFINITIONAL_REPRESENTATION('',(#536),#540);
#536 = LINE('',#537,#538);
#537 = CARTESIAN_POINT('',(0.,0.));
#538 = VECTOR('',#539,1.);
#539 = DIRECTION('',(1.,0.));
#540 = ( GEOMETRIC_REPRESENTATION_CONTEXT(2) 
PARAMETRIC_REPRESENTATION_CONTEXT() REPRESENTATION_CONTEXT('2D SPACE',''
  ) );
#541 = PCURVE('',#542,#547);
#542 = CYLINDRICAL_SURFACE('',#543,6.);
#543 = AXIS2_PLACEMENT_3D('',#544,#545,#546);
#544 = CARTESIAN_POINT('',(-34.,16.,31.));
#545 = DIRECTION('',(-1.,0.,0.));
#546 = DIRECTION('',(0.,0.,1.));
#547 = DEFINITIONAL_REPRESENTATION('',(#548),#552);
#548 = LINE('',#549,#550);
#549 = CARTESIAN_POINT('',(1.570796326795,2.));
#550 = VECTOR('',#551,1.);
#551 = DIRECTION('',(-1.,-0.));
#552 = ( GEOMETRIC_REPRESENTATION_CONTEXT(2) 
PARAMETRIC_REPRESENTATION_CONTEXT() REPRESENTATION_CONTEXT('2D SPACE',''
  ) );
#553 = ORIENTED_EDGE('',*,*,#431,.T.);
#554 = ORIENTED_EDGE('',*,*,#295,.F.);
#555 = ADVANCED_FACE('',(#556),#141,.F.);
#556 = FACE_BOUND('',#557,.F.);
#557 = EDGE_LOOP('',(#558,#559,#588,#608));
#558 = ORIENTED_EDGE('',*,*,#454,.F.);
#559 = ORIENTED_EDGE('',*,*,#560,.T.);
#560 = EDGE_CURVE('',#455,#561,#563,.T.);
#561 = VERTEX_POINT('',#562);
#562 = CARTESIAN_POINT('',(-36.,-22.,31.));
#563 = SURFACE_CURVE('',#564,(#569,#576),.PCURVE_S1.);
#564 = CIRCLE('',#565,6.);
#565 = AXIS2_PLACEMENT_3D('',#566,#567,#568);
#566 = CARTESIAN_POINT('',(-36.,-16.,31.));
#567 = DIRECTION('',(1.,0.,0.));
#568 = DIRECTION('',(-0.,0.,1.));
#569 = PCURVE('',#141,#570);
#570 = DEFINITIONAL_REPRESENTATION('',(#571),#575);
#571 = LINE('',#572,#573);
#572 = CARTESIAN_POINT('',(0.,0.));
#573 = VECTOR('',#574,1.);
#574 = DIRECTION('',(1.,0.));
#575 = ( GEOMETRIC_REPRESENTATION_CONTEXT(2) 
PARAMETRIC_REPRESENTATION_CONTEXT() REPRESENTATION_CONTEXT('2D SPACE',''
  ) );
#576 = PCURVE('',#577,#582);
#577 = CYLINDRICAL_SURFACE('',#578,6.);
#578 = AXIS2_PLACEMENT_3D('',#579,#580,#581);
#579 = CARTESIAN_POINT('',(-34.,-16.,31.));
#580 = DIRECTION('',(-1.,0.,0.));
#581 = DIRECTION('',(0.,0.,1.));
#582 = DEFINITIONAL_REPRESENTATION('',(#583),#587);
#583 = LINE('',#584,#585);
#584 = CARTESIAN_POINT('',(-0.,2.));
#585 = VECTOR('',#586,1.);
#586 = DIRECTION('',(-1.,0.));
#587 = ( GEOMETRIC_REPRESENTATION_CONTEXT(2) 
PARAMETRIC_REPRESENTATION_CONTEXT() REPRESENTATION_CONTEXT('2D SPACE',''
  ) );
#588 = ORIENTED_EDGE('',*,*,#589,.T.);
#589 = EDGE_CURVE('',#561,#125,#590,.T.);
#590 = SURFACE_CURVE('',#591,(#596,#602),.PCURVE_S1.);
#591 = CIRCLE('',#592,2.);
#592 = AXIS2_PLACEMENT_3D('',#593,#594,#595);
#593 = CARTESIAN_POINT('',(-36.,-20.,31.));
#594 = DIRECTION('',(-0.,6.123233995737E-17,1.));
#595 = DIRECTION('',(0.,-1.,6.123233995737E-17));
#596 = PCURVE('',#141,#597);
#597 = DEFINITIONAL_REPRESENTATION('',(#598),#601);
#598 = B_SPLINE_CURVE_WITH_KNOTS('',1,(#599,#600),.UNSPECIFIED.,.F.,.F.,
  (2,2),(0.,1.570796326795),.PIECEWISE_BEZIER_KNOTS.);
#599 = CARTESIAN_POINT('',(1.570796326795,0.));
#600 = CARTESIAN_POINT('',(1.570796326795,1.570796326795));
#601 = ( GEOMETRIC_REPRESENTATION_CONTEXT(2) 
PARAMETRIC_REPRESENTATION_CONTEXT() REPRESENTATION_CONTEXT('2D SPACE',''
  ) );
#602 = PCURVE('',#169,#603);
#603 = DEFINITIONAL_REPRESENTATION('',(#604),#607);
#604 = B_SPLINE_CURVE_WITH_KNOTS('',1,(#605,#606),.UNSPECIFIED.,.F.,.F.,
  (2,2),(0.,1.570796326795),.PIECEWISE_BEZIER_KNOTS.);
#605 = CARTESIAN_POINT('',(0.,0.));
#606 = CARTESIAN_POINT('',(-1.570796326795,0.));
#607 = ( GEOMETRIC_REPRESENTATION_CONTEXT(2) 
PARAMETRIC_REPRESENTATION_CONTEXT() REPRESENTATION_CONTEXT('2D SPACE',''
  ) );
#608 = ORIENTED_EDGE('',*,*,#124,.F.);
#609 = ADVANCED_FACE('',(#610),#283,.F.);
#610 = FACE_BOUND('',#611,.T.);
#611 = EDGE_LOOP('',(#612,#634,#635,#636));
#612 = ORIENTED_EDGE('',*,*,#613,.T.);
#613 = EDGE_CURVE('',#614,#239,#616,.T.);
#614 = VERTEX_POINT('',#615);
#615 = CARTESIAN_POINT('',(-36.,22.,19.));
#616 = SURFACE_CURVE('',#617,(#622,#628),.PCURVE_S1.);
#617 = CIRCLE('',#618,2.);
#618 = AXIS2_PLACEMENT_3D('',#619,#620,#621);
#619 = CARTESIAN_POINT('',(-36.,20.,19.));
#620 = DIRECTION('',(0.,-6.123233995737E-17,-1.));
#621 = DIRECTION('',(0.,1.,-6.123233995737E-17));
#622 = PCURVE('',#283,#623);
#623 = DEFINITIONAL_REPRESENTATION('',(#624),#627);
#624 = B_SPLINE_CURVE_WITH_KNOTS('',1,(#625,#626),.UNSPECIFIED.,.F.,.F.,
  (2,2),(0.,1.570796326795),.PIECEWISE_BEZIER_KNOTS.);
#625 = CARTESIAN_POINT('',(0.,0.));
#626 = CARTESIAN_POINT('',(-1.570796326795,0.));
#627 = ( GEOMETRIC_REPRESENTATION_CONTEXT(2) 
PARAMETRIC_REPRESENTATION_CONTEXT() REPRESENTATION_CONTEXT('2D SPACE',''
  ) );
#628 = PCURVE('',#255,#629);
#629 = DEFINITIONAL_REPRESENTATION('',(#630),#633);
#630 = B_SPLINE_CURVE_WITH_KNOTS('',1,(#631,#632),.UNSPECIFIED.,.F.,.F.,
  (2,2),(0.,1.570796326795),.PIECEWISE_BEZIER_KNOTS.);
#631 = CARTESIAN_POINT('',(1.570796326795,0.));
#632 = CARTESIAN_POINT('',(1.570796326795,1.570796326795));
#633 = ( GEOMETRIC_REPRESENTATION_CONTEXT(2) 
PARAMETRIC_REPRESENTATION_CONTEXT() REPRESENTATION_CONTEXT('2D SPACE',''
  ) );
#634 = ORIENTED_EDGE('',*,*,#267,.T.);
#635 = ORIENTED_EDGE('',*,*,#505,.F.);
#636 = ORIENTED_EDGE('',*,*,#637,.F.);
#637 = EDGE_CURVE('',#614,#506,#638,.T.);
#638 = SURFACE_CURVE('',#639,(#643,#650),.PCURVE_S1.);
#639 = LINE('',#640,#641);
#640 = CARTESIAN_POINT('',(-36.,22.,19.));
#641 = VECTOR('',#642,1.);
#642 = DIRECTION('',(0.,0.,1.));
#643 = PCURVE('',#283,#644);
#644 = DEFINITIONAL_REPRESENTATION('',(#645),#649);
#645 = LINE('',#646,#647);
#646 = CARTESIAN_POINT('',(-0.,0.));
#647 = VECTOR('',#648,1.);
#648 = DIRECTION('',(-0.,1.));
#649 = ( GEOMETRIC_REPRESENTATION_CONTEXT(2) 
PARAMETRIC_REPRESENTATION_CONTEXT() REPRESENTATION_CONTEXT('2D SPACE',''
  ) );
#650 = PCURVE('',#651,#656);
#651 = PLANE('',#652);
#652 = AXIS2_PLACEMENT_3D('',#653,#654,#655);
#653 = CARTESIAN_POINT('',(-34.,22.,13.));
#654 = DIRECTION('',(0.,1.,-0.));
#655 = DIRECTION('',(0.,0.,1.));
#656 = DEFINITIONAL_REPRESENTATION('',(#657),#661);
#657 = LINE('',#658,#659);
#658 = CARTESIAN_POINT('',(6.,-2.));
#659 = VECTOR('',#660,1.);
#660 = DIRECTION('',(1.,0.));
#661 = ( GEOMETRIC_REPRESENTATION_CONTEXT(2) 
PARAMETRIC_REPRESENTATION_CONTEXT() REPRESENTATION_CONTEXT('2D SPACE',''
  ) );
#662 = ADVANCED_FACE('',(#663),#169,.F.);
#663 = FACE_BOUND('',#664,.T.);
#664 = EDGE_LOOP('',(#665,#666,#667,#689));
#665 = ORIENTED_EDGE('',*,*,#589,.T.);
#666 = ORIENTED_EDGE('',*,*,#153,.T.);
#667 = ORIENTED_EDGE('',*,*,#668,.F.);
#668 = EDGE_CURVE('',#669,#154,#671,.T.);
#669 = VERTEX_POINT('',#670);
#670 = CARTESIAN_POINT('',(-36.,-22.,19.));
#671 = SURFACE_CURVE('',#672,(#677,#683),.PCURVE_S1.);
#672 = CIRCLE('',#673,2.);
#673 = AXIS2_PLACEMENT_3D('',#674,#675,#676);
#674 = CARTESIAN_POINT('',(-36.,-20.,19.));
#675 = DIRECTION('',(-0.,0.,1.));
#676 = DIRECTION('',(0.,-1.,0.));
#677 = PCURVE('',#169,#678);
#678 = DEFINITIONAL_REPRESENTATION('',(#679),#682);
#679 = B_SPLINE_CURVE_WITH_KNOTS('',1,(#680,#681),.UNSPECIFIED.,.F.,.F.,
  (2,2),(0.,1.570796326795),.PIECEWISE_BEZIER_KNOTS.);
#680 = CARTESIAN_POINT('',(0.,12.));
#681 = CARTESIAN_POINT('',(-1.570796326795,12.));
#682 = ( GEOMETRIC_REPRESENTATION_CONTEXT(2) 
PARAMETRIC_REPRESENTATION_CONTEXT() REPRESENTATION_CONTEXT('2D SPACE',''
  ) );
#683 = PCURVE('',#198,#684);
#684 = DEFINITIONAL_REPRESENTATION('',(#685),#688);
#685 = B_SPLINE_CURVE_WITH_KNOTS('',1,(#686,#687),.UNSPECIFIED.,.F.,.F.,
  (2,2),(0.,1.570796326795),.PIECEWISE_BEZIER_KNOTS.);
#686 = CARTESIAN_POINT('',(0.,0.));
#687 = CARTESIAN_POINT('',(0.,1.570796326795));
#688 = ( GEOMETRIC_REPRESENTATION_CONTEXT(2) 
PARAMETRIC_REPRESENTATION_CONTEXT() REPRESENTATION_CONTEXT('2D SPACE',''
  ) );
#689 = ORIENTED_EDGE('',*,*,#690,.F.);
#690 = EDGE_CURVE('',#561,#669,#691,.T.);
#691 = SURFACE_CURVE('',#692,(#696,#703),.PCURVE_S1.);
#692 = LINE('',#693,#694);
#693 = CARTESIAN_POINT('',(-36.,-22.,31.));
#694 = VECTOR('',#695,1.);
#695 = DIRECTION('',(0.,0.,-1.));
#696 = PCURVE('',#169,#697);
#697 = DEFINITIONAL_REPRESENTATION('',(#698),#702);
#698 = LINE('',#699,#700);
#699 = CARTESIAN_POINT('',(-0.,0.));
#700 = VECTOR('',#701,1.);
#701 = DIRECTION('',(-0.,1.));
#702 = ( GEOMETRIC_REPRESENTATION_CONTEXT(2) 
PARAMETRIC_REPRESENTATION_CONTEXT() REPRESENTATION_CONTEXT('2D SPACE',''
  ) );
#703 = PCURVE('',#704,#709);
#704 = PLANE('',#705);
#705 = AXIS2_PLACEMENT_3D('',#706,#707,#708);
#706 = CARTESIAN_POINT('',(-34.,-22.,37.));
#707 = DIRECTION('',(-0.,-1.,-0.));
#708 = DIRECTION('',(0.,0.,-1.));
#709 = DEFINITIONAL_REPRESENTATION('',(#710),#714);
#710 = LINE('',#711,#712);
#711 = CARTESIAN_POINT('',(6.,-2.));
#712 = VECTOR('',#713,1.);
#713 = DIRECTION('',(1.,0.));
#714 = ( GEOMETRIC_REPRESENTATION_CONTEXT(2) 
PARAMETRIC_REPRESENTATION_CONTEXT() REPRESENTATION_CONTEXT('2D SPACE',''
  ) );
#715 = ADVANCED_FACE('',(#716),#255,.F.);
#716 = FACE_BOUND('',#717,.F.);
#717 = EDGE_LOOP('',(#718,#740,#767,#768));
#718 = ORIENTED_EDGE('',*,*,#719,.F.);
#719 = EDGE_CURVE('',#720,#211,#722,.T.);
#720 = VERTEX_POINT('',#721);
#721 = CARTESIAN_POINT('',(-36.,16.,13.));
#722 = SURFACE_CURVE('',#723,(#728,#734),.PCURVE_S1.);
#723 = CIRCLE('',#724,2.);
#724 = AXIS2_PLACEMENT_3D('',#725,#726,#727);
#725 = CARTESIAN_POINT('',(-36.,16.,15.));
#726 = DIRECTION('',(0.,-1.,-0.));
#727 = DIRECTION('',(0.,0.,-1.));
#728 = PCURVE('',#255,#729);
#729 = DEFINITIONAL_REPRESENTATION('',(#730),#733);
#730 = B_SPLINE_CURVE_WITH_KNOTS('',1,(#731,#732),.UNSPECIFIED.,.F.,.F.,
  (2,2),(0.,1.570796326795),.PIECEWISE_BEZIER_KNOTS.);
#731 = CARTESIAN_POINT('',(0.,0.));
#732 = CARTESIAN_POINT('',(0.,1.570796326795));
#733 = ( GEOMETRIC_REPRESENTATION_CONTEXT(2) 
PARAMETRIC_REPRESENTATION_CONTEXT() REPRESENTATION_CONTEXT('2D SPACE',''
  ) );
#734 = PCURVE('',#226,#735);
#735 = DEFINITIONAL_REPRESENTATION('',(#736),#739);
#736 = B_SPLINE_CURVE_WITH_KNOTS('',1,(#737,#738),.UNSPECIFIED.,.F.,.F.,
  (2,2),(0.,1.570796326795),.PIECEWISE_BEZIER_KNOTS.);
#737 = CARTESIAN_POINT('',(0.,32.));
#738 = CARTESIAN_POINT('',(-1.570796326795,32.));
#739 = ( GEOMETRIC_REPRESENTATION_CONTEXT(2) 
PARAMETRIC_REPRESENTATION_CONTEXT() REPRESENTATION_CONTEXT('2D SPACE',''
  ) );
#740 = ORIENTED_EDGE('',*,*,#741,.T.);
#741 = EDGE_CURVE('',#720,#614,#742,.T.);
#742 = SURFACE_CURVE('',#743,(#748,#755),.PCURVE_S1.);
#743 = CIRCLE('',#744,6.);
#744 = AXIS2_PLACEMENT_3D('',#745,#746,#747);
#745 = CARTESIAN_POINT('',(-36.,16.,19.));
#746 = DIRECTION('',(1.,0.,0.));
#747 = DIRECTION('',(0.,0.,-1.));
#748 = PCURVE('',#255,#749);
#749 = DEFINITIONAL_REPRESENTATION('',(#750),#754);
#750 = LINE('',#751,#752);
#751 = CARTESIAN_POINT('',(0.,0.));
#752 = VECTOR('',#753,1.);
#753 = DIRECTION('',(1.,0.));
#754 = ( GEOMETRIC_REPRESENTATION_CONTEXT(2) 
PARAMETRIC_REPRESENTATION_CONTEXT() REPRESENTATION_CONTEXT('2D SPACE',''
  ) );
#755 = PCURVE('',#756,#761);
#756 = CYLINDRICAL_SURFACE('',#757,6.);
#757 = AXIS2_PLACEMENT_3D('',#758,#759,#760);
#758 = CARTESIAN_POINT('',(-34.,16.,19.));
#759 = DIRECTION('',(-1.,0.,0.));
#760 = DIRECTION('',(0.,0.,-1.));
#761 = DEFINITIONAL_REPRESENTATION('',(#762),#766);
#762 = LINE('',#763,#764);
#763 = CARTESIAN_POINT('',(-0.,2.));
#764 = VECTOR('',#765,1.);
#765 = DIRECTION('',(-1.,0.));
#766 = ( GEOMETRIC_REPRESENTATION_CONTEXT(2) 
PARAMETRIC_REPRESENTATION_CONTEXT() REPRESENTATION_CONTEXT('2D SPACE',''
  ) );
#767 = ORIENTED_EDGE('',*,*,#613,.T.);
#768 = ORIENTED_EDGE('',*,*,#238,.F.);
#769 = ADVANCED_FACE('',(#770),#198,.F.);
#770 = FACE_BOUND('',#771,.F.);
#771 = EDGE_LOOP('',(#772,#773,#802,#822));
#772 = ORIENTED_EDGE('',*,*,#668,.F.);
#773 = ORIENTED_EDGE('',*,*,#774,.T.);
#774 = EDGE_CURVE('',#669,#775,#777,.T.);
#775 = VERTEX_POINT('',#776);
#776 = CARTESIAN_POINT('',(-36.,-16.,13.));
#777 = SURFACE_CURVE('',#778,(#783,#790),.PCURVE_S1.);
#778 = CIRCLE('',#779,6.);
#779 = AXIS2_PLACEMENT_3D('',#780,#781,#782);
#780 = CARTESIAN_POINT('',(-36.,-16.,19.));
#781 = DIRECTION('',(1.,0.,0.));
#782 = DIRECTION('',(0.,-1.,0.));
#783 = PCURVE('',#198,#784);
#784 = DEFINITIONAL_REPRESENTATION('',(#785),#789);
#785 = LINE('',#786,#787);
#786 = CARTESIAN_POINT('',(0.,0.));
#787 = VECTOR('',#788,1.);
#788 = DIRECTION('',(1.,0.));
#789 = ( GEOMETRIC_REPRESENTATION_CONTEXT(2) 
PARAMETRIC_REPRESENTATION_CONTEXT() REPRESENTATION_CONTEXT('2D SPACE',''
  ) );
#790 = PCURVE('',#791,#796);
#791 = CYLINDRICAL_SURFACE('',#792,6.);
#792 = AXIS2_PLACEMENT_3D('',#793,#794,#795);
#793 = CARTESIAN_POINT('',(-34.,-16.,19.));
#794 = DIRECTION('',(-1.,0.,0.));
#795 = DIRECTION('',(-0.,-1.,-0.));
#796 = DEFINITIONAL_REPRESENTATION('',(#797),#801);
#797 = LINE('',#798,#799);
#798 = CARTESIAN_POINT('',(-0.,2.));
#799 = VECTOR('',#800,1.);
#800 = DIRECTION('',(-1.,0.));
#801 = ( GEOMETRIC_REPRESENTATION_CONTEXT(2) 
PARAMETRIC_REPRESENTATION_CONTEXT() REPRESENTATION_CONTEXT('2D SPACE',''
  ) );
#802 = ORIENTED_EDGE('',*,*,#803,.T.);
#803 = EDGE_CURVE('',#775,#182,#804,.T.);
#804 = SURFACE_CURVE('',#805,(#810,#816),.PCURVE_S1.);
#805 = CIRCLE('',#806,2.);
#806 = AXIS2_PLACEMENT_3D('',#807,#808,#809);
#807 = CARTESIAN_POINT('',(-36.,-16.,15.));
#808 = DIRECTION('',(0.,-1.,6.123233995737E-17));
#809 = DIRECTION('',(0.,-6.123233995737E-17,-1.));
#810 = PCURVE('',#198,#811);
#811 = DEFINITIONAL_REPRESENTATION('',(#812),#815);
#812 = B_SPLINE_CURVE_WITH_KNOTS('',1,(#813,#814),.UNSPECIFIED.,.F.,.F.,
  (2,2),(0.,1.570796326795),.PIECEWISE_BEZIER_KNOTS.);
#813 = CARTESIAN_POINT('',(1.570796326795,0.));
#814 = CARTESIAN_POINT('',(1.570796326795,1.570796326795));
#815 = ( GEOMETRIC_REPRESENTATION_CONTEXT(2) 
PARAMETRIC_REPRESENTATION_CONTEXT() REPRESENTATION_CONTEXT('2D SPACE',''
  ) );
#816 = PCURVE('',#226,#817);
#817 = DEFINITIONAL_REPRESENTATION('',(#818),#821);
#818 = B_SPLINE_CURVE_WITH_KNOTS('',1,(#819,#820),.UNSPECIFIED.,.F.,.F.,
  (2,2),(0.,1.570796326795),.PIECEWISE_BEZIER_KNOTS.);
#819 = CARTESIAN_POINT('',(0.,0.));
#820 = CARTESIAN_POINT('',(-1.570796326795,0.));
#821 = ( GEOMETRIC_REPRESENTATION_CONTEXT(2) 
PARAMETRIC_REPRESENTATION_CONTEXT() REPRESENTATION_CONTEXT('2D SPACE',''
  ) );
#822 = ORIENTED_EDGE('',*,*,#181,.F.);
#823 = ADVANCED_FACE('',(#824),#226,.F.);
#824 = FACE_BOUND('',#825,.T.);
#825 = EDGE_LOOP('',(#826,#827,#828,#829));
#826 = ORIENTED_EDGE('',*,*,#803,.T.);
#827 = ORIENTED_EDGE('',*,*,#210,.T.);
#828 = ORIENTED_EDGE('',*,*,#719,.F.);
#829 = ORIENTED_EDGE('',*,*,#830,.F.);
#830 = EDGE_CURVE('',#775,#720,#831,.T.);
#831 = SURFACE_CURVE('',#832,(#836,#843),.PCURVE_S1.);
#832 = LINE('',#833,#834);
#833 = CARTESIAN_POINT('',(-36.,-16.,13.));
#834 = VECTOR('',#835,1.);
#835 = DIRECTION('',(0.,1.,0.));
#836 = PCURVE('',#226,#837);
#837 = DEFINITIONAL_REPRESENTATION('',(#838),#842);
#838 = LINE('',#839,#840);
#839 = CARTESIAN_POINT('',(-0.,0.));
#840 = VECTOR('',#841,1.);
#841 = DIRECTION('',(-0.,1.));
#842 = ( GEOMETRIC_REPRESENTATION_CONTEXT(2) 
PARAMETRIC_REPRESENTATION_CONTEXT() REPRESENTATION_CONTEXT('2D SPACE',''
  ) );
#843 = PCURVE('',#844,#849);
#844 = PLANE('',#845);
#845 = AXIS2_PLACEMENT_3D('',#846,#847,#848);
#846 = CARTESIAN_POINT('',(-34.,-22.,13.));
#847 = DIRECTION('',(0.,0.,-1.));
#848 = DIRECTION('',(0.,1.,0.));
#849 = DEFINITIONAL_REPRESENTATION('',(#850),#854);
#850 = LINE('',#851,#852);
#851 = CARTESIAN_POINT('',(6.,-2.));
#852 = VECTOR('',#853,1.);
#853 = DIRECTION('',(1.,0.));
#854 = ( GEOMETRIC_REPRESENTATION_CONTEXT(2) 
PARAMETRIC_REPRESENTATION_CONTEXT() REPRESENTATION_CONTEXT('2D SPACE',''
  ) );
#855 = ADVANCED_FACE('',(#856),#383,.F.);
#856 = FACE_BOUND('',#857,.T.);
#857 = EDGE_LOOP('',(#858,#881,#882,#905));
#858 = ORIENTED_EDGE('',*,*,#859,.F.);
#859 = EDGE_CURVE('',#326,#860,#862,.T.);
#860 = VERTEX_POINT('',#861);
#861 = CARTESIAN_POINT('',(33.,5.25,25.));
#862 = SURFACE_CURVE('',#863,(#867,#874),.PCURVE_S1.);
#863 = LINE('',#864,#865);
#864 = CARTESIAN_POINT('',(-51.000000102,5.25,25.));
#865 = VECTOR('',#866,1.);
#866 = DIRECTION('',(1.,0.,0.));
#867 = PCURVE('',#383,#868);
#868 = DEFINITIONAL_REPRESENTATION('',(#869),#873);
#869 = LINE('',#870,#871);
#870 = CARTESIAN_POINT('',(-4.712388980385,0.));
#871 = VECTOR('',#872,1.);
#872 = DIRECTION('',(-0.,-1.));
#873 = ( GEOMETRIC_REPRESENTATION_CONTEXT(2) 
PARAMETRIC_REPRESENTATION_CONTEXT() REPRESENTATION_CONTEXT('2D SPACE',''
  ) );
#874 = PCURVE('',#416,#875);
#875 = DEFINITIONAL_REPRESENTATION('',(#876),#880);
#876 = LINE('',#877,#878);
#877 = CARTESIAN_POINT('',(-4.712388980385,0.));
#878 = VECTOR('',#879,1.);
#879 = DIRECTION('',(-0.,-1.));
#880 = ( GEOMETRIC_REPRESENTATION_CONTEXT(2) 
PARAMETRIC_REPRESENTATION_CONTEXT() REPRESENTATION_CONTEXT('2D SPACE',''
  ) );
#881 = ORIENTED_EDGE('',*,*,#368,.T.);
#882 = ORIENTED_EDGE('',*,*,#883,.T.);
#883 = EDGE_CURVE('',#348,#884,#886,.T.);
#884 = VERTEX_POINT('',#885);
#885 = CARTESIAN_POINT('',(33.,-5.25,25.));
#886 = SURFACE_CURVE('',#887,(#891,#898),.PCURVE_S1.);
#887 = LINE('',#888,#889);
#888 = CARTESIAN_POINT('',(-51.000000102,-5.25,25.));
#889 = VECTOR('',#890,1.);
#890 = DIRECTION('',(1.,0.,0.));
#891 = PCURVE('',#383,#892);
#892 = DEFINITIONAL_REPRESENTATION('',(#893),#897);
#893 = LINE('',#894,#895);
#894 = CARTESIAN_POINT('',(-1.570796326795,0.));
#895 = VECTOR('',#896,1.);
#896 = DIRECTION('',(-0.,-1.));
#897 = ( GEOMETRIC_REPRESENTATION_CONTEXT(2) 
PARAMETRIC_REPRESENTATION_CONTEXT() REPRESENTATION_CONTEXT('2D SPACE',''
  ) );
#898 = PCURVE('',#416,#899);
#899 = DEFINITIONAL_REPRESENTATION('',(#900),#904);
#900 = LINE('',#901,#902);
#901 = CARTESIAN_POINT('',(-7.853981633974,0.));
#902 = VECTOR('',#903,1.);
#903 = DIRECTION('',(-0.,-1.));
#904 = ( GEOMETRIC_REPRESENTATION_CONTEXT(2) 
PARAMETRIC_REPRESENTATION_CONTEXT() REPRESENTATION_CONTEXT('2D SPACE',''
  ) );
#905 = ORIENTED_EDGE('',*,*,#906,.F.);
#906 = EDGE_CURVE('',#860,#884,#907,.T.);
#907 = SURFACE_CURVE('',#908,(#913,#920),.PCURVE_S1.);
#908 = CIRCLE('',#909,5.25);
#909 = AXIS2_PLACEMENT_3D('',#910,#911,#912);
#910 = CARTESIAN_POINT('',(33.,0.,25.));
#911 = DIRECTION('',(-1.,0.,-0.));
#912 = DIRECTION('',(-0.,1.,0.));
#913 = PCURVE('',#383,#914);
#914 = DEFINITIONAL_REPRESENTATION('',(#915),#919);
#915 = LINE('',#916,#917);
#916 = CARTESIAN_POINT('',(-4.712388980385,-84.000000102));
#917 = VECTOR('',#918,1.);
#918 = DIRECTION('',(1.,-0.));
#919 = ( GEOMETRIC_REPRESENTATION_CONTEXT(2) 
PARAMETRIC_REPRESENTATION_CONTEXT() REPRESENTATION_CONTEXT('2D SPACE',''
  ) );
#920 = PCURVE('',#921,#926);
#921 = CONICAL_SURFACE('',#922,5.25,0.785398163397);
#922 = AXIS2_PLACEMENT_3D('',#923,#924,#925);
#923 = CARTESIAN_POINT('',(33.,0.,25.));
#924 = DIRECTION('',(1.,0.,0.));
#925 = DIRECTION('',(-0.,1.,0.));
#926 = DEFINITIONAL_REPRESENTATION('',(#927),#931);
#927 = LINE('',#928,#929);
#928 = CARTESIAN_POINT('',(-0.,0.));
#929 = VECTOR('',#930,1.);
#930 = DIRECTION('',(-1.,0.));
#931 = ( GEOMETRIC_REPRESENTATION_CONTEXT(2) 
PARAMETRIC_REPRESENTATION_CONTEXT() REPRESENTATION_CONTEXT('2D SPACE',''
  ) );
#932 = ADVANCED_FACE('',(#933),#416,.F.);
#933 = FACE_BOUND('',#934,.T.);
#934 = EDGE_LOOP('',(#935,#936,#937,#938));
#935 = ORIENTED_EDGE('',*,*,#883,.F.);
#936 = ORIENTED_EDGE('',*,*,#401,.T.);
#937 = ORIENTED_EDGE('',*,*,#859,.T.);
#938 = ORIENTED_EDGE('',*,*,#939,.F.);
#939 = EDGE_CURVE('',#884,#860,#940,.T.);
#940 = SURFACE_CURVE('',#941,(#946,#953),.PCURVE_S1.);
#941 = CIRCLE('',#942,5.25);
#942 = AXIS2_PLACEMENT_3D('',#943,#944,#945);
#943 = CARTESIAN_POINT('',(33.,0.,25.));
#944 = DIRECTION('',(-1.,-0.,0.));
#945 = DIRECTION('',(0.,-1.,0.));
#946 = PCURVE('',#416,#947);
#947 = DEFINITIONAL_REPRESENTATION('',(#948),#952);
#948 = LINE('',#949,#950);
#949 = CARTESIAN_POINT('',(-7.853981633974,-84.000000102));
#950 = VECTOR('',#951,1.);
#951 = DIRECTION('',(1.,-0.));
#952 = ( GEOMETRIC_REPRESENTATION_CONTEXT(2) 
PARAMETRIC_REPRESENTATION_CONTEXT() REPRESENTATION_CONTEXT('2D SPACE',''
  ) );
#953 = PCURVE('',#954,#959);
#954 = CONICAL_SURFACE('',#955,5.25,0.785398163397);
#955 = AXIS2_PLACEMENT_3D('',#956,#957,#958);
#956 = CARTESIAN_POINT('',(33.,0.,25.));
#957 = DIRECTION('',(1.,0.,0.));
#958 = DIRECTION('',(0.,-1.,0.));
#959 = DEFINITIONAL_REPRESENTATION('',(#960),#964);
#960 = LINE('',#961,#962);
#961 = CARTESIAN_POINT('',(-0.,0.));
#962 = VECTOR('',#963,1.);
#963 = DIRECTION('',(-1.,0.));
#964 = ( GEOMETRIC_REPRESENTATION_CONTEXT(2) 
PARAMETRIC_REPRESENTATION_CONTEXT() REPRESENTATION_CONTEXT('2D SPACE',''
  ) );
#965 = ADVANCED_FACE('',(#966),#490,.F.);
#966 = FACE_BOUND('',#967,.F.);
#967 = EDGE_LOOP('',(#968,#991,#1019,#1040));
#968 = ORIENTED_EDGE('',*,*,#969,.T.);
#969 = EDGE_CURVE('',#432,#970,#972,.T.);
#970 = VERTEX_POINT('',#971);
#971 = CARTESIAN_POINT('',(-42.,16.,37.));
#972 = SURFACE_CURVE('',#973,(#977,#984),.PCURVE_S1.);
#973 = LINE('',#974,#975);
#974 = CARTESIAN_POINT('',(-34.,16.,37.));
#975 = VECTOR('',#976,1.);
#976 = DIRECTION('',(-1.,0.,0.));
#977 = PCURVE('',#490,#978);
#978 = DEFINITIONAL_REPRESENTATION('',(#979),#983);
#979 = LINE('',#980,#981);
#980 = CARTESIAN_POINT('',(6.,0.));
#981 = VECTOR('',#982,1.);
#982 = DIRECTION('',(0.,-1.));
#983 = ( GEOMETRIC_REPRESENTATION_CONTEXT(2) 
PARAMETRIC_REPRESENTATION_CONTEXT() REPRESENTATION_CONTEXT('2D SPACE',''
  ) );
#984 = PCURVE('',#542,#985);
#985 = DEFINITIONAL_REPRESENTATION('',(#986),#990);
#986 = LINE('',#987,#988);
#987 = CARTESIAN_POINT('',(0.,0.));
#988 = VECTOR('',#989,1.);
#989 = DIRECTION('',(0.,1.));
#990 = ( GEOMETRIC_REPRESENTATION_CONTEXT(2) 
PARAMETRIC_REPRESENTATION_CONTEXT() REPRESENTATION_CONTEXT('2D SPACE',''
  ) );
#991 = ORIENTED_EDGE('',*,*,#992,.T.);
#992 = EDGE_CURVE('',#970,#993,#995,.T.);
#993 = VERTEX_POINT('',#994);
#994 = CARTESIAN_POINT('',(-42.,-16.,37.));
#995 = SURFACE_CURVE('',#996,(#1000,#1007),.PCURVE_S1.);
#996 = LINE('',#997,#998);
#997 = CARTESIAN_POINT('',(-42.,16.,37.));
#998 = VECTOR('',#999,1.);
#999 = DIRECTION('',(0.,-1.,0.));
#1000 = PCURVE('',#490,#1001);
#1001 = DEFINITIONAL_REPRESENTATION('',(#1002),#1006);
#1002 = LINE('',#1003,#1004);
#1003 = CARTESIAN_POINT('',(6.,-8.));
#1004 = VECTOR('',#1005,1.);
#1005 = DIRECTION('',(1.,0.));
#1006 = ( GEOMETRIC_REPRESENTATION_CONTEXT(2) 
PARAMETRIC_REPRESENTATION_CONTEXT() REPRESENTATION_CONTEXT('2D SPACE',''
  ) );
#1007 = PCURVE('',#1008,#1013);
#1008 = CYLINDRICAL_SURFACE('',#1009,2.);
#1009 = AXIS2_PLACEMENT_3D('',#1010,#1011,#1012);
#1010 = CARTESIAN_POINT('',(-42.,16.,39.));
#1011 = DIRECTION('',(0.,-1.,0.));
#1012 = DIRECTION('',(-1.,-0.,0.));
#1013 = DEFINITIONAL_REPRESENTATION('',(#1014),#1018);
#1014 = LINE('',#1015,#1016);
#1015 = CARTESIAN_POINT('',(1.570796326795,0.));
#1016 = VECTOR('',#1017,1.);
#1017 = DIRECTION('',(0.,1.));
#1018 = ( GEOMETRIC_REPRESENTATION_CONTEXT(2) 
PARAMETRIC_REPRESENTATION_CONTEXT() REPRESENTATION_CONTEXT('2D SPACE',''
  ) );
#1019 = ORIENTED_EDGE('',*,*,#1020,.F.);
#1020 = EDGE_CURVE('',#455,#993,#1021,.T.);
#1021 = SURFACE_CURVE('',#1022,(#1026,#1033),.PCURVE_S1.);
#1022 = LINE('',#1023,#1024);
#1023 = CARTESIAN_POINT('',(-34.,-16.,37.));
#1024 = VECTOR('',#1025,1.);
#1025 = DIRECTION('',(-1.,0.,0.));
#1026 = PCURVE('',#490,#1027);
#1027 = DEFINITIONAL_REPRESENTATION('',(#1028),#1032);
#1028 = LINE('',#1029,#1030);
#1029 = CARTESIAN_POINT('',(38.,0.));
#1030 = VECTOR('',#1031,1.);
#1031 = DIRECTION('',(0.,-1.));
#1032 = ( GEOMETRIC_REPRESENTATION_CONTEXT(2) 
PARAMETRIC_REPRESENTATION_CONTEXT() REPRESENTATION_CONTEXT('2D SPACE',''
  ) );
#1033 = PCURVE('',#577,#1034);
#1034 = DEFINITIONAL_REPRESENTATION('',(#1035),#1039);
#1035 = LINE('',#1036,#1037);
#1036 = CARTESIAN_POINT('',(-0.,0.));
#1037 = VECTOR('',#1038,1.);
#1038 = DIRECTION('',(-0.,1.));
#1039 = ( GEOMETRIC_REPRESENTATION_CONTEXT(2) 
PARAMETRIC_REPRESENTATION_CONTEXT() REPRESENTATION_CONTEXT('2D SPACE',''
  ) );
#1040 = ORIENTED_EDGE('',*,*,#476,.F.);
#1041 = ADVANCED_FACE('',(#1042),#542,.F.);
#1042 = FACE_BOUND('',#1043,.F.);
#1043 = EDGE_LOOP('',(#1044,#1045,#1046,#1069));
#1044 = ORIENTED_EDGE('',*,*,#969,.F.);
#1045 = ORIENTED_EDGE('',*,*,#527,.F.);
#1046 = ORIENTED_EDGE('',*,*,#1047,.T.);
#1047 = EDGE_CURVE('',#506,#1048,#1050,.T.);
#1048 = VERTEX_POINT('',#1049);
#1049 = CARTESIAN_POINT('',(-42.,22.,31.));
#1050 = SURFACE_CURVE('',#1051,(#1055,#1062),.PCURVE_S1.);
#1051 = LINE('',#1052,#1053);
#1052 = CARTESIAN_POINT('',(-34.,22.,31.));
#1053 = VECTOR('',#1054,1.);
#1054 = DIRECTION('',(-1.,0.,0.));
#1055 = PCURVE('',#542,#1056);
#1056 = DEFINITIONAL_REPRESENTATION('',(#1057),#1061);
#1057 = LINE('',#1058,#1059);
#1058 = CARTESIAN_POINT('',(1.570796326795,0.));
#1059 = VECTOR('',#1060,1.);
#1060 = DIRECTION('',(0.,1.));
#1061 = ( GEOMETRIC_REPRESENTATION_CONTEXT(2) 
PARAMETRIC_REPRESENTATION_CONTEXT() REPRESENTATION_CONTEXT('2D SPACE',''
  ) );
#1062 = PCURVE('',#651,#1063);
#1063 = DEFINITIONAL_REPRESENTATION('',(#1064),#1068);
#1064 = LINE('',#1065,#1066);
#1065 = CARTESIAN_POINT('',(18.,0.));
#1066 = VECTOR('',#1067,1.);
#1067 = DIRECTION('',(0.,-1.));
#1068 = ( GEOMETRIC_REPRESENTATION_CONTEXT(2) 
PARAMETRIC_REPRESENTATION_CONTEXT() REPRESENTATION_CONTEXT('2D SPACE',''
  ) );
#1069 = ORIENTED_EDGE('',*,*,#1070,.T.);
#1070 = EDGE_CURVE('',#1048,#970,#1071,.T.);
#1071 = SURFACE_CURVE('',#1072,(#1077,#1084),.PCURVE_S1.);
#1072 = CIRCLE('',#1073,6.);
#1073 = AXIS2_PLACEMENT_3D('',#1074,#1075,#1076);
#1074 = CARTESIAN_POINT('',(-42.,16.,31.));
#1075 = DIRECTION('',(1.,0.,0.));
#1076 = DIRECTION('',(-0.,1.,0.));
#1077 = PCURVE('',#542,#1078);
#1078 = DEFINITIONAL_REPRESENTATION('',(#1079),#1083);
#1079 = LINE('',#1080,#1081);
#1080 = CARTESIAN_POINT('',(1.570796326795,8.));
#1081 = VECTOR('',#1082,1.);
#1082 = DIRECTION('',(-1.,-0.));
#1083 = ( GEOMETRIC_REPRESENTATION_CONTEXT(2) 
PARAMETRIC_REPRESENTATION_CONTEXT() REPRESENTATION_CONTEXT('2D SPACE',''
  ) );
#1084 = PCURVE('',#1085,#1090);
#1085 = TOROIDAL_SURFACE('',#1086,8.,2.);
#1086 = AXIS2_PLACEMENT_3D('',#1087,#1088,#1089);
#1087 = CARTESIAN_POINT('',(-42.,16.,31.));
#1088 = DIRECTION('',(-1.,-0.,-0.));
#1089 = DIRECTION('',(-0.,1.,0.));
#1090 = DEFINITIONAL_REPRESENTATION('',(#1091),#1095);
#1091 = LINE('',#1092,#1093);
#1092 = CARTESIAN_POINT('',(-0.,3.14159265359));
#1093 = VECTOR('',#1094,1.);
#1094 = DIRECTION('',(-1.,0.));
#1095 = ( GEOMETRIC_REPRESENTATION_CONTEXT(2) 
PARAMETRIC_REPRESENTATION_CONTEXT() REPRESENTATION_CONTEXT('2D SPACE',''
  ) );
#1096 = ADVANCED_FACE('',(#1097),#577,.F.);
#1097 = FACE_BOUND('',#1098,.T.);
#1098 = EDGE_LOOP('',(#1099,#1100,#1101,#1124));
#1099 = ORIENTED_EDGE('',*,*,#1020,.F.);
#1100 = ORIENTED_EDGE('',*,*,#560,.T.);
#1101 = ORIENTED_EDGE('',*,*,#1102,.T.);
#1102 = EDGE_CURVE('',#561,#1103,#1105,.T.);
#1103 = VERTEX_POINT('',#1104);
#1104 = CARTESIAN_POINT('',(-42.,-22.,31.));
#1105 = SURFACE_CURVE('',#1106,(#1110,#1117),.PCURVE_S1.);
#1106 = LINE('',#1107,#1108);
#1107 = CARTESIAN_POINT('',(-34.,-22.,31.));
#1108 = VECTOR('',#1109,1.);
#1109 = DIRECTION('',(-1.,0.,0.));
#1110 = PCURVE('',#577,#1111);
#1111 = DEFINITIONAL_REPRESENTATION('',(#1112),#1116);
#1112 = LINE('',#1113,#1114);
#1113 = CARTESIAN_POINT('',(-1.570796326795,0.));
#1114 = VECTOR('',#1115,1.);
#1115 = DIRECTION('',(-0.,1.));
#1116 = ( GEOMETRIC_REPRESENTATION_CONTEXT(2) 
PARAMETRIC_REPRESENTATION_CONTEXT() REPRESENTATION_CONTEXT('2D SPACE',''
  ) );
#1117 = PCURVE('',#704,#1118);
#1118 = DEFINITIONAL_REPRESENTATION('',(#1119),#1123);
#1119 = LINE('',#1120,#1121);
#1120 = CARTESIAN_POINT('',(6.,0.));
#1121 = VECTOR('',#1122,1.);
#1122 = DIRECTION('',(0.,-1.));
#1123 = ( GEOMETRIC_REPRESENTATION_CONTEXT(2) 
PARAMETRIC_REPRESENTATION_CONTEXT() REPRESENTATION_CONTEXT('2D SPACE',''
  ) );
#1124 = ORIENTED_EDGE('',*,*,#1125,.F.);
#1125 = EDGE_CURVE('',#993,#1103,#1126,.T.);
#1126 = SURFACE_CURVE('',#1127,(#1132,#1139),.PCURVE_S1.);
#1127 = CIRCLE('',#1128,6.);
#1128 = AXIS2_PLACEMENT_3D('',#1129,#1130,#1131);
#1129 = CARTESIAN_POINT('',(-42.,-16.,31.));
#1130 = DIRECTION('',(1.,0.,0.));
#1131 = DIRECTION('',(-0.,0.,1.));
#1132 = PCURVE('',#577,#1133);
#1133 = DEFINITIONAL_REPRESENTATION('',(#1134),#1138);
#1134 = LINE('',#1135,#1136);
#1135 = CARTESIAN_POINT('',(-0.,8.));
#1136 = VECTOR('',#1137,1.);
#1137 = DIRECTION('',(-1.,0.));
#1138 = ( GEOMETRIC_REPRESENTATION_CONTEXT(2) 
PARAMETRIC_REPRESENTATION_CONTEXT() REPRESENTATION_CONTEXT('2D SPACE',''
  ) );
#1139 = PCURVE('',#1140,#1145);
#1140 = TOROIDAL_SURFACE('',#1141,8.,2.);
#1141 = AXIS2_PLACEMENT_3D('',#1142,#1143,#1144);
#1142 = CARTESIAN_POINT('',(-42.,-16.,31.));
#1143 = DIRECTION('',(-1.,-0.,-0.));
#1144 = DIRECTION('',(-0.,0.,1.));
#1145 = DEFINITIONAL_REPRESENTATION('',(#1146),#1150);
#1146 = LINE('',#1147,#1148);
#1147 = CARTESIAN_POINT('',(-0.,3.14159265359));
#1148 = VECTOR('',#1149,1.);
#1149 = DIRECTION('',(-1.,0.));
#1150 = ( GEOMETRIC_REPRESENTATION_CONTEXT(2) 
PARAMETRIC_REPRESENTATION_CONTEXT() REPRESENTATION_CONTEXT('2D SPACE',''
  ) );
#1151 = ADVANCED_FACE('',(#1152),#651,.F.);
#1152 = FACE_BOUND('',#1153,.F.);
#1153 = EDGE_LOOP('',(#1154,#1177,#1203,#1204));
#1154 = ORIENTED_EDGE('',*,*,#1155,.T.);
#1155 = EDGE_CURVE('',#614,#1156,#1158,.T.);
#1156 = VERTEX_POINT('',#1157);
#1157 = CARTESIAN_POINT('',(-42.,22.,19.));
#1158 = SURFACE_CURVE('',#1159,(#1163,#1170),.PCURVE_S1.);
#1159 = LINE('',#1160,#1161);
#1160 = CARTESIAN_POINT('',(-34.,22.,19.));
#1161 = VECTOR('',#1162,1.);
#1162 = DIRECTION('',(-1.,0.,0.));
#1163 = PCURVE('',#651,#1164);
#1164 = DEFINITIONAL_REPRESENTATION('',(#1165),#1169);
#1165 = LINE('',#1166,#1167);
#1166 = CARTESIAN_POINT('',(6.,0.));
#1167 = VECTOR('',#1168,1.);
#1168 = DIRECTION('',(0.,-1.));
#1169 = ( GEOMETRIC_REPRESENTATION_CONTEXT(2) 
PARAMETRIC_REPRESENTATION_CONTEXT() REPRESENTATION_CONTEXT('2D SPACE',''
  ) );
#1170 = PCURVE('',#756,#1171);
#1171 = DEFINITIONAL_REPRESENTATION('',(#1172),#1176);
#1172 = LINE('',#1173,#1174);
#1173 = CARTESIAN_POINT('',(-1.570796326795,0.));
#1174 = VECTOR('',#1175,1.);
#1175 = DIRECTION('',(-0.,1.));
#1176 = ( GEOMETRIC_REPRESENTATION_CONTEXT(2) 
PARAMETRIC_REPRESENTATION_CONTEXT() REPRESENTATION_CONTEXT('2D SPACE',''
  ) );
#1177 = ORIENTED_EDGE('',*,*,#1178,.T.);
#1178 = EDGE_CURVE('',#1156,#1048,#1179,.T.);
#1179 = SURFACE_CURVE('',#1180,(#1184,#1191),.PCURVE_S1.);
#1180 = LINE('',#1181,#1182);
#1181 = CARTESIAN_POINT('',(-42.,22.,19.));
#1182 = VECTOR('',#1183,1.);
#1183 = DIRECTION('',(0.,0.,1.));
#1184 = PCURVE('',#651,#1185);
#1185 = DEFINITIONAL_REPRESENTATION('',(#1186),#1190);
#1186 = LINE('',#1187,#1188);
#1187 = CARTESIAN_POINT('',(6.,-8.));
#1188 = VECTOR('',#1189,1.);
#1189 = DIRECTION('',(1.,0.));
#1190 = ( GEOMETRIC_REPRESENTATION_CONTEXT(2) 
PARAMETRIC_REPRESENTATION_CONTEXT() REPRESENTATION_CONTEXT('2D SPACE',''
  ) );
#1191 = PCURVE('',#1192,#1197);
#1192 = CYLINDRICAL_SURFACE('',#1193,2.);
#1193 = AXIS2_PLACEMENT_3D('',#1194,#1195,#1196);
#1194 = CARTESIAN_POINT('',(-42.,24.,19.));
#1195 = DIRECTION('',(0.,0.,1.));
#1196 = DIRECTION('',(-1.,0.,0.));
#1197 = DEFINITIONAL_REPRESENTATION('',(#1198),#1202);
#1198 = LINE('',#1199,#1200);
#1199 = CARTESIAN_POINT('',(1.570796326795,0.));
#1200 = VECTOR('',#1201,1.);
#1201 = DIRECTION('',(0.,1.));
#1202 = ( GEOMETRIC_REPRESENTATION_CONTEXT(2) 
PARAMETRIC_REPRESENTATION_CONTEXT() REPRESENTATION_CONTEXT('2D SPACE',''
  ) );
#1203 = ORIENTED_EDGE('',*,*,#1047,.F.);
#1204 = ORIENTED_EDGE('',*,*,#637,.F.);
#1205 = ADVANCED_FACE('',(#1206),#704,.F.);
#1206 = FACE_BOUND('',#1207,.F.);
#1207 = EDGE_LOOP('',(#1208,#1209,#1237,#1258));
#1208 = ORIENTED_EDGE('',*,*,#1102,.T.);
#1209 = ORIENTED_EDGE('',*,*,#1210,.T.);
#1210 = EDGE_CURVE('',#1103,#1211,#1213,.T.);
#1211 = VERTEX_POINT('',#1212);
#1212 = CARTESIAN_POINT('',(-42.,-22.,19.));
#1213 = SURFACE_CURVE('',#1214,(#1218,#1225),.PCURVE_S1.);
#1214 = LINE('',#1215,#1216);
#1215 = CARTESIAN_POINT('',(-42.,-22.,31.));
#1216 = VECTOR('',#1217,1.);
#1217 = DIRECTION('',(0.,0.,-1.));
#1218 = PCURVE('',#704,#1219);
#1219 = DEFINITIONAL_REPRESENTATION('',(#1220),#1224);
#1220 = LINE('',#1221,#1222);
#1221 = CARTESIAN_POINT('',(6.,-8.));
#1222 = VECTOR('',#1223,1.);
#1223 = DIRECTION('',(1.,0.));
#1224 = ( GEOMETRIC_REPRESENTATION_CONTEXT(2) 
PARAMETRIC_REPRESENTATION_CONTEXT() REPRESENTATION_CONTEXT('2D SPACE',''
  ) );
#1225 = PCURVE('',#1226,#1231);
#1226 = CYLINDRICAL_SURFACE('',#1227,2.);
#1227 = AXIS2_PLACEMENT_3D('',#1228,#1229,#1230);
#1228 = CARTESIAN_POINT('',(-42.,-24.,31.));
#1229 = DIRECTION('',(0.,0.,-1.));
#1230 = DIRECTION('',(-1.,-0.,-0.));
#1231 = DEFINITIONAL_REPRESENTATION('',(#1232),#1236);
#1232 = LINE('',#1233,#1234);
#1233 = CARTESIAN_POINT('',(1.570796326795,0.));
#1234 = VECTOR('',#1235,1.);
#1235 = DIRECTION('',(0.,1.));
#1236 = ( GEOMETRIC_REPRESENTATION_CONTEXT(2) 
PARAMETRIC_REPRESENTATION_CONTEXT() REPRESENTATION_CONTEXT('2D SPACE',''
  ) );
#1237 = ORIENTED_EDGE('',*,*,#1238,.F.);
#1238 = EDGE_CURVE('',#669,#1211,#1239,.T.);
#1239 = SURFACE_CURVE('',#1240,(#1244,#1251),.PCURVE_S1.);
#1240 = LINE('',#1241,#1242);
#1241 = CARTESIAN_POINT('',(-34.,-22.,19.));
#1242 = VECTOR('',#1243,1.);
#1243 = DIRECTION('',(-1.,0.,0.));
#1244 = PCURVE('',#704,#1245);
#1245 = DEFINITIONAL_REPRESENTATION('',(#1246),#1250);
#1246 = LINE('',#1247,#1248);
#1247 = CARTESIAN_POINT('',(18.,0.));
#1248 = VECTOR('',#1249,1.);
#1249 = DIRECTION('',(0.,-1.));
#1250 = ( GEOMETRIC_REPRESENTATION_CONTEXT(2) 
PARAMETRIC_REPRESENTATION_CONTEXT() REPRESENTATION_CONTEXT('2D SPACE',''
  ) );
#1251 = PCURVE('',#791,#1252);
#1252 = DEFINITIONAL_REPRESENTATION('',(#1253),#1257);
#1253 = LINE('',#1254,#1255);
#1254 = CARTESIAN_POINT('',(-0.,0.));
#1255 = VECTOR('',#1256,1.);
#1256 = DIRECTION('',(-0.,1.));
#1257 = ( GEOMETRIC_REPRESENTATION_CONTEXT(2) 
PARAMETRIC_REPRESENTATION_CONTEXT() REPRESENTATION_CONTEXT('2D SPACE',''
  ) );
#1258 = ORIENTED_EDGE('',*,*,#690,.F.);
#1259 = ADVANCED_FACE('',(#1260),#756,.F.);
#1260 = FACE_BOUND('',#1261,.T.);
#1261 = EDGE_LOOP('',(#1262,#1285,#1286,#1287));
#1262 = ORIENTED_EDGE('',*,*,#1263,.F.);
#1263 = EDGE_CURVE('',#720,#1264,#1266,.T.);
#1264 = VERTEX_POINT('',#1265);
#1265 = CARTESIAN_POINT('',(-42.,16.,13.));
#1266 = SURFACE_CURVE('',#1267,(#1271,#1278),.PCURVE_S1.);
#1267 = LINE('',#1268,#1269);
#1268 = CARTESIAN_POINT('',(-34.,16.,13.));
#1269 = VECTOR('',#1270,1.);
#1270 = DIRECTION('',(-1.,0.,0.));
#1271 = PCURVE('',#756,#1272);
#1272 = DEFINITIONAL_REPRESENTATION('',(#1273),#1277);
#1273 = LINE('',#1274,#1275);
#1274 = CARTESIAN_POINT('',(-0.,0.));
#1275 = VECTOR('',#1276,1.);
#1276 = DIRECTION('',(-0.,1.));
#1277 = ( GEOMETRIC_REPRESENTATION_CONTEXT(2) 
PARAMETRIC_REPRESENTATION_CONTEXT() REPRESENTATION_CONTEXT('2D SPACE',''
  ) );
#1278 = PCURVE('',#844,#1279);
#1279 = DEFINITIONAL_REPRESENTATION('',(#1280),#1284);
#1280 = LINE('',#1281,#1282);
#1281 = CARTESIAN_POINT('',(38.,0.));
#1282 = VECTOR('',#1283,1.);
#1283 = DIRECTION('',(0.,-1.));
#1284 = ( GEOMETRIC_REPRESENTATION_CONTEXT(2) 
PARAMETRIC_REPRESENTATION_CONTEXT() REPRESENTATION_CONTEXT('2D SPACE',''
  ) );
#1285 = ORIENTED_EDGE('',*,*,#741,.T.);
#1286 = ORIENTED_EDGE('',*,*,#1155,.T.);
#1287 = ORIENTED_EDGE('',*,*,#1288,.F.);
#1288 = EDGE_CURVE('',#1264,#1156,#1289,.T.);
#1289 = SURFACE_CURVE('',#1290,(#1295,#1302),.PCURVE_S1.);
#1290 = CIRCLE('',#1291,6.);
#1291 = AXIS2_PLACEMENT_3D('',#1292,#1293,#1294);
#1292 = CARTESIAN_POINT('',(-42.,16.,19.));
#1293 = DIRECTION('',(1.,0.,0.));
#1294 = DIRECTION('',(0.,0.,-1.));
#1295 = PCURVE('',#756,#1296);
#1296 = DEFINITIONAL_REPRESENTATION('',(#1297),#1301);
#1297 = LINE('',#1298,#1299);
#1298 = CARTESIAN_POINT('',(-0.,8.));
#1299 = VECTOR('',#1300,1.);
#1300 = DIRECTION('',(-1.,0.));
#1301 = ( GEOMETRIC_REPRESENTATION_CONTEXT(2) 
PARAMETRIC_REPRESENTATION_CONTEXT() REPRESENTATION_CONTEXT('2D SPACE',''
  ) );
#1302 = PCURVE('',#1303,#1308);
#1303 = TOROIDAL_SURFACE('',#1304,8.,2.);
#1304 = AXIS2_PLACEMENT_3D('',#1305,#1306,#1307);
#1305 = CARTESIAN_POINT('',(-42.,16.,19.));
#1306 = DIRECTION('',(-1.,-0.,-0.));
#1307 = DIRECTION('',(0.,0.,-1.));
#1308 = DEFINITIONAL_REPRESENTATION('',(#1309),#1313);
#1309 = LINE('',#1310,#1311);
#1310 = CARTESIAN_POINT('',(-0.,3.14159265359));
#1311 = VECTOR('',#1312,1.);
#1312 = DIRECTION('',(-1.,0.));
#1313 = ( GEOMETRIC_REPRESENTATION_CONTEXT(2) 
PARAMETRIC_REPRESENTATION_CONTEXT() REPRESENTATION_CONTEXT('2D SPACE',''
  ) );
#1314 = ADVANCED_FACE('',(#1315),#791,.F.);
#1315 = FACE_BOUND('',#1316,.T.);
#1316 = EDGE_LOOP('',(#1317,#1318,#1319,#1342));
#1317 = ORIENTED_EDGE('',*,*,#1238,.F.);
#1318 = ORIENTED_EDGE('',*,*,#774,.T.);
#1319 = ORIENTED_EDGE('',*,*,#1320,.T.);
#1320 = EDGE_CURVE('',#775,#1321,#1323,.T.);
#1321 = VERTEX_POINT('',#1322);
#1322 = CARTESIAN_POINT('',(-42.,-16.,13.));
#1323 = SURFACE_CURVE('',#1324,(#1328,#1335),.PCURVE_S1.);
#1324 = LINE('',#1325,#1326);
#1325 = CARTESIAN_POINT('',(-34.,-16.,13.));
#1326 = VECTOR('',#1327,1.);
#1327 = DIRECTION('',(-1.,0.,0.));
#1328 = PCURVE('',#791,#1329);
#1329 = DEFINITIONAL_REPRESENTATION('',(#1330),#1334);
#1330 = LINE('',#1331,#1332);
#1331 = CARTESIAN_POINT('',(-1.570796326795,0.));
#1332 = VECTOR('',#1333,1.);
#1333 = DIRECTION('',(-0.,1.));
#1334 = ( GEOMETRIC_REPRESENTATION_CONTEXT(2) 
PARAMETRIC_REPRESENTATION_CONTEXT() REPRESENTATION_CONTEXT('2D SPACE',''
  ) );
#1335 = PCURVE('',#844,#1336);
#1336 = DEFINITIONAL_REPRESENTATION('',(#1337),#1341);
#1337 = LINE('',#1338,#1339);
#1338 = CARTESIAN_POINT('',(6.,0.));
#1339 = VECTOR('',#1340,1.);
#1340 = DIRECTION('',(0.,-1.));
#1341 = ( GEOMETRIC_REPRESENTATION_CONTEXT(2) 
PARAMETRIC_REPRESENTATION_CONTEXT() REPRESENTATION_CONTEXT('2D SPACE',''
  ) );
#1342 = ORIENTED_EDGE('',*,*,#1343,.F.);
#1343 = EDGE_CURVE('',#1211,#1321,#1344,.T.);
#1344 = SURFACE_CURVE('',#1345,(#1350,#1357),.PCURVE_S1.);
#1345 = CIRCLE('',#1346,6.);
#1346 = AXIS2_PLACEMENT_3D('',#1347,#1348,#1349);
#1347 = CARTESIAN_POINT('',(-42.,-16.,19.));
#1348 = DIRECTION('',(1.,0.,0.));
#1349 = DIRECTION('',(0.,-1.,0.));
#1350 = PCURVE('',#791,#1351);
#1351 = DEFINITIONAL_REPRESENTATION('',(#1352),#1356);
#1352 = LINE('',#1353,#1354);
#1353 = CARTESIAN_POINT('',(-0.,8.));
#1354 = VECTOR('',#1355,1.);
#1355 = DIRECTION('',(-1.,0.));
#1356 = ( GEOMETRIC_REPRESENTATION_CONTEXT(2) 
PARAMETRIC_REPRESENTATION_CONTEXT() REPRESENTATION_CONTEXT('2D SPACE',''
  ) );
#1357 = PCURVE('',#1358,#1363);
#1358 = TOROIDAL_SURFACE('',#1359,8.,2.);
#1359 = AXIS2_PLACEMENT_3D('',#1360,#1361,#1362);
#1360 = CARTESIAN_POINT('',(-42.,-16.,19.));
#1361 = DIRECTION('',(-1.,-0.,-0.));
#1362 = DIRECTION('',(0.,-1.,0.));
#1363 = DEFINITIONAL_REPRESENTATION('',(#1364),#1368);
#1364 = LINE('',#1365,#1366);
#1365 = CARTESIAN_POINT('',(-0.,3.14159265359));
#1366 = VECTOR('',#1367,1.);
#1367 = DIRECTION('',(-1.,0.));
#1368 = ( GEOMETRIC_REPRESENTATION_CONTEXT(2) 
PARAMETRIC_REPRESENTATION_CONTEXT() REPRESENTATION_CONTEXT('2D SPACE',''
  ) );
#1369 = ADVANCED_FACE('',(#1370),#844,.F.);
#1370 = FACE_BOUND('',#1371,.F.);
#1371 = EDGE_LOOP('',(#1372,#1373,#1399,#1400));
#1372 = ORIENTED_EDGE('',*,*,#1320,.T.);
#1373 = ORIENTED_EDGE('',*,*,#1374,.T.);
#1374 = EDGE_CURVE('',#1321,#1264,#1375,.T.);
#1375 = SURFACE_CURVE('',#1376,(#1380,#1387),.PCURVE_S1.);
#1376 = LINE('',#1377,#1378);
#1377 = CARTESIAN_POINT('',(-42.,-16.,13.));
#1378 = VECTOR('',#1379,1.);
#1379 = DIRECTION('',(0.,1.,0.));
#1380 = PCURVE('',#844,#1381);
#1381 = DEFINITIONAL_REPRESENTATION('',(#1382),#1386);
#1382 = LINE('',#1383,#1384);
#1383 = CARTESIAN_POINT('',(6.,-8.));
#1384 = VECTOR('',#1385,1.);
#1385 = DIRECTION('',(1.,0.));
#1386 = ( GEOMETRIC_REPRESENTATION_CONTEXT(2) 
PARAMETRIC_REPRESENTATION_CONTEXT() REPRESENTATION_CONTEXT('2D SPACE',''
  ) );
#1387 = PCURVE('',#1388,#1393);
#1388 = CYLINDRICAL_SURFACE('',#1389,2.);
#1389 = AXIS2_PLACEMENT_3D('',#1390,#1391,#1392);
#1390 = CARTESIAN_POINT('',(-42.,-16.,11.));
#1391 = DIRECTION('',(0.,1.,0.));
#1392 = DIRECTION('',(-1.,0.,0.));
#1393 = DEFINITIONAL_REPRESENTATION('',(#1394),#1398);
#1394 = LINE('',#1395,#1396);
#1395 = CARTESIAN_POINT('',(1.570796326795,0.));
#1396 = VECTOR('',#1397,1.);
#1397 = DIRECTION('',(0.,1.));
#1398 = ( GEOMETRIC_REPRESENTATION_CONTEXT(2) 
PARAMETRIC_REPRESENTATION_CONTEXT() REPRESENTATION_CONTEXT('2D SPACE',''
  ) );
#1399 = ORIENTED_EDGE('',*,*,#1263,.F.);
#1400 = ORIENTED_EDGE('',*,*,#830,.F.);
#1401 = ADVANCED_FACE('',(#1402),#921,.F.);
#1402 = FACE_BOUND('',#1403,.T.);
#1403 = EDGE_LOOP('',(#1404,#1425,#1426,#1447));
#1404 = ORIENTED_EDGE('',*,*,#1405,.F.);
#1405 = EDGE_CURVE('',#860,#1406,#1408,.T.);
#1406 = VERTEX_POINT('',#1407);
#1407 = CARTESIAN_POINT('',(34.,6.25,25.));
#1408 = SURFACE_CURVE('',#1409,(#1413,#1419),.PCURVE_S1.);
#1409 = LINE('',#1410,#1411);
#1410 = CARTESIAN_POINT('',(33.,5.25,25.));
#1411 = VECTOR('',#1412,1.);
#1412 = DIRECTION('',(0.707106781187,0.707106781187,8.659560562355E-17)
  );
#1413 = PCURVE('',#921,#1414);
#1414 = DEFINITIONAL_REPRESENTATION('',(#1415),#1418);
#1415 = B_SPLINE_CURVE_WITH_KNOTS('',1,(#1416,#1417),.UNSPECIFIED.,.F.,
  .F.,(2,2),(0.,1.414213562373),.PIECEWISE_BEZIER_KNOTS.);
#1416 = CARTESIAN_POINT('',(0.,0.));
#1417 = CARTESIAN_POINT('',(0.,1.));
#1418 = ( GEOMETRIC_REPRESENTATION_CONTEXT(2) 
PARAMETRIC_REPRESENTATION_CONTEXT() REPRESENTATION_CONTEXT('2D SPACE',''
  ) );
#1419 = PCURVE('',#954,#1420);
#1420 = DEFINITIONAL_REPRESENTATION('',(#1421),#1424);
#1421 = B_SPLINE_CURVE_WITH_KNOTS('',1,(#1422,#1423),.UNSPECIFIED.,.F.,
  .F.,(2,2),(0.,1.414213562373),.PIECEWISE_BEZIER_KNOTS.);
#1422 = CARTESIAN_POINT('',(-3.14159265359,0.));
#1423 = CARTESIAN_POINT('',(-3.14159265359,1.));
#1424 = ( GEOMETRIC_REPRESENTATION_CONTEXT(2) 
PARAMETRIC_REPRESENTATION_CONTEXT() REPRESENTATION_CONTEXT('2D SPACE',''
  ) );
#1425 = ORIENTED_EDGE('',*,*,#906,.T.);
#1426 = ORIENTED_EDGE('',*,*,#1427,.T.);
#1427 = EDGE_CURVE('',#884,#1428,#1430,.T.);
#1428 = VERTEX_POINT('',#1429);
#1429 = CARTESIAN_POINT('',(34.,-6.25,25.));
#1430 = SURFACE_CURVE('',#1431,(#1435,#1441),.PCURVE_S1.);
#1431 = LINE('',#1432,#1433);
#1432 = CARTESIAN_POINT('',(33.,-5.25,25.));
#1433 = VECTOR('',#1434,1.);
#1434 = DIRECTION('',(0.707106781187,-0.707106781187,0.));
#1435 = PCURVE('',#921,#1436);
#1436 = DEFINITIONAL_REPRESENTATION('',(#1437),#1440);
#1437 = B_SPLINE_CURVE_WITH_KNOTS('',1,(#1438,#1439),.UNSPECIFIED.,.F.,
  .F.,(2,2),(0.,1.414213562373),.PIECEWISE_BEZIER_KNOTS.);
#1438 = CARTESIAN_POINT('',(-3.14159265359,0.));
#1439 = CARTESIAN_POINT('',(-3.14159265359,1.));
#1440 = ( GEOMETRIC_REPRESENTATION_CONTEXT(2) 
PARAMETRIC_REPRESENTATION_CONTEXT() REPRESENTATION_CONTEXT('2D SPACE',''
  ) );
#1441 = PCURVE('',#954,#1442);
#1442 = DEFINITIONAL_REPRESENTATION('',(#1443),#1446);
#1443 = B_SPLINE_CURVE_WITH_KNOTS('',1,(#1444,#1445),.UNSPECIFIED.,.F.,
  .F.,(2,2),(0.,1.414213562373),.PIECEWISE_BEZIER_KNOTS.);
#1444 = CARTESIAN_POINT('',(0.,0.));
#1445 = CARTESIAN_POINT('',(0.,1.));
#1446 = ( GEOMETRIC_REPRESENTATION_CONTEXT(2) 
PARAMETRIC_REPRESENTATION_CONTEXT() REPRESENTATION_CONTEXT('2D SPACE',''
  ) );
#1447 = ORIENTED_EDGE('',*,*,#1448,.F.);
#1448 = EDGE_CURVE('',#1406,#1428,#1449,.T.);
#1449 = SURFACE_CURVE('',#1450,(#1455,#1462),.PCURVE_S1.);
#1450 = CIRCLE('',#1451,6.25);
#1451 = AXIS2_PLACEMENT_3D('',#1452,#1453,#1454);
#1452 = CARTESIAN_POINT('',(34.,0.,25.));
#1453 = DIRECTION('',(-1.,0.,-0.));
#1454 = DIRECTION('',(-0.,1.,0.));
#1455 = PCURVE('',#921,#1456);
#1456 = DEFINITIONAL_REPRESENTATION('',(#1457),#1461);
#1457 = LINE('',#1458,#1459);
#1458 = CARTESIAN_POINT('',(-0.,1.));
#1459 = VECTOR('',#1460,1.);
#1460 = DIRECTION('',(-1.,0.));
#1461 = ( GEOMETRIC_REPRESENTATION_CONTEXT(2) 
PARAMETRIC_REPRESENTATION_CONTEXT() REPRESENTATION_CONTEXT('2D SPACE',''
  ) );
#1462 = PCURVE('',#1463,#1468);
#1463 = PLANE('',#1464);
#1464 = AXIS2_PLACEMENT_3D('',#1465,#1466,#1467);
#1465 = CARTESIAN_POINT('',(34.,0.,25.));
#1466 = DIRECTION('',(1.,0.,0.));
#1467 = DIRECTION('',(-0.,0.,1.));
#1468 = DEFINITIONAL_REPRESENTATION('',(#1469),#1477);
#1469 = ( BOUNDED_CURVE() B_SPLINE_CURVE(2,(#1470,#1471,#1472,#1473,
#1474,#1475,#1476),.UNSPECIFIED.,.T.,.F.) B_SPLINE_CURVE_WITH_KNOTS((1,2
    ,2,2,2,1),(-2.094395102393,0.,2.094395102393,4.188790204786,
6.28318530718,8.377580409573),.UNSPECIFIED.) CURVE() 
GEOMETRIC_REPRESENTATION_ITEM() RATIONAL_B_SPLINE_CURVE((1.,0.5,1.,0.5,
1.,0.5,1.)) REPRESENTATION_ITEM('') );
#1470 = CARTESIAN_POINT('',(0.,-6.25));
#1471 = CARTESIAN_POINT('',(-10.8253175473,-6.25));
#1472 = CARTESIAN_POINT('',(-5.412658773653,3.125));
#1473 = CARTESIAN_POINT('',(-1.530808498934E-15,12.5));
#1474 = CARTESIAN_POINT('',(5.412658773653,3.125));
#1475 = CARTESIAN_POINT('',(10.825317547305,-6.25));
#1476 = CARTESIAN_POINT('',(0.,-6.25));
#1477 = ( GEOMETRIC_REPRESENTATION_CONTEXT(2) 
PARAMETRIC_REPRESENTATION_CONTEXT() REPRESENTATION_CONTEXT('2D SPACE',''
  ) );
#1478 = ADVANCED_FACE('',(#1479),#954,.F.);
#1479 = FACE_BOUND('',#1480,.T.);
#1480 = EDGE_LOOP('',(#1481,#1482,#1483,#1484));
#1481 = ORIENTED_EDGE('',*,*,#1427,.F.);
#1482 = ORIENTED_EDGE('',*,*,#939,.T.);
#1483 = ORIENTED_EDGE('',*,*,#1405,.T.);
#1484 = ORIENTED_EDGE('',*,*,#1485,.F.);
#1485 = EDGE_CURVE('',#1428,#1406,#1486,.T.);
#1486 = SURFACE_CURVE('',#1487,(#1492,#1499),.PCURVE_S1.);
#1487 = CIRCLE('',#1488,6.25);
#1488 = AXIS2_PLACEMENT_3D('',#1489,#1490,#1491);
#1489 = CARTESIAN_POINT('',(34.,0.,25.));
#1490 = DIRECTION('',(-1.,-0.,0.));
#1491 = DIRECTION('',(0.,-1.,0.));
#1492 = PCURVE('',#954,#1493);
#1493 = DEFINITIONAL_REPRESENTATION('',(#1494),#1498);
#1494 = LINE('',#1495,#1496);
#1495 = CARTESIAN_POINT('',(-0.,1.));
#1496 = VECTOR('',#1497,1.);
#1497 = DIRECTION('',(-1.,0.));
#1498 = ( GEOMETRIC_REPRESENTATION_CONTEXT(2) 
PARAMETRIC_REPRESENTATION_CONTEXT() REPRESENTATION_CONTEXT('2D SPACE',''
  ) );
#1499 = PCURVE('',#1463,#1500);
#1500 = DEFINITIONAL_REPRESENTATION('',(#1501),#1509);
#1501 = ( BOUNDED_CURVE() B_SPLINE_CURVE(2,(#1502,#1503,#1504,#1505,
#1506,#1507,#1508),.UNSPECIFIED.,.T.,.F.) B_SPLINE_CURVE_WITH_KNOTS((1,2
    ,2,2,2,1),(-2.094395102393,0.,2.094395102393,4.188790204786,
6.28318530718,8.377580409573),.UNSPECIFIED.) CURVE() 
GEOMETRIC_REPRESENTATION_ITEM() RATIONAL_B_SPLINE_CURVE((1.,0.5,1.,0.5,
1.,0.5,1.)) REPRESENTATION_ITEM('') );
#1502 = CARTESIAN_POINT('',(0.,6.25));
#1503 = CARTESIAN_POINT('',(10.825317547305,6.25));
#1504 = CARTESIAN_POINT('',(5.412658773653,-3.125));
#1505 = CARTESIAN_POINT('',(1.530808498934E-15,-12.5));
#1506 = CARTESIAN_POINT('',(-5.412658773653,-3.125));
#1507 = CARTESIAN_POINT('',(-10.8253175473,6.25));
#1508 = CARTESIAN_POINT('',(0.,6.25));
#1509 = ( GEOMETRIC_REPRESENTATION_CONTEXT(2) 
PARAMETRIC_REPRESENTATION_CONTEXT() REPRESENTATION_CONTEXT('2D SPACE',''
  ) );
#1510 = ADVANCED_FACE('',(#1511),#1008,.T.);
#1511 = FACE_BOUND('',#1512,.T.);
#1512 = EDGE_LOOP('',(#1513,#1535,#1536,#1558));
#1513 = ORIENTED_EDGE('',*,*,#1514,.T.);
#1514 = EDGE_CURVE('',#1515,#970,#1517,.T.);
#1515 = VERTEX_POINT('',#1516);
#1516 = CARTESIAN_POINT('',(-44.,16.,39.));
#1517 = SURFACE_CURVE('',#1518,(#1523,#1529),.PCURVE_S1.);
#1518 = CIRCLE('',#1519,2.);
#1519 = AXIS2_PLACEMENT_3D('',#1520,#1521,#1522);
#1520 = CARTESIAN_POINT('',(-42.,16.,39.));
#1521 = DIRECTION('',(0.,-1.,0.));
#1522 = DIRECTION('',(-1.,0.,0.));
#1523 = PCURVE('',#1008,#1524);
#1524 = DEFINITIONAL_REPRESENTATION('',(#1525),#1528);
#1525 = B_SPLINE_CURVE_WITH_KNOTS('',1,(#1526,#1527),.UNSPECIFIED.,.F.,
  .F.,(2,2),(0.,1.570796326795),.PIECEWISE_BEZIER_KNOTS.);
#1526 = CARTESIAN_POINT('',(0.,0.));
#1527 = CARTESIAN_POINT('',(1.570796326795,0.));
#1528 = ( GEOMETRIC_REPRESENTATION_CONTEXT(2) 
PARAMETRIC_REPRESENTATION_CONTEXT() REPRESENTATION_CONTEXT('2D SPACE',''
  ) );
#1529 = PCURVE('',#1085,#1530);
#1530 = DEFINITIONAL_REPRESENTATION('',(#1531),#1534);
#1531 = B_SPLINE_CURVE_WITH_KNOTS('',1,(#1532,#1533),.UNSPECIFIED.,.F.,
  .F.,(2,2),(0.,1.570796326795),.PIECEWISE_BEZIER_KNOTS.);
#1532 = CARTESIAN_POINT('',(-1.570796326795,1.570796326795));
#1533 = CARTESIAN_POINT('',(-1.570796326795,3.14159265359));
#1534 = ( GEOMETRIC_REPRESENTATION_CONTEXT(2) 
PARAMETRIC_REPRESENTATION_CONTEXT() REPRESENTATION_CONTEXT('2D SPACE',''
  ) );
#1535 = ORIENTED_EDGE('',*,*,#992,.T.);
#1536 = ORIENTED_EDGE('',*,*,#1537,.F.);
#1537 = EDGE_CURVE('',#1538,#993,#1540,.T.);
#1538 = VERTEX_POINT('',#1539);
#1539 = CARTESIAN_POINT('',(-44.,-16.,39.));
#1540 = SURFACE_CURVE('',#1541,(#1546,#1552),.PCURVE_S1.);
#1541 = CIRCLE('',#1542,2.);
#1542 = AXIS2_PLACEMENT_3D('',#1543,#1544,#1545);
#1543 = CARTESIAN_POINT('',(-42.,-16.,39.));
#1544 = DIRECTION('',(0.,-1.,0.));
#1545 = DIRECTION('',(-1.,0.,0.));
#1546 = PCURVE('',#1008,#1547);
#1547 = DEFINITIONAL_REPRESENTATION('',(#1548),#1551);
#1548 = B_SPLINE_CURVE_WITH_KNOTS('',1,(#1549,#1550),.UNSPECIFIED.,.F.,
  .F.,(2,2),(0.,1.570796326795),.PIECEWISE_BEZIER_KNOTS.);
#1549 = CARTESIAN_POINT('',(0.,32.));
#1550 = CARTESIAN_POINT('',(1.570796326795,32.));
#1551 = ( GEOMETRIC_REPRESENTATION_CONTEXT(2) 
PARAMETRIC_REPRESENTATION_CONTEXT() REPRESENTATION_CONTEXT('2D SPACE',''
  ) );
#1552 = PCURVE('',#1140,#1553);
#1553 = DEFINITIONAL_REPRESENTATION('',(#1554),#1557);
#1554 = B_SPLINE_CURVE_WITH_KNOTS('',1,(#1555,#1556),.UNSPECIFIED.,.F.,
  .F.,(2,2),(0.,1.570796326795),.PIECEWISE_BEZIER_KNOTS.);
#1555 = CARTESIAN_POINT('',(0.,1.570796326795));
#1556 = CARTESIAN_POINT('',(0.,3.14159265359));
#1557 = ( GEOMETRIC_REPRESENTATION_CONTEXT(2) 
PARAMETRIC_REPRESENTATION_CONTEXT() REPRESENTATION_CONTEXT('2D SPACE',''
  ) );
#1558 = ORIENTED_EDGE('',*,*,#1559,.F.);
#1559 = EDGE_CURVE('',#1515,#1538,#1560,.T.);
#1560 = SURFACE_CURVE('',#1561,(#1565,#1572),.PCURVE_S1.);
#1561 = LINE('',#1562,#1563);
#1562 = CARTESIAN_POINT('',(-44.,16.,39.));
#1563 = VECTOR('',#1564,1.);
#1564 = DIRECTION('',(0.,-1.,0.));
#1565 = PCURVE('',#1008,#1566);
#1566 = DEFINITIONAL_REPRESENTATION('',(#1567),#1571);
#1567 = LINE('',#1568,#1569);
#1568 = CARTESIAN_POINT('',(0.,0.));
#1569 = VECTOR('',#1570,1.);
#1570 = DIRECTION('',(0.,1.));
#1571 = ( GEOMETRIC_REPRESENTATION_CONTEXT(2) 
PARAMETRIC_REPRESENTATION_CONTEXT() REPRESENTATION_CONTEXT('2D SPACE',''
  ) );
#1572 = PCURVE('',#1573,#1578);
#1573 = PLANE('',#1574);
#1574 = AXIS2_PLACEMENT_3D('',#1575,#1576,#1577);
#1575 = CARTESIAN_POINT('',(-44.,0.,24.999999981854));
#1576 = DIRECTION('',(1.,0.,0.));
#1577 = DIRECTION('',(-0.,0.,1.));
#1578 = DEFINITIONAL_REPRESENTATION('',(#1579),#1583);
#1579 = LINE('',#1580,#1581);
#1580 = CARTESIAN_POINT('',(14.000000018146,-16.));
#1581 = VECTOR('',#1582,1.);
#1582 = DIRECTION('',(0.,1.));
#1583 = ( GEOMETRIC_REPRESENTATION_CONTEXT(2) 
PARAMETRIC_REPRESENTATION_CONTEXT() REPRESENTATION_CONTEXT('2D SPACE',''
  ) );
#1584 = ADVANCED_FACE('',(#1585),#1085,.T.);
#1585 = FACE_BOUND('',#1586,.F.);
#1586 = EDGE_LOOP('',(#1587,#1609,#1631,#1632));
#1587 = ORIENTED_EDGE('',*,*,#1588,.F.);
#1588 = EDGE_CURVE('',#1589,#1048,#1591,.T.);
#1589 = VERTEX_POINT('',#1590);
#1590 = CARTESIAN_POINT('',(-44.,24.,31.));
#1591 = SURFACE_CURVE('',#1592,(#1597,#1603),.PCURVE_S1.);
#1592 = CIRCLE('',#1593,2.);
#1593 = AXIS2_PLACEMENT_3D('',#1594,#1595,#1596);
#1594 = CARTESIAN_POINT('',(-42.,24.,31.));
#1595 = DIRECTION('',(0.,0.,1.));
#1596 = DIRECTION('',(-1.,0.,0.));
#1597 = PCURVE('',#1085,#1598);
#1598 = DEFINITIONAL_REPRESENTATION('',(#1599),#1602);
#1599 = B_SPLINE_CURVE_WITH_KNOTS('',1,(#1600,#1601),.UNSPECIFIED.,.F.,
  .F.,(2,2),(0.,1.570796326795),.PIECEWISE_BEZIER_KNOTS.);
#1600 = CARTESIAN_POINT('',(0.,1.570796326795));
#1601 = CARTESIAN_POINT('',(0.,3.14159265359));
#1602 = ( GEOMETRIC_REPRESENTATION_CONTEXT(2) 
PARAMETRIC_REPRESENTATION_CONTEXT() REPRESENTATION_CONTEXT('2D SPACE',''
  ) );
#1603 = PCURVE('',#1192,#1604);
#1604 = DEFINITIONAL_REPRESENTATION('',(#1605),#1608);
#1605 = B_SPLINE_CURVE_WITH_KNOTS('',1,(#1606,#1607),.UNSPECIFIED.,.F.,
  .F.,(2,2),(0.,1.570796326795),.PIECEWISE_BEZIER_KNOTS.);
#1606 = CARTESIAN_POINT('',(0.,12.));
#1607 = CARTESIAN_POINT('',(1.570796326795,12.));
#1608 = ( GEOMETRIC_REPRESENTATION_CONTEXT(2) 
PARAMETRIC_REPRESENTATION_CONTEXT() REPRESENTATION_CONTEXT('2D SPACE',''
  ) );
#1609 = ORIENTED_EDGE('',*,*,#1610,.T.);
#1610 = EDGE_CURVE('',#1589,#1515,#1611,.T.);
#1611 = SURFACE_CURVE('',#1612,(#1617,#1624),.PCURVE_S1.);
#1612 = CIRCLE('',#1613,8.);
#1613 = AXIS2_PLACEMENT_3D('',#1614,#1615,#1616);
#1614 = CARTESIAN_POINT('',(-44.,16.,31.));
#1615 = DIRECTION('',(1.,0.,0.));
#1616 = DIRECTION('',(-0.,1.,0.));
#1617 = PCURVE('',#1085,#1618);
#1618 = DEFINITIONAL_REPRESENTATION('',(#1619),#1623);
#1619 = LINE('',#1620,#1621);
#1620 = CARTESIAN_POINT('',(-0.,1.570796326795));
#1621 = VECTOR('',#1622,1.);
#1622 = DIRECTION('',(-1.,0.));
#1623 = ( GEOMETRIC_REPRESENTATION_CONTEXT(2) 
PARAMETRIC_REPRESENTATION_CONTEXT() REPRESENTATION_CONTEXT('2D SPACE',''
  ) );
#1624 = PCURVE('',#1573,#1625);
#1625 = DEFINITIONAL_REPRESENTATION('',(#1626),#1630);
#1626 = CIRCLE('',#1627,8.);
#1627 = AXIS2_PLACEMENT_2D('',#1628,#1629);
#1628 = CARTESIAN_POINT('',(6.000000018146,-16.));
#1629 = DIRECTION('',(0.,-1.));
#1630 = ( GEOMETRIC_REPRESENTATION_CONTEXT(2) 
PARAMETRIC_REPRESENTATION_CONTEXT() REPRESENTATION_CONTEXT('2D SPACE',''
  ) );
#1631 = ORIENTED_EDGE('',*,*,#1514,.T.);
#1632 = ORIENTED_EDGE('',*,*,#1070,.F.);
#1633 = ADVANCED_FACE('',(#1634),#1140,.T.);
#1634 = FACE_BOUND('',#1635,.F.);
#1635 = EDGE_LOOP('',(#1636,#1637,#1661,#1681));
#1636 = ORIENTED_EDGE('',*,*,#1537,.F.);
#1637 = ORIENTED_EDGE('',*,*,#1638,.T.);
#1638 = EDGE_CURVE('',#1538,#1639,#1641,.T.);
#1639 = VERTEX_POINT('',#1640);
#1640 = CARTESIAN_POINT('',(-44.,-24.,31.));
#1641 = SURFACE_CURVE('',#1642,(#1647,#1654),.PCURVE_S1.);
#1642 = CIRCLE('',#1643,8.);
#1643 = AXIS2_PLACEMENT_3D('',#1644,#1645,#1646);
#1644 = CARTESIAN_POINT('',(-44.,-16.,31.));
#1645 = DIRECTION('',(1.,0.,0.));
#1646 = DIRECTION('',(-0.,0.,1.));
#1647 = PCURVE('',#1140,#1648);
#1648 = DEFINITIONAL_REPRESENTATION('',(#1649),#1653);
#1649 = LINE('',#1650,#1651);
#1650 = CARTESIAN_POINT('',(-0.,1.570796326795));
#1651 = VECTOR('',#1652,1.);
#1652 = DIRECTION('',(-1.,0.));
#1653 = ( GEOMETRIC_REPRESENTATION_CONTEXT(2) 
PARAMETRIC_REPRESENTATION_CONTEXT() REPRESENTATION_CONTEXT('2D SPACE',''
  ) );
#1654 = PCURVE('',#1573,#1655);
#1655 = DEFINITIONAL_REPRESENTATION('',(#1656),#1660);
#1656 = CIRCLE('',#1657,8.);
#1657 = AXIS2_PLACEMENT_2D('',#1658,#1659);
#1658 = CARTESIAN_POINT('',(6.000000018146,16.));
#1659 = DIRECTION('',(1.,0.));
#1660 = ( GEOMETRIC_REPRESENTATION_CONTEXT(2) 
PARAMETRIC_REPRESENTATION_CONTEXT() REPRESENTATION_CONTEXT('2D SPACE',''
  ) );
#1661 = ORIENTED_EDGE('',*,*,#1662,.T.);
#1662 = EDGE_CURVE('',#1639,#1103,#1663,.T.);
#1663 = SURFACE_CURVE('',#1664,(#1669,#1675),.PCURVE_S1.);
#1664 = CIRCLE('',#1665,2.);
#1665 = AXIS2_PLACEMENT_3D('',#1666,#1667,#1668);
#1666 = CARTESIAN_POINT('',(-42.,-24.,31.));
#1667 = DIRECTION('',(0.,-6.123233995737E-17,-1.));
#1668 = DIRECTION('',(0.,-1.,6.123233995737E-17));
#1669 = PCURVE('',#1140,#1670);
#1670 = DEFINITIONAL_REPRESENTATION('',(#1671),#1674);
#1671 = B_SPLINE_CURVE_WITH_KNOTS('',1,(#1672,#1673),.UNSPECIFIED.,.F.,
  .F.,(2,2),(1.570796326795,3.14159265359),.PIECEWISE_BEZIER_KNOTS.);
#1672 = CARTESIAN_POINT('',(-1.570796326795,1.570796326795));
#1673 = CARTESIAN_POINT('',(-1.570796326795,3.14159265359));
#1674 = ( GEOMETRIC_REPRESENTATION_CONTEXT(2) 
PARAMETRIC_REPRESENTATION_CONTEXT() REPRESENTATION_CONTEXT('2D SPACE',''
  ) );
#1675 = PCURVE('',#1226,#1676);
#1676 = DEFINITIONAL_REPRESENTATION('',(#1677),#1680);
#1677 = B_SPLINE_CURVE_WITH_KNOTS('',1,(#1678,#1679),.UNSPECIFIED.,.F.,
  .F.,(2,2),(1.570796326795,3.14159265359),.PIECEWISE_BEZIER_KNOTS.);
#1678 = CARTESIAN_POINT('',(0.,0.));
#1679 = CARTESIAN_POINT('',(1.570796326795,0.));
#1680 = ( GEOMETRIC_REPRESENTATION_CONTEXT(2) 
PARAMETRIC_REPRESENTATION_CONTEXT() REPRESENTATION_CONTEXT('2D SPACE',''
  ) );
#1681 = ORIENTED_EDGE('',*,*,#1125,.F.);
#1682 = ADVANCED_FACE('',(#1683),#1192,.T.);
#1683 = FACE_BOUND('',#1684,.T.);
#1684 = EDGE_LOOP('',(#1685,#1707,#1708,#1709));
#1685 = ORIENTED_EDGE('',*,*,#1686,.T.);
#1686 = EDGE_CURVE('',#1687,#1156,#1689,.T.);
#1687 = VERTEX_POINT('',#1688);
#1688 = CARTESIAN_POINT('',(-44.,24.,19.));
#1689 = SURFACE_CURVE('',#1690,(#1695,#1701),.PCURVE_S1.);
#1690 = CIRCLE('',#1691,2.);
#1691 = AXIS2_PLACEMENT_3D('',#1692,#1693,#1694);
#1692 = CARTESIAN_POINT('',(-42.,24.,19.));
#1693 = DIRECTION('',(0.,6.123233995737E-17,1.));
#1694 = DIRECTION('',(0.,1.,-6.123233995737E-17));
#1695 = PCURVE('',#1192,#1696);
#1696 = DEFINITIONAL_REPRESENTATION('',(#1697),#1700);
#1697 = B_SPLINE_CURVE_WITH_KNOTS('',1,(#1698,#1699),.UNSPECIFIED.,.F.,
  .F.,(2,2),(1.570796326795,3.14159265359),.PIECEWISE_BEZIER_KNOTS.);
#1698 = CARTESIAN_POINT('',(0.,0.));
#1699 = CARTESIAN_POINT('',(1.570796326795,0.));
#1700 = ( GEOMETRIC_REPRESENTATION_CONTEXT(2) 
PARAMETRIC_REPRESENTATION_CONTEXT() REPRESENTATION_CONTEXT('2D SPACE',''
  ) );
#1701 = PCURVE('',#1303,#1702);
#1702 = DEFINITIONAL_REPRESENTATION('',(#1703),#1706);
#1703 = B_SPLINE_CURVE_WITH_KNOTS('',1,(#1704,#1705),.UNSPECIFIED.,.F.,
  .F.,(2,2),(1.570796326795,3.14159265359),.PIECEWISE_BEZIER_KNOTS.);
#1704 = CARTESIAN_POINT('',(-1.570796326795,1.570796326795));
#1705 = CARTESIAN_POINT('',(-1.570796326795,3.14159265359));
#1706 = ( GEOMETRIC_REPRESENTATION_CONTEXT(2) 
PARAMETRIC_REPRESENTATION_CONTEXT() REPRESENTATION_CONTEXT('2D SPACE',''
  ) );
#1707 = ORIENTED_EDGE('',*,*,#1178,.T.);
#1708 = ORIENTED_EDGE('',*,*,#1588,.F.);
#1709 = ORIENTED_EDGE('',*,*,#1710,.F.);
#1710 = EDGE_CURVE('',#1687,#1589,#1711,.T.);
#1711 = SURFACE_CURVE('',#1712,(#1716,#1723),.PCURVE_S1.);
#1712 = LINE('',#1713,#1714);
#1713 = CARTESIAN_POINT('',(-44.,24.,19.));
#1714 = VECTOR('',#1715,1.);
#1715 = DIRECTION('',(0.,0.,1.));
#1716 = PCURVE('',#1192,#1717);
#1717 = DEFINITIONAL_REPRESENTATION('',(#1718),#1722);
#1718 = LINE('',#1719,#1720);
#1719 = CARTESIAN_POINT('',(0.,0.));
#1720 = VECTOR('',#1721,1.);
#1721 = DIRECTION('',(0.,1.));
#1722 = ( GEOMETRIC_REPRESENTATION_CONTEXT(2) 
PARAMETRIC_REPRESENTATION_CONTEXT() REPRESENTATION_CONTEXT('2D SPACE',''
  ) );
#1723 = PCURVE('',#1573,#1724);
#1724 = DEFINITIONAL_REPRESENTATION('',(#1725),#1729);
#1725 = LINE('',#1726,#1727);
#1726 = CARTESIAN_POINT('',(-5.999999981854,-24.));
#1727 = VECTOR('',#1728,1.);
#1728 = DIRECTION('',(1.,0.));
#1729 = ( GEOMETRIC_REPRESENTATION_CONTEXT(2) 
PARAMETRIC_REPRESENTATION_CONTEXT() REPRESENTATION_CONTEXT('2D SPACE',''
  ) );
#1730 = ADVANCED_FACE('',(#1731),#1226,.T.);
#1731 = FACE_BOUND('',#1732,.T.);
#1732 = EDGE_LOOP('',(#1733,#1734,#1735,#1757));
#1733 = ORIENTED_EDGE('',*,*,#1662,.T.);
#1734 = ORIENTED_EDGE('',*,*,#1210,.T.);
#1735 = ORIENTED_EDGE('',*,*,#1736,.F.);
#1736 = EDGE_CURVE('',#1737,#1211,#1739,.T.);
#1737 = VERTEX_POINT('',#1738);
#1738 = CARTESIAN_POINT('',(-44.,-24.,19.));
#1739 = SURFACE_CURVE('',#1740,(#1745,#1751),.PCURVE_S1.);
#1740 = CIRCLE('',#1741,2.);
#1741 = AXIS2_PLACEMENT_3D('',#1742,#1743,#1744);
#1742 = CARTESIAN_POINT('',(-42.,-24.,19.));
#1743 = DIRECTION('',(0.,0.,-1.));
#1744 = DIRECTION('',(-1.,-0.,-0.));
#1745 = PCURVE('',#1226,#1746);
#1746 = DEFINITIONAL_REPRESENTATION('',(#1747),#1750);
#1747 = B_SPLINE_CURVE_WITH_KNOTS('',1,(#1748,#1749),.UNSPECIFIED.,.F.,
  .F.,(2,2),(0.,1.570796326795),.PIECEWISE_BEZIER_KNOTS.);
#1748 = CARTESIAN_POINT('',(0.,12.));
#1749 = CARTESIAN_POINT('',(1.570796326795,12.));
#1750 = ( GEOMETRIC_REPRESENTATION_CONTEXT(2) 
PARAMETRIC_REPRESENTATION_CONTEXT() REPRESENTATION_CONTEXT('2D SPACE',''
  ) );
#1751 = PCURVE('',#1358,#1752);
#1752 = DEFINITIONAL_REPRESENTATION('',(#1753),#1756);
#1753 = B_SPLINE_CURVE_WITH_KNOTS('',1,(#1754,#1755),.UNSPECIFIED.,.F.,
  .F.,(2,2),(0.,1.570796326795),.PIECEWISE_BEZIER_KNOTS.);
#1754 = CARTESIAN_POINT('',(0.,1.570796326795));
#1755 = CARTESIAN_POINT('',(0.,3.14159265359));
#1756 = ( GEOMETRIC_REPRESENTATION_CONTEXT(2) 
PARAMETRIC_REPRESENTATION_CONTEXT() REPRESENTATION_CONTEXT('2D SPACE',''
  ) );
#1757 = ORIENTED_EDGE('',*,*,#1758,.F.);
#1758 = EDGE_CURVE('',#1639,#1737,#1759,.T.);
#1759 = SURFACE_CURVE('',#1760,(#1764,#1771),.PCURVE_S1.);
#1760 = LINE('',#1761,#1762);
#1761 = CARTESIAN_POINT('',(-44.,-24.,31.));
#1762 = VECTOR('',#1763,1.);
#1763 = DIRECTION('',(0.,0.,-1.));
#1764 = PCURVE('',#1226,#1765);
#1765 = DEFINITIONAL_REPRESENTATION('',(#1766),#1770);
#1766 = LINE('',#1767,#1768);
#1767 = CARTESIAN_POINT('',(0.,0.));
#1768 = VECTOR('',#1769,1.);
#1769 = DIRECTION('',(0.,1.));
#1770 = ( GEOMETRIC_REPRESENTATION_CONTEXT(2) 
PARAMETRIC_REPRESENTATION_CONTEXT() REPRESENTATION_CONTEXT('2D SPACE',''
  ) );
#1771 = PCURVE('',#1573,#1772);
#1772 = DEFINITIONAL_REPRESENTATION('',(#1773),#1777);
#1773 = LINE('',#1774,#1775);
#1774 = CARTESIAN_POINT('',(6.000000018146,24.));
#1775 = VECTOR('',#1776,1.);
#1776 = DIRECTION('',(-1.,0.));
#1777 = ( GEOMETRIC_REPRESENTATION_CONTEXT(2) 
PARAMETRIC_REPRESENTATION_CONTEXT() REPRESENTATION_CONTEXT('2D SPACE',''
  ) );
#1778 = ADVANCED_FACE('',(#1779),#1303,.T.);
#1779 = FACE_BOUND('',#1780,.F.);
#1780 = EDGE_LOOP('',(#1781,#1803,#1825,#1826));
#1781 = ORIENTED_EDGE('',*,*,#1782,.F.);
#1782 = EDGE_CURVE('',#1783,#1264,#1785,.T.);
#1783 = VERTEX_POINT('',#1784);
#1784 = CARTESIAN_POINT('',(-44.,16.,11.));
#1785 = SURFACE_CURVE('',#1786,(#1791,#1797),.PCURVE_S1.);
#1786 = CIRCLE('',#1787,2.);
#1787 = AXIS2_PLACEMENT_3D('',#1788,#1789,#1790);
#1788 = CARTESIAN_POINT('',(-42.,16.,11.));
#1789 = DIRECTION('',(0.,1.,0.));
#1790 = DIRECTION('',(-1.,0.,0.));
#1791 = PCURVE('',#1303,#1792);
#1792 = DEFINITIONAL_REPRESENTATION('',(#1793),#1796);
#1793 = B_SPLINE_CURVE_WITH_KNOTS('',1,(#1794,#1795),.UNSPECIFIED.,.F.,
  .F.,(2,2),(0.,1.570796326795),.PIECEWISE_BEZIER_KNOTS.);
#1794 = CARTESIAN_POINT('',(0.,1.570796326795));
#1795 = CARTESIAN_POINT('',(0.,3.14159265359));
#1796 = ( GEOMETRIC_REPRESENTATION_CONTEXT(2) 
PARAMETRIC_REPRESENTATION_CONTEXT() REPRESENTATION_CONTEXT('2D SPACE',''
  ) );
#1797 = PCURVE('',#1388,#1798);
#1798 = DEFINITIONAL_REPRESENTATION('',(#1799),#1802);
#1799 = B_SPLINE_CURVE_WITH_KNOTS('',1,(#1800,#1801),.UNSPECIFIED.,.F.,
  .F.,(2,2),(0.,1.570796326795),.PIECEWISE_BEZIER_KNOTS.);
#1800 = CARTESIAN_POINT('',(0.,32.));
#1801 = CARTESIAN_POINT('',(1.570796326795,32.));
#1802 = ( GEOMETRIC_REPRESENTATION_CONTEXT(2) 
PARAMETRIC_REPRESENTATION_CONTEXT() REPRESENTATION_CONTEXT('2D SPACE',''
  ) );
#1803 = ORIENTED_EDGE('',*,*,#1804,.T.);
#1804 = EDGE_CURVE('',#1783,#1687,#1805,.T.);
#1805 = SURFACE_CURVE('',#1806,(#1811,#1818),.PCURVE_S1.);
#1806 = CIRCLE('',#1807,8.);
#1807 = AXIS2_PLACEMENT_3D('',#1808,#1809,#1810);
#1808 = CARTESIAN_POINT('',(-44.,16.,19.));
#1809 = DIRECTION('',(1.,0.,0.));
#1810 = DIRECTION('',(0.,0.,-1.));
#1811 = PCURVE('',#1303,#1812);
#1812 = DEFINITIONAL_REPRESENTATION('',(#1813),#1817);
#1813 = LINE('',#1814,#1815);
#1814 = CARTESIAN_POINT('',(-0.,1.570796326795));
#1815 = VECTOR('',#1816,1.);
#1816 = DIRECTION('',(-1.,0.));
#1817 = ( GEOMETRIC_REPRESENTATION_CONTEXT(2) 
PARAMETRIC_REPRESENTATION_CONTEXT() REPRESENTATION_CONTEXT('2D SPACE',''
  ) );
#1818 = PCURVE('',#1573,#1819);
#1819 = DEFINITIONAL_REPRESENTATION('',(#1820),#1824);
#1820 = CIRCLE('',#1821,8.);
#1821 = AXIS2_PLACEMENT_2D('',#1822,#1823);
#1822 = CARTESIAN_POINT('',(-5.999999981854,-16.));
#1823 = DIRECTION('',(-1.,0.));
#1824 = ( GEOMETRIC_REPRESENTATION_CONTEXT(2) 
PARAMETRIC_REPRESENTATION_CONTEXT() REPRESENTATION_CONTEXT('2D SPACE',''
  ) );
#1825 = ORIENTED_EDGE('',*,*,#1686,.T.);
#1826 = ORIENTED_EDGE('',*,*,#1288,.F.);
#1827 = ADVANCED_FACE('',(#1828),#1358,.T.);
#1828 = FACE_BOUND('',#1829,.F.);
#1829 = EDGE_LOOP('',(#1830,#1831,#1855,#1875));
#1830 = ORIENTED_EDGE('',*,*,#1736,.F.);
#1831 = ORIENTED_EDGE('',*,*,#1832,.T.);
#1832 = EDGE_CURVE('',#1737,#1833,#1835,.T.);
#1833 = VERTEX_POINT('',#1834);
#1834 = CARTESIAN_POINT('',(-44.,-16.,11.));
#1835 = SURFACE_CURVE('',#1836,(#1841,#1848),.PCURVE_S1.);
#1836 = CIRCLE('',#1837,8.);
#1837 = AXIS2_PLACEMENT_3D('',#1838,#1839,#1840);
#1838 = CARTESIAN_POINT('',(-44.,-16.,19.));
#1839 = DIRECTION('',(1.,0.,0.));
#1840 = DIRECTION('',(0.,-1.,0.));
#1841 = PCURVE('',#1358,#1842);
#1842 = DEFINITIONAL_REPRESENTATION('',(#1843),#1847);
#1843 = LINE('',#1844,#1845);
#1844 = CARTESIAN_POINT('',(-0.,1.570796326795));
#1845 = VECTOR('',#1846,1.);
#1846 = DIRECTION('',(-1.,0.));
#1847 = ( GEOMETRIC_REPRESENTATION_CONTEXT(2) 
PARAMETRIC_REPRESENTATION_CONTEXT() REPRESENTATION_CONTEXT('2D SPACE',''
  ) );
#1848 = PCURVE('',#1573,#1849);
#1849 = DEFINITIONAL_REPRESENTATION('',(#1850),#1854);
#1850 = CIRCLE('',#1851,8.);
#1851 = AXIS2_PLACEMENT_2D('',#1852,#1853);
#1852 = CARTESIAN_POINT('',(-5.999999981854,16.));
#1853 = DIRECTION('',(0.,1.));
#1854 = ( GEOMETRIC_REPRESENTATION_CONTEXT(2) 
PARAMETRIC_REPRESENTATION_CONTEXT() REPRESENTATION_CONTEXT('2D SPACE',''
  ) );
#1855 = ORIENTED_EDGE('',*,*,#1856,.T.);
#1856 = EDGE_CURVE('',#1833,#1321,#1857,.T.);
#1857 = SURFACE_CURVE('',#1858,(#1863,#1869),.PCURVE_S1.);
#1858 = CIRCLE('',#1859,2.);
#1859 = AXIS2_PLACEMENT_3D('',#1860,#1861,#1862);
#1860 = CARTESIAN_POINT('',(-42.,-16.,11.));
#1861 = DIRECTION('',(0.,1.,-6.123233995737E-17));
#1862 = DIRECTION('',(0.,-6.123233995737E-17,-1.));
#1863 = PCURVE('',#1358,#1864);
#1864 = DEFINITIONAL_REPRESENTATION('',(#1865),#1868);
#1865 = B_SPLINE_CURVE_WITH_KNOTS('',1,(#1866,#1867),.UNSPECIFIED.,.F.,
  .F.,(2,2),(1.570796326795,3.14159265359),.PIECEWISE_BEZIER_KNOTS.);
#1866 = CARTESIAN_POINT('',(-1.570796326795,1.570796326795));
#1867 = CARTESIAN_POINT('',(-1.570796326795,3.14159265359));
#1868 = ( GEOMETRIC_REPRESENTATION_CONTEXT(2) 
PARAMETRIC_REPRESENTATION_CONTEXT() REPRESENTATION_CONTEXT('2D SPACE',''
  ) );
#1869 = PCURVE('',#1388,#1870);
#1870 = DEFINITIONAL_REPRESENTATION('',(#1871),#1874);
#1871 = B_SPLINE_CURVE_WITH_KNOTS('',1,(#1872,#1873),.UNSPECIFIED.,.F.,
  .F.,(2,2),(1.570796326795,3.14159265359),.PIECEWISE_BEZIER_KNOTS.);
#1872 = CARTESIAN_POINT('',(0.,0.));
#1873 = CARTESIAN_POINT('',(1.570796326795,0.));
#1874 = ( GEOMETRIC_REPRESENTATION_CONTEXT(2) 
PARAMETRIC_REPRESENTATION_CONTEXT() REPRESENTATION_CONTEXT('2D SPACE',''
  ) );
#1875 = ORIENTED_EDGE('',*,*,#1343,.F.);
#1876 = ADVANCED_FACE('',(#1877),#1388,.T.);
#1877 = FACE_BOUND('',#1878,.T.);
#1878 = EDGE_LOOP('',(#1879,#1880,#1881,#1882));
#1879 = ORIENTED_EDGE('',*,*,#1856,.T.);
#1880 = ORIENTED_EDGE('',*,*,#1374,.T.);
#1881 = ORIENTED_EDGE('',*,*,#1782,.F.);
#1882 = ORIENTED_EDGE('',*,*,#1883,.F.);
#1883 = EDGE_CURVE('',#1833,#1783,#1884,.T.);
#1884 = SURFACE_CURVE('',#1885,(#1889,#1896),.PCURVE_S1.);
#1885 = LINE('',#1886,#1887);
#1886 = CARTESIAN_POINT('',(-44.,-16.,11.));
#1887 = VECTOR('',#1888,1.);
#1888 = DIRECTION('',(0.,1.,0.));
#1889 = PCURVE('',#1388,#1890);
#1890 = DEFINITIONAL_REPRESENTATION('',(#1891),#1895);
#1891 = LINE('',#1892,#1893);
#1892 = CARTESIAN_POINT('',(0.,0.));
#1893 = VECTOR('',#1894,1.);
#1894 = DIRECTION('',(0.,1.));
#1895 = ( GEOMETRIC_REPRESENTATION_CONTEXT(2) 
PARAMETRIC_REPRESENTATION_CONTEXT() REPRESENTATION_CONTEXT('2D SPACE',''
  ) );
#1896 = PCURVE('',#1573,#1897);
#1897 = DEFINITIONAL_REPRESENTATION('',(#1898),#1902);
#1898 = LINE('',#1899,#1900);
#1899 = CARTESIAN_POINT('',(-13.99999998185,16.));
#1900 = VECTOR('',#1901,1.);
#1901 = DIRECTION('',(0.,-1.));
#1902 = ( GEOMETRIC_REPRESENTATION_CONTEXT(2) 
PARAMETRIC_REPRESENTATION_CONTEXT() REPRESENTATION_CONTEXT('2D SPACE',''
  ) );
#1903 = ADVANCED_FACE('',(#1904,#1908),#1463,.T.);
#1904 = FACE_BOUND('',#1905,.T.);
#1905 = EDGE_LOOP('',(#1906,#1907));
#1906 = ORIENTED_EDGE('',*,*,#1485,.T.);
#1907 = ORIENTED_EDGE('',*,*,#1448,.T.);
#1908 = FACE_BOUND('',#1909,.T.);
#1909 = EDGE_LOOP('',(#1910,#1940,#1969,#1997,#2026,#2054,#2083,#2111));
#1910 = ORIENTED_EDGE('',*,*,#1911,.T.);
#1911 = EDGE_CURVE('',#1912,#1914,#1916,.T.);
#1912 = VERTEX_POINT('',#1913);
#1913 = CARTESIAN_POINT('',(34.,16.,35.));
#1914 = VERTEX_POINT('',#1915);
#1915 = CARTESIAN_POINT('',(34.,-16.,35.));
#1916 = SURFACE_CURVE('',#1917,(#1921,#1928),.PCURVE_S1.);
#1917 = LINE('',#1918,#1919);
#1918 = CARTESIAN_POINT('',(34.,16.,35.));
#1919 = VECTOR('',#1920,1.);
#1920 = DIRECTION('',(0.,-1.,0.));
#1921 = PCURVE('',#1463,#1922);
#1922 = DEFINITIONAL_REPRESENTATION('',(#1923),#1927);
#1923 = LINE('',#1924,#1925);
#1924 = CARTESIAN_POINT('',(10.,-16.));
#1925 = VECTOR('',#1926,1.);
#1926 = DIRECTION('',(0.,1.));
#1927 = ( GEOMETRIC_REPRESENTATION_CONTEXT(2) 
PARAMETRIC_REPRESENTATION_CONTEXT() REPRESENTATION_CONTEXT('2D SPACE',''
  ) );
#1928 = PCURVE('',#1929,#1934);
#1929 = CYLINDRICAL_SURFACE('',#1930,2.);
#1930 = AXIS2_PLACEMENT_3D('',#1931,#1932,#1933);
#1931 = CARTESIAN_POINT('',(36.,16.,35.));
#1932 = DIRECTION('',(0.,-1.,0.));
#1933 = DIRECTION('',(-0.,0.,1.));
#1934 = DEFINITIONAL_REPRESENTATION('',(#1935),#1939);
#1935 = LINE('',#1936,#1937);
#1936 = CARTESIAN_POINT('',(1.570796326795,0.));
#1937 = VECTOR('',#1938,1.);
#1938 = DIRECTION('',(0.,1.));
#1939 = ( GEOMETRIC_REPRESENTATION_CONTEXT(2) 
PARAMETRIC_REPRESENTATION_CONTEXT() REPRESENTATION_CONTEXT('2D SPACE',''
  ) );
#1940 = ORIENTED_EDGE('',*,*,#1941,.T.);
#1941 = EDGE_CURVE('',#1914,#1942,#1944,.T.);
#1942 = VERTEX_POINT('',#1943);
#1943 = CARTESIAN_POINT('',(34.,-20.,31.));
#1944 = SURFACE_CURVE('',#1945,(#1950,#1957),.PCURVE_S1.);
#1945 = CIRCLE('',#1946,4.);
#1946 = AXIS2_PLACEMENT_3D('',#1947,#1948,#1949);
#1947 = CARTESIAN_POINT('',(34.,-16.,31.));
#1948 = DIRECTION('',(1.,0.,0.));
#1949 = DIRECTION('',(-0.,0.,1.));
#1950 = PCURVE('',#1463,#1951);
#1951 = DEFINITIONAL_REPRESENTATION('',(#1952),#1956);
#1952 = CIRCLE('',#1953,4.);
#1953 = AXIS2_PLACEMENT_2D('',#1954,#1955);
#1954 = CARTESIAN_POINT('',(6.,16.));
#1955 = DIRECTION('',(1.,0.));
#1956 = ( GEOMETRIC_REPRESENTATION_CONTEXT(2) 
PARAMETRIC_REPRESENTATION_CONTEXT() REPRESENTATION_CONTEXT('2D SPACE',''
  ) );
#1957 = PCURVE('',#1958,#1963);
#1958 = TOROIDAL_SURFACE('',#1959,4.,2.);
#1959 = AXIS2_PLACEMENT_3D('',#1960,#1961,#1962);
#1960 = CARTESIAN_POINT('',(36.,-16.,31.));
#1961 = DIRECTION('',(-1.,-0.,-0.));
#1962 = DIRECTION('',(-0.,0.,1.));
#1963 = DEFINITIONAL_REPRESENTATION('',(#1964),#1968);
#1964 = LINE('',#1965,#1966);
#1965 = CARTESIAN_POINT('',(-0.,1.570796326795));
#1966 = VECTOR('',#1967,1.);
#1967 = DIRECTION('',(-1.,0.));
#1968 = ( GEOMETRIC_REPRESENTATION_CONTEXT(2) 
PARAMETRIC_REPRESENTATION_CONTEXT() REPRESENTATION_CONTEXT('2D SPACE',''
  ) );
#1969 = ORIENTED_EDGE('',*,*,#1970,.T.);
#1970 = EDGE_CURVE('',#1942,#1971,#1973,.T.);
#1971 = VERTEX_POINT('',#1972);
#1972 = CARTESIAN_POINT('',(34.,-20.,19.));
#1973 = SURFACE_CURVE('',#1974,(#1978,#1985),.PCURVE_S1.);
#1974 = LINE('',#1975,#1976);
#1975 = CARTESIAN_POINT('',(34.,-20.,31.));
#1976 = VECTOR('',#1977,1.);
#1977 = DIRECTION('',(0.,0.,-1.));
#1978 = PCURVE('',#1463,#1979);
#1979 = DEFINITIONAL_REPRESENTATION('',(#1980),#1984);
#1980 = LINE('',#1981,#1982);
#1981 = CARTESIAN_POINT('',(6.,20.));
#1982 = VECTOR('',#1983,1.);
#1983 = DIRECTION('',(-1.,0.));
#1984 = ( GEOMETRIC_REPRESENTATION_CONTEXT(2) 
PARAMETRIC_REPRESENTATION_CONTEXT() REPRESENTATION_CONTEXT('2D SPACE',''
  ) );
#1985 = PCURVE('',#1986,#1991);
#1986 = CYLINDRICAL_SURFACE('',#1987,2.);
#1987 = AXIS2_PLACEMENT_3D('',#1988,#1989,#1990);
#1988 = CARTESIAN_POINT('',(36.,-20.,31.));
#1989 = DIRECTION('',(0.,0.,-1.));
#1990 = DIRECTION('',(0.,-1.,-0.));
#1991 = DEFINITIONAL_REPRESENTATION('',(#1992),#1996);
#1992 = LINE('',#1993,#1994);
#1993 = CARTESIAN_POINT('',(1.570796326795,0.));
#1994 = VECTOR('',#1995,1.);
#1995 = DIRECTION('',(0.,1.));
#1996 = ( GEOMETRIC_REPRESENTATION_CONTEXT(2) 
PARAMETRIC_REPRESENTATION_CONTEXT() REPRESENTATION_CONTEXT('2D SPACE',''
  ) );
#1997 = ORIENTED_EDGE('',*,*,#1998,.T.);
#1998 = EDGE_CURVE('',#1971,#1999,#2001,.T.);
#1999 = VERTEX_POINT('',#2000);
#2000 = CARTESIAN_POINT('',(34.,-16.,15.));
#2001 = SURFACE_CURVE('',#2002,(#2007,#2014),.PCURVE_S1.);
#2002 = CIRCLE('',#2003,4.);
#2003 = AXIS2_PLACEMENT_3D('',#2004,#2005,#2006);
#2004 = CARTESIAN_POINT('',(34.,-16.,19.));
#2005 = DIRECTION('',(1.,0.,0.));
#2006 = DIRECTION('',(0.,-1.,0.));
#2007 = PCURVE('',#1463,#2008);
#2008 = DEFINITIONAL_REPRESENTATION('',(#2009),#2013);
#2009 = CIRCLE('',#2010,4.);
#2010 = AXIS2_PLACEMENT_2D('',#2011,#2012);
#2011 = CARTESIAN_POINT('',(-6.,16.));
#2012 = DIRECTION('',(0.,1.));
#2013 = ( GEOMETRIC_REPRESENTATION_CONTEXT(2) 
PARAMETRIC_REPRESENTATION_CONTEXT() REPRESENTATION_CONTEXT('2D SPACE',''
  ) );
#2014 = PCURVE('',#2015,#2020);
#2015 = TOROIDAL_SURFACE('',#2016,4.,2.);
#2016 = AXIS2_PLACEMENT_3D('',#2017,#2018,#2019);
#2017 = CARTESIAN_POINT('',(36.,-16.,19.));
#2018 = DIRECTION('',(-1.,-0.,-0.));
#2019 = DIRECTION('',(0.,-1.,0.));
#2020 = DEFINITIONAL_REPRESENTATION('',(#2021),#2025);
#2021 = LINE('',#2022,#2023);
#2022 = CARTESIAN_POINT('',(-0.,1.570796326795));
#2023 = VECTOR('',#2024,1.);
#2024 = DIRECTION('',(-1.,0.));
#2025 = ( GEOMETRIC_REPRESENTATION_CONTEXT(2) 
PARAMETRIC_REPRESENTATION_CONTEXT() REPRESENTATION_CONTEXT('2D SPACE',''
  ) );
#2026 = ORIENTED_EDGE('',*,*,#2027,.T.);
#2027 = EDGE_CURVE('',#1999,#2028,#2030,.T.);
#2028 = VERTEX_POINT('',#2029);
#2029 = CARTESIAN_POINT('',(34.,16.,15.));
#2030 = SURFACE_CURVE('',#2031,(#2035,#2042),.PCURVE_S1.);
#2031 = LINE('',#2032,#2033);
#2032 = CARTESIAN_POINT('',(34.,-16.,15.));
#2033 = VECTOR('',#2034,1.);
#2034 = DIRECTION('',(0.,1.,0.));
#2035 = PCURVE('',#1463,#2036);
#2036 = DEFINITIONAL_REPRESENTATION('',(#2037),#2041);
#2037 = LINE('',#2038,#2039);
#2038 = CARTESIAN_POINT('',(-10.,16.));
#2039 = VECTOR('',#2040,1.);
#2040 = DIRECTION('',(0.,-1.));
#2041 = ( GEOMETRIC_REPRESENTATION_CONTEXT(2) 
PARAMETRIC_REPRESENTATION_CONTEXT() REPRESENTATION_CONTEXT('2D SPACE',''
  ) );
#2042 = PCURVE('',#2043,#2048);
#2043 = CYLINDRICAL_SURFACE('',#2044,2.);
#2044 = AXIS2_PLACEMENT_3D('',#2045,#2046,#2047);
#2045 = CARTESIAN_POINT('',(36.,-16.,15.));
#2046 = DIRECTION('',(0.,1.,0.));
#2047 = DIRECTION('',(-0.,0.,-1.));
#2048 = DEFINITIONAL_REPRESENTATION('',(#2049),#2053);
#2049 = LINE('',#2050,#2051);
#2050 = CARTESIAN_POINT('',(1.570796326795,0.));
#2051 = VECTOR('',#2052,1.);
#2052 = DIRECTION('',(0.,1.));
#2053 = ( GEOMETRIC_REPRESENTATION_CONTEXT(2) 
PARAMETRIC_REPRESENTATION_CONTEXT() REPRESENTATION_CONTEXT('2D SPACE',''
  ) );
#2054 = ORIENTED_EDGE('',*,*,#2055,.T.);
#2055 = EDGE_CURVE('',#2028,#2056,#2058,.T.);
#2056 = VERTEX_POINT('',#2057);
#2057 = CARTESIAN_POINT('',(34.,20.,19.));
#2058 = SURFACE_CURVE('',#2059,(#2064,#2071),.PCURVE_S1.);
#2059 = CIRCLE('',#2060,4.);
#2060 = AXIS2_PLACEMENT_3D('',#2061,#2062,#2063);
#2061 = CARTESIAN_POINT('',(34.,16.,19.));
#2062 = DIRECTION('',(1.,0.,0.));
#2063 = DIRECTION('',(0.,0.,-1.));
#2064 = PCURVE('',#1463,#2065);
#2065 = DEFINITIONAL_REPRESENTATION('',(#2066),#2070);
#2066 = CIRCLE('',#2067,4.);
#2067 = AXIS2_PLACEMENT_2D('',#2068,#2069);
#2068 = CARTESIAN_POINT('',(-6.,-16.));
#2069 = DIRECTION('',(-1.,0.));
#2070 = ( GEOMETRIC_REPRESENTATION_CONTEXT(2) 
PARAMETRIC_REPRESENTATION_CONTEXT() REPRESENTATION_CONTEXT('2D SPACE',''
  ) );
#2071 = PCURVE('',#2072,#2077);
#2072 = TOROIDAL_SURFACE('',#2073,4.,2.);
#2073 = AXIS2_PLACEMENT_3D('',#2074,#2075,#2076);
#2074 = CARTESIAN_POINT('',(36.,16.,19.));
#2075 = DIRECTION('',(-1.,-0.,-0.));
#2076 = DIRECTION('',(0.,0.,-1.));
#2077 = DEFINITIONAL_REPRESENTATION('',(#2078),#2082);
#2078 = LINE('',#2079,#2080);
#2079 = CARTESIAN_POINT('',(-0.,1.570796326795));
#2080 = VECTOR('',#2081,1.);
#2081 = DIRECTION('',(-1.,0.));
#2082 = ( GEOMETRIC_REPRESENTATION_CONTEXT(2) 
PARAMETRIC_REPRESENTATION_CONTEXT() REPRESENTATION_CONTEXT('2D SPACE',''
  ) );
#2083 = ORIENTED_EDGE('',*,*,#2084,.T.);
#2084 = EDGE_CURVE('',#2056,#2085,#2087,.T.);
#2085 = VERTEX_POINT('',#2086);
#2086 = CARTESIAN_POINT('',(34.,20.,31.));
#2087 = SURFACE_CURVE('',#2088,(#2092,#2099),.PCURVE_S1.);
#2088 = LINE('',#2089,#2090);
#2089 = CARTESIAN_POINT('',(34.,20.,19.));
#2090 = VECTOR('',#2091,1.);
#2091 = DIRECTION('',(0.,0.,1.));
#2092 = PCURVE('',#1463,#2093);
#2093 = DEFINITIONAL_REPRESENTATION('',(#2094),#2098);
#2094 = LINE('',#2095,#2096);
#2095 = CARTESIAN_POINT('',(-6.,-20.));
#2096 = VECTOR('',#2097,1.);
#2097 = DIRECTION('',(1.,0.));
#2098 = ( GEOMETRIC_REPRESENTATION_CONTEXT(2) 
PARAMETRIC_REPRESENTATION_CONTEXT() REPRESENTATION_CONTEXT('2D SPACE',''
  ) );
#2099 = PCURVE('',#2100,#2105);
#2100 = CYLINDRICAL_SURFACE('',#2101,2.);
#2101 = AXIS2_PLACEMENT_3D('',#2102,#2103,#2104);
#2102 = CARTESIAN_POINT('',(36.,20.,19.));
#2103 = DIRECTION('',(0.,0.,1.));
#2104 = DIRECTION('',(-0.,1.,0.));
#2105 = DEFINITIONAL_REPRESENTATION('',(#2106),#2110);
#2106 = LINE('',#2107,#2108);
#2107 = CARTESIAN_POINT('',(1.570796326795,0.));
#2108 = VECTOR('',#2109,1.);
#2109 = DIRECTION('',(0.,1.));
#2110 = ( GEOMETRIC_REPRESENTATION_CONTEXT(2) 
PARAMETRIC_REPRESENTATION_CONTEXT() REPRESENTATION_CONTEXT('2D SPACE',''
  ) );
#2111 = ORIENTED_EDGE('',*,*,#2112,.T.);
#2112 = EDGE_CURVE('',#2085,#1912,#2113,.T.);
#2113 = SURFACE_CURVE('',#2114,(#2119,#2126),.PCURVE_S1.);
#2114 = CIRCLE('',#2115,4.);
#2115 = AXIS2_PLACEMENT_3D('',#2116,#2117,#2118);
#2116 = CARTESIAN_POINT('',(34.,16.,31.));
#2117 = DIRECTION('',(1.,0.,0.));
#2118 = DIRECTION('',(-0.,1.,0.));
#2119 = PCURVE('',#1463,#2120);
#2120 = DEFINITIONAL_REPRESENTATION('',(#2121),#2125);
#2121 = CIRCLE('',#2122,4.);
#2122 = AXIS2_PLACEMENT_2D('',#2123,#2124);
#2123 = CARTESIAN_POINT('',(6.,-16.));
#2124 = DIRECTION('',(0.,-1.));
#2125 = ( GEOMETRIC_REPRESENTATION_CONTEXT(2) 
PARAMETRIC_REPRESENTATION_CONTEXT() REPRESENTATION_CONTEXT('2D SPACE',''
  ) );
#2126 = PCURVE('',#2127,#2132);
#2127 = TOROIDAL_SURFACE('',#2128,4.,2.);
#2128 = AXIS2_PLACEMENT_3D('',#2129,#2130,#2131);
#2129 = CARTESIAN_POINT('',(36.,16.,31.));
#2130 = DIRECTION('',(-1.,-0.,-0.));
#2131 = DIRECTION('',(-0.,1.,0.));
#2132 = DEFINITIONAL_REPRESENTATION('',(#2133),#2137);
#2133 = LINE('',#2134,#2135);
#2134 = CARTESIAN_POINT('',(-0.,1.570796326795));
#2135 = VECTOR('',#2136,1.);
#2136 = DIRECTION('',(-1.,0.));
#2137 = ( GEOMETRIC_REPRESENTATION_CONTEXT(2) 
PARAMETRIC_REPRESENTATION_CONTEXT() REPRESENTATION_CONTEXT('2D SPACE',''
  ) );
#2138 = ADVANCED_FACE('',(#2139,#2369),#1573,.F.);
#2139 = FACE_BOUND('',#2140,.F.);
#2140 = EDGE_LOOP('',(#2141,#2171,#2200,#2228,#2257,#2285,#2314,#2342));
#2141 = ORIENTED_EDGE('',*,*,#2142,.T.);
#2142 = EDGE_CURVE('',#2143,#2145,#2147,.T.);
#2143 = VERTEX_POINT('',#2144);
#2144 = CARTESIAN_POINT('',(-44.,30.,42.999999981854));
#2145 = VERTEX_POINT('',#2146);
#2146 = CARTESIAN_POINT('',(-44.,-30.,42.999999981854));
#2147 = SURFACE_CURVE('',#2148,(#2152,#2159),.PCURVE_S1.);
#2148 = LINE('',#2149,#2150);
#2149 = CARTESIAN_POINT('',(-44.,30.,42.999999981854));
#2150 = VECTOR('',#2151,1.);
#2151 = DIRECTION('',(0.,-1.,0.));
#2152 = PCURVE('',#1573,#2153);
#2153 = DEFINITIONAL_REPRESENTATION('',(#2154),#2158);
#2154 = LINE('',#2155,#2156);
#2155 = CARTESIAN_POINT('',(18.,-30.));
#2156 = VECTOR('',#2157,1.);
#2157 = DIRECTION('',(0.,1.));
#2158 = ( GEOMETRIC_REPRESENTATION_CONTEXT(2) 
PARAMETRIC_REPRESENTATION_CONTEXT() REPRESENTATION_CONTEXT('2D SPACE',''
  ) );
#2159 = PCURVE('',#2160,#2165);
#2160 = CYLINDRICAL_SURFACE('',#2161,2.);
#2161 = AXIS2_PLACEMENT_3D('',#2162,#2163,#2164);
#2162 = CARTESIAN_POINT('',(-46.,30.,42.999999981854));
#2163 = DIRECTION('',(0.,-1.,0.));
#2164 = DIRECTION('',(0.,0.,1.));
#2165 = DEFINITIONAL_REPRESENTATION('',(#2166),#2170);
#2166 = LINE('',#2167,#2168);
#2167 = CARTESIAN_POINT('',(-1.570796326795,0.));
#2168 = VECTOR('',#2169,1.);
#2169 = DIRECTION('',(-0.,1.));
#2170 = ( GEOMETRIC_REPRESENTATION_CONTEXT(2) 
PARAMETRIC_REPRESENTATION_CONTEXT() REPRESENTATION_CONTEXT('2D SPACE',''
  ) );
#2171 = ORIENTED_EDGE('',*,*,#2172,.T.);
#2172 = EDGE_CURVE('',#2145,#2173,#2175,.T.);
#2173 = VERTEX_POINT('',#2174);
#2174 = CARTESIAN_POINT('',(-44.,-38.,34.999999981854));
#2175 = SURFACE_CURVE('',#2176,(#2181,#2188),.PCURVE_S1.);
#2176 = CIRCLE('',#2177,8.);
#2177 = AXIS2_PLACEMENT_3D('',#2178,#2179,#2180);
#2178 = CARTESIAN_POINT('',(-44.,-30.,34.999999981854));
#2179 = DIRECTION('',(1.,0.,0.));
#2180 = DIRECTION('',(-0.,0.,1.));
#2181 = PCURVE('',#1573,#2182);
#2182 = DEFINITIONAL_REPRESENTATION('',(#2183),#2187);
#2183 = CIRCLE('',#2184,8.);
#2184 = AXIS2_PLACEMENT_2D('',#2185,#2186);
#2185 = CARTESIAN_POINT('',(10.,30.));
#2186 = DIRECTION('',(1.,0.));
#2187 = ( GEOMETRIC_REPRESENTATION_CONTEXT(2) 
PARAMETRIC_REPRESENTATION_CONTEXT() REPRESENTATION_CONTEXT('2D SPACE',''
  ) );
#2188 = PCURVE('',#2189,#2194);
#2189 = TOROIDAL_SURFACE('',#2190,8.,2.);
#2190 = AXIS2_PLACEMENT_3D('',#2191,#2192,#2193);
#2191 = CARTESIAN_POINT('',(-46.,-30.,34.999999981854));
#2192 = DIRECTION('',(1.,0.,0.));
#2193 = DIRECTION('',(-0.,0.,1.));
#2194 = DEFINITIONAL_REPRESENTATION('',(#2195),#2199);
#2195 = LINE('',#2196,#2197);
#2196 = CARTESIAN_POINT('',(0.,1.570796326795));
#2197 = VECTOR('',#2198,1.);
#2198 = DIRECTION('',(1.,0.));
#2199 = ( GEOMETRIC_REPRESENTATION_CONTEXT(2) 
PARAMETRIC_REPRESENTATION_CONTEXT() REPRESENTATION_CONTEXT('2D SPACE',''
  ) );
#2200 = ORIENTED_EDGE('',*,*,#2201,.T.);
#2201 = EDGE_CURVE('',#2173,#2202,#2204,.T.);
#2202 = VERTEX_POINT('',#2203);
#2203 = CARTESIAN_POINT('',(-44.,-38.,14.999999981854));
#2204 = SURFACE_CURVE('',#2205,(#2209,#2216),.PCURVE_S1.);
#2205 = LINE('',#2206,#2207);
#2206 = CARTESIAN_POINT('',(-44.,-38.,34.999999981854));
#2207 = VECTOR('',#2208,1.);
#2208 = DIRECTION('',(0.,0.,-1.));
#2209 = PCURVE('',#1573,#2210);
#2210 = DEFINITIONAL_REPRESENTATION('',(#2211),#2215);
#2211 = LINE('',#2212,#2213);
#2212 = CARTESIAN_POINT('',(10.,38.));
#2213 = VECTOR('',#2214,1.);
#2214 = DIRECTION('',(-1.,0.));
#2215 = ( GEOMETRIC_REPRESENTATION_CONTEXT(2) 
PARAMETRIC_REPRESENTATION_CONTEXT() REPRESENTATION_CONTEXT('2D SPACE',''
  ) );
#2216 = PCURVE('',#2217,#2222);
#2217 = CYLINDRICAL_SURFACE('',#2218,2.);
#2218 = AXIS2_PLACEMENT_3D('',#2219,#2220,#2221);
#2219 = CARTESIAN_POINT('',(-46.,-38.,34.999999981854));
#2220 = DIRECTION('',(0.,0.,-1.));
#2221 = DIRECTION('',(0.,-1.,0.));
#2222 = DEFINITIONAL_REPRESENTATION('',(#2223),#2227);
#2223 = LINE('',#2224,#2225);
#2224 = CARTESIAN_POINT('',(-1.570796326795,0.));
#2225 = VECTOR('',#2226,1.);
#2226 = DIRECTION('',(-0.,1.));
#2227 = ( GEOMETRIC_REPRESENTATION_CONTEXT(2) 
PARAMETRIC_REPRESENTATION_CONTEXT() REPRESENTATION_CONTEXT('2D SPACE',''
  ) );
#2228 = ORIENTED_EDGE('',*,*,#2229,.T.);
#2229 = EDGE_CURVE('',#2202,#2230,#2232,.T.);
#2230 = VERTEX_POINT('',#2231);
#2231 = CARTESIAN_POINT('',(-44.,-30.,6.999999981854));
#2232 = SURFACE_CURVE('',#2233,(#2238,#2245),.PCURVE_S1.);
#2233 = CIRCLE('',#2234,8.);
#2234 = AXIS2_PLACEMENT_3D('',#2235,#2236,#2237);
#2235 = CARTESIAN_POINT('',(-44.,-30.,14.999999981854));
#2236 = DIRECTION('',(1.,0.,0.));
#2237 = DIRECTION('',(0.,-1.,0.));
#2238 = PCURVE('',#1573,#2239);
#2239 = DEFINITIONAL_REPRESENTATION('',(#2240),#2244);
#2240 = CIRCLE('',#2241,8.);
#2241 = AXIS2_PLACEMENT_2D('',#2242,#2243);
#2242 = CARTESIAN_POINT('',(-10.,30.));
#2243 = DIRECTION('',(0.,1.));
#2244 = ( GEOMETRIC_REPRESENTATION_CONTEXT(2) 
PARAMETRIC_REPRESENTATION_CONTEXT() REPRESENTATION_CONTEXT('2D SPACE',''
  ) );
#2245 = PCURVE('',#2246,#2251);
#2246 = TOROIDAL_SURFACE('',#2247,8.,2.);
#2247 = AXIS2_PLACEMENT_3D('',#2248,#2249,#2250);
#2248 = CARTESIAN_POINT('',(-46.,-30.,14.999999981854));
#2249 = DIRECTION('',(1.,0.,0.));
#2250 = DIRECTION('',(0.,-1.,0.));
#2251 = DEFINITIONAL_REPRESENTATION('',(#2252),#2256);
#2252 = LINE('',#2253,#2254);
#2253 = CARTESIAN_POINT('',(0.,1.570796326795));
#2254 = VECTOR('',#2255,1.);
#2255 = DIRECTION('',(1.,0.));
#2256 = ( GEOMETRIC_REPRESENTATION_CONTEXT(2) 
PARAMETRIC_REPRESENTATION_CONTEXT() REPRESENTATION_CONTEXT('2D SPACE',''
  ) );
#2257 = ORIENTED_EDGE('',*,*,#2258,.T.);
#2258 = EDGE_CURVE('',#2230,#2259,#2261,.T.);
#2259 = VERTEX_POINT('',#2260);
#2260 = CARTESIAN_POINT('',(-44.,30.,6.999999981854));
#2261 = SURFACE_CURVE('',#2262,(#2266,#2273),.PCURVE_S1.);
#2262 = LINE('',#2263,#2264);
#2263 = CARTESIAN_POINT('',(-44.,-30.,6.999999981854));
#2264 = VECTOR('',#2265,1.);
#2265 = DIRECTION('',(0.,1.,0.));
#2266 = PCURVE('',#1573,#2267);
#2267 = DEFINITIONAL_REPRESENTATION('',(#2268),#2272);
#2268 = LINE('',#2269,#2270);
#2269 = CARTESIAN_POINT('',(-18.,30.));
#2270 = VECTOR('',#2271,1.);
#2271 = DIRECTION('',(0.,-1.));
#2272 = ( GEOMETRIC_REPRESENTATION_CONTEXT(2) 
PARAMETRIC_REPRESENTATION_CONTEXT() REPRESENTATION_CONTEXT('2D SPACE',''
  ) );
#2273 = PCURVE('',#2274,#2279);
#2274 = CYLINDRICAL_SURFACE('',#2275,2.);
#2275 = AXIS2_PLACEMENT_3D('',#2276,#2277,#2278);
#2276 = CARTESIAN_POINT('',(-46.,-30.,6.999999981854));
#2277 = DIRECTION('',(0.,1.,0.));
#2278 = DIRECTION('',(0.,0.,-1.));
#2279 = DEFINITIONAL_REPRESENTATION('',(#2280),#2284);
#2280 = LINE('',#2281,#2282);
#2281 = CARTESIAN_POINT('',(-1.570796326795,0.));
#2282 = VECTOR('',#2283,1.);
#2283 = DIRECTION('',(-0.,1.));
#2284 = ( GEOMETRIC_REPRESENTATION_CONTEXT(2) 
PARAMETRIC_REPRESENTATION_CONTEXT() REPRESENTATION_CONTEXT('2D SPACE',''
  ) );
#2285 = ORIENTED_EDGE('',*,*,#2286,.T.);
#2286 = EDGE_CURVE('',#2259,#2287,#2289,.T.);
#2287 = VERTEX_POINT('',#2288);
#2288 = CARTESIAN_POINT('',(-44.,38.,14.999999981854));
#2289 = SURFACE_CURVE('',#2290,(#2295,#2302),.PCURVE_S1.);
#2290 = CIRCLE('',#2291,8.);
#2291 = AXIS2_PLACEMENT_3D('',#2292,#2293,#2294);
#2292 = CARTESIAN_POINT('',(-44.,30.,14.999999981854));
#2293 = DIRECTION('',(1.,0.,0.));
#2294 = DIRECTION('',(0.,0.,-1.));
#2295 = PCURVE('',#1573,#2296);
#2296 = DEFINITIONAL_REPRESENTATION('',(#2297),#2301);
#2297 = CIRCLE('',#2298,8.);
#2298 = AXIS2_PLACEMENT_2D('',#2299,#2300);
#2299 = CARTESIAN_POINT('',(-10.,-30.));
#2300 = DIRECTION('',(-1.,0.));
#2301 = ( GEOMETRIC_REPRESENTATION_CONTEXT(2) 
PARAMETRIC_REPRESENTATION_CONTEXT() REPRESENTATION_CONTEXT('2D SPACE',''
  ) );
#2302 = PCURVE('',#2303,#2308);
#2303 = TOROIDAL_SURFACE('',#2304,8.,2.);
#2304 = AXIS2_PLACEMENT_3D('',#2305,#2306,#2307);
#2305 = CARTESIAN_POINT('',(-46.,30.,14.999999981854));
#2306 = DIRECTION('',(1.,0.,0.));
#2307 = DIRECTION('',(0.,0.,-1.));
#2308 = DEFINITIONAL_REPRESENTATION('',(#2309),#2313);
#2309 = LINE('',#2310,#2311);
#2310 = CARTESIAN_POINT('',(0.,1.570796326795));
#2311 = VECTOR('',#2312,1.);
#2312 = DIRECTION('',(1.,0.));
#2313 = ( GEOMETRIC_REPRESENTATION_CONTEXT(2) 
PARAMETRIC_REPRESENTATION_CONTEXT() REPRESENTATION_CONTEXT('2D SPACE',''
  ) );
#2314 = ORIENTED_EDGE('',*,*,#2315,.T.);
#2315 = EDGE_CURVE('',#2287,#2316,#2318,.T.);
#2316 = VERTEX_POINT('',#2317);
#2317 = CARTESIAN_POINT('',(-44.,38.,34.999999981854));
#2318 = SURFACE_CURVE('',#2319,(#2323,#2330),.PCURVE_S1.);
#2319 = LINE('',#2320,#2321);
#2320 = CARTESIAN_POINT('',(-44.,38.,14.999999981854));
#2321 = VECTOR('',#2322,1.);
#2322 = DIRECTION('',(0.,0.,1.));
#2323 = PCURVE('',#1573,#2324);
#2324 = DEFINITIONAL_REPRESENTATION('',(#2325),#2329);
#2325 = LINE('',#2326,#2327);
#2326 = CARTESIAN_POINT('',(-10.,-38.));
#2327 = VECTOR('',#2328,1.);
#2328 = DIRECTION('',(1.,0.));
#2329 = ( GEOMETRIC_REPRESENTATION_CONTEXT(2) 
PARAMETRIC_REPRESENTATION_CONTEXT() REPRESENTATION_CONTEXT('2D SPACE',''
  ) );
#2330 = PCURVE('',#2331,#2336);
#2331 = CYLINDRICAL_SURFACE('',#2332,2.);
#2332 = AXIS2_PLACEMENT_3D('',#2333,#2334,#2335);
#2333 = CARTESIAN_POINT('',(-46.,38.,14.999999981854));
#2334 = DIRECTION('',(0.,0.,1.));
#2335 = DIRECTION('',(0.,1.,-0.));
#2336 = DEFINITIONAL_REPRESENTATION('',(#2337),#2341);
#2337 = LINE('',#2338,#2339);
#2338 = CARTESIAN_POINT('',(-1.570796326795,0.));
#2339 = VECTOR('',#2340,1.);
#2340 = DIRECTION('',(-0.,1.));
#2341 = ( GEOMETRIC_REPRESENTATION_CONTEXT(2) 
PARAMETRIC_REPRESENTATION_CONTEXT() REPRESENTATION_CONTEXT('2D SPACE',''
  ) );
#2342 = ORIENTED_EDGE('',*,*,#2343,.T.);
#2343 = EDGE_CURVE('',#2316,#2143,#2344,.T.);
#2344 = SURFACE_CURVE('',#2345,(#2350,#2357),.PCURVE_S1.);
#2345 = CIRCLE('',#2346,8.);
#2346 = AXIS2_PLACEMENT_3D('',#2347,#2348,#2349);
#2347 = CARTESIAN_POINT('',(-44.,30.,34.999999981854));
#2348 = DIRECTION('',(1.,0.,0.));
#2349 = DIRECTION('',(-0.,1.,0.));
#2350 = PCURVE('',#1573,#2351);
#2351 = DEFINITIONAL_REPRESENTATION('',(#2352),#2356);
#2352 = CIRCLE('',#2353,8.);
#2353 = AXIS2_PLACEMENT_2D('',#2354,#2355);
#2354 = CARTESIAN_POINT('',(10.,-30.));
#2355 = DIRECTION('',(0.,-1.));
#2356 = ( GEOMETRIC_REPRESENTATION_CONTEXT(2) 
PARAMETRIC_REPRESENTATION_CONTEXT() REPRESENTATION_CONTEXT('2D SPACE',''
  ) );
#2357 = PCURVE('',#2358,#2363);
#2358 = TOROIDAL_SURFACE('',#2359,8.,2.);
#2359 = AXIS2_PLACEMENT_3D('',#2360,#2361,#2362);
#2360 = CARTESIAN_POINT('',(-46.,30.,34.999999981854));
#2361 = DIRECTION('',(1.,0.,0.));
#2362 = DIRECTION('',(-0.,1.,0.));
#2363 = DEFINITIONAL_REPRESENTATION('',(#2364),#2368);
#2364 = LINE('',#2365,#2366);
#2365 = CARTESIAN_POINT('',(0.,1.570796326795));
#2366 = VECTOR('',#2367,1.);
#2367 = DIRECTION('',(1.,0.));
#2368 = ( GEOMETRIC_REPRESENTATION_CONTEXT(2) 
PARAMETRIC_REPRESENTATION_CONTEXT() REPRESENTATION_CONTEXT('2D SPACE',''
  ) );
#2369 = FACE_BOUND('',#2370,.F.);
#2370 = EDGE_LOOP('',(#2371,#2372,#2373,#2374,#2375,#2376,#2377,#2378));
#2371 = ORIENTED_EDGE('',*,*,#1559,.F.);
#2372 = ORIENTED_EDGE('',*,*,#1610,.F.);
#2373 = ORIENTED_EDGE('',*,*,#1710,.F.);
#2374 = ORIENTED_EDGE('',*,*,#1804,.F.);
#2375 = ORIENTED_EDGE('',*,*,#1883,.F.);
#2376 = ORIENTED_EDGE('',*,*,#1832,.F.);
#2377 = ORIENTED_EDGE('',*,*,#1758,.F.);
#2378 = ORIENTED_EDGE('',*,*,#1638,.F.);
#2379 = ADVANCED_FACE('',(#2380),#1929,.F.);
#2380 = FACE_BOUND('',#2381,.F.);
#2381 = EDGE_LOOP('',(#2382,#2404,#2405,#2427));
#2382 = ORIENTED_EDGE('',*,*,#2383,.T.);
#2383 = EDGE_CURVE('',#2384,#1912,#2386,.T.);
#2384 = VERTEX_POINT('',#2385);
#2385 = CARTESIAN_POINT('',(36.,16.,37.));
#2386 = SURFACE_CURVE('',#2387,(#2392,#2398),.PCURVE_S1.);
#2387 = CIRCLE('',#2388,2.);
#2388 = AXIS2_PLACEMENT_3D('',#2389,#2390,#2391);
#2389 = CARTESIAN_POINT('',(36.,16.,35.));
#2390 = DIRECTION('',(0.,-1.,0.));
#2391 = DIRECTION('',(-0.,0.,1.));
#2392 = PCURVE('',#1929,#2393);
#2393 = DEFINITIONAL_REPRESENTATION('',(#2394),#2397);
#2394 = B_SPLINE_CURVE_WITH_KNOTS('',1,(#2395,#2396),.UNSPECIFIED.,.F.,
  .F.,(2,2),(0.,1.570796326795),.PIECEWISE_BEZIER_KNOTS.);
#2395 = CARTESIAN_POINT('',(0.,0.));
#2396 = CARTESIAN_POINT('',(1.570796326795,0.));
#2397 = ( GEOMETRIC_REPRESENTATION_CONTEXT(2) 
PARAMETRIC_REPRESENTATION_CONTEXT() REPRESENTATION_CONTEXT('2D SPACE',''
  ) );
#2398 = PCURVE('',#2127,#2399);
#2399 = DEFINITIONAL_REPRESENTATION('',(#2400),#2403);
#2400 = B_SPLINE_CURVE_WITH_KNOTS('',1,(#2401,#2402),.UNSPECIFIED.,.F.,
  .F.,(2,2),(0.,1.570796326795),.PIECEWISE_BEZIER_KNOTS.);
#2401 = CARTESIAN_POINT('',(-1.570796326795,0.));
#2402 = CARTESIAN_POINT('',(-1.570796326795,1.570796326795));
#2403 = ( GEOMETRIC_REPRESENTATION_CONTEXT(2) 
PARAMETRIC_REPRESENTATION_CONTEXT() REPRESENTATION_CONTEXT('2D SPACE',''
  ) );
#2404 = ORIENTED_EDGE('',*,*,#1911,.T.);
#2405 = ORIENTED_EDGE('',*,*,#2406,.F.);
#2406 = EDGE_CURVE('',#2407,#1914,#2409,.T.);
#2407 = VERTEX_POINT('',#2408);
#2408 = CARTESIAN_POINT('',(36.,-16.,37.));
#2409 = SURFACE_CURVE('',#2410,(#2415,#2421),.PCURVE_S1.);
#2410 = CIRCLE('',#2411,2.);
#2411 = AXIS2_PLACEMENT_3D('',#2412,#2413,#2414);
#2412 = CARTESIAN_POINT('',(36.,-16.,35.));
#2413 = DIRECTION('',(0.,-1.,0.));
#2414 = DIRECTION('',(-0.,0.,1.));
#2415 = PCURVE('',#1929,#2416);
#2416 = DEFINITIONAL_REPRESENTATION('',(#2417),#2420);
#2417 = B_SPLINE_CURVE_WITH_KNOTS('',1,(#2418,#2419),.UNSPECIFIED.,.F.,
  .F.,(2,2),(0.,1.570796326795),.PIECEWISE_BEZIER_KNOTS.);
#2418 = CARTESIAN_POINT('',(0.,32.));
#2419 = CARTESIAN_POINT('',(1.570796326795,32.));
#2420 = ( GEOMETRIC_REPRESENTATION_CONTEXT(2) 
PARAMETRIC_REPRESENTATION_CONTEXT() REPRESENTATION_CONTEXT('2D SPACE',''
  ) );
#2421 = PCURVE('',#1958,#2422);
#2422 = DEFINITIONAL_REPRESENTATION('',(#2423),#2426);
#2423 = B_SPLINE_CURVE_WITH_KNOTS('',1,(#2424,#2425),.UNSPECIFIED.,.F.,
  .F.,(2,2),(0.,1.570796326795),.PIECEWISE_BEZIER_KNOTS.);
#2424 = CARTESIAN_POINT('',(0.,0.));
#2425 = CARTESIAN_POINT('',(0.,1.570796326795));
#2426 = ( GEOMETRIC_REPRESENTATION_CONTEXT(2) 
PARAMETRIC_REPRESENTATION_CONTEXT() REPRESENTATION_CONTEXT('2D SPACE',''
  ) );
#2427 = ORIENTED_EDGE('',*,*,#2428,.F.);
#2428 = EDGE_CURVE('',#2384,#2407,#2429,.T.);
#2429 = SURFACE_CURVE('',#2430,(#2434,#2441),.PCURVE_S1.);
#2430 = LINE('',#2431,#2432);
#2431 = CARTESIAN_POINT('',(36.,16.,37.));
#2432 = VECTOR('',#2433,1.);
#2433 = DIRECTION('',(0.,-1.,0.));
#2434 = PCURVE('',#1929,#2435);
#2435 = DEFINITIONAL_REPRESENTATION('',(#2436),#2440);
#2436 = LINE('',#2437,#2438);
#2437 = CARTESIAN_POINT('',(0.,0.));
#2438 = VECTOR('',#2439,1.);
#2439 = DIRECTION('',(0.,1.));
#2440 = ( GEOMETRIC_REPRESENTATION_CONTEXT(2) 
PARAMETRIC_REPRESENTATION_CONTEXT() REPRESENTATION_CONTEXT('2D SPACE',''
  ) );
#2441 = PCURVE('',#2442,#2447);
#2442 = PLANE('',#2443);
#2443 = AXIS2_PLACEMENT_3D('',#2444,#2445,#2446);
#2444 = CARTESIAN_POINT('',(34.,22.,37.));
#2445 = DIRECTION('',(0.,0.,-1.));
#2446 = DIRECTION('',(0.,-1.,0.));
#2447 = DEFINITIONAL_REPRESENTATION('',(#2448),#2452);
#2448 = LINE('',#2449,#2450);
#2449 = CARTESIAN_POINT('',(6.,-2.));
#2450 = VECTOR('',#2451,1.);
#2451 = DIRECTION('',(1.,0.));
#2452 = ( GEOMETRIC_REPRESENTATION_CONTEXT(2) 
PARAMETRIC_REPRESENTATION_CONTEXT() REPRESENTATION_CONTEXT('2D SPACE',''
  ) );
#2453 = ADVANCED_FACE('',(#2454),#2127,.F.);
#2454 = FACE_BOUND('',#2455,.T.);
#2455 = EDGE_LOOP('',(#2456,#2478,#2505,#2506));
#2456 = ORIENTED_EDGE('',*,*,#2457,.F.);
#2457 = EDGE_CURVE('',#2458,#2085,#2460,.T.);
#2458 = VERTEX_POINT('',#2459);
#2459 = CARTESIAN_POINT('',(36.,22.,31.));
#2460 = SURFACE_CURVE('',#2461,(#2466,#2472),.PCURVE_S1.);
#2461 = CIRCLE('',#2462,2.);
#2462 = AXIS2_PLACEMENT_3D('',#2463,#2464,#2465);
#2463 = CARTESIAN_POINT('',(36.,20.,31.));
#2464 = DIRECTION('',(0.,0.,1.));
#2465 = DIRECTION('',(-0.,1.,0.));
#2466 = PCURVE('',#2127,#2467);
#2467 = DEFINITIONAL_REPRESENTATION('',(#2468),#2471);
#2468 = B_SPLINE_CURVE_WITH_KNOTS('',1,(#2469,#2470),.UNSPECIFIED.,.F.,
  .F.,(2,2),(0.,1.570796326795),.PIECEWISE_BEZIER_KNOTS.);
#2469 = CARTESIAN_POINT('',(0.,0.));
#2470 = CARTESIAN_POINT('',(0.,1.570796326795));
#2471 = ( GEOMETRIC_REPRESENTATION_CONTEXT(2) 
PARAMETRIC_REPRESENTATION_CONTEXT() REPRESENTATION_CONTEXT('2D SPACE',''
  ) );
#2472 = PCURVE('',#2100,#2473);
#2473 = DEFINITIONAL_REPRESENTATION('',(#2474),#2477);
#2474 = B_SPLINE_CURVE_WITH_KNOTS('',1,(#2475,#2476),.UNSPECIFIED.,.F.,
  .F.,(2,2),(0.,1.570796326795),.PIECEWISE_BEZIER_KNOTS.);
#2475 = CARTESIAN_POINT('',(0.,12.));
#2476 = CARTESIAN_POINT('',(1.570796326795,12.));
#2477 = ( GEOMETRIC_REPRESENTATION_CONTEXT(2) 
PARAMETRIC_REPRESENTATION_CONTEXT() REPRESENTATION_CONTEXT('2D SPACE',''
  ) );
#2478 = ORIENTED_EDGE('',*,*,#2479,.T.);
#2479 = EDGE_CURVE('',#2458,#2384,#2480,.T.);
#2480 = SURFACE_CURVE('',#2481,(#2486,#2493),.PCURVE_S1.);
#2481 = CIRCLE('',#2482,6.);
#2482 = AXIS2_PLACEMENT_3D('',#2483,#2484,#2485);
#2483 = CARTESIAN_POINT('',(36.,16.,31.));
#2484 = DIRECTION('',(1.,0.,0.));
#2485 = DIRECTION('',(-0.,1.,0.));
#2486 = PCURVE('',#2127,#2487);
#2487 = DEFINITIONAL_REPRESENTATION('',(#2488),#2492);
#2488 = LINE('',#2489,#2490);
#2489 = CARTESIAN_POINT('',(-0.,0.));
#2490 = VECTOR('',#2491,1.);
#2491 = DIRECTION('',(-1.,0.));
#2492 = ( GEOMETRIC_REPRESENTATION_CONTEXT(2) 
PARAMETRIC_REPRESENTATION_CONTEXT() REPRESENTATION_CONTEXT('2D SPACE',''
  ) );
#2493 = PCURVE('',#2494,#2499);
#2494 = CYLINDRICAL_SURFACE('',#2495,6.);
#2495 = AXIS2_PLACEMENT_3D('',#2496,#2497,#2498);
#2496 = CARTESIAN_POINT('',(34.,16.,31.));
#2497 = DIRECTION('',(1.,0.,0.));
#2498 = DIRECTION('',(0.,-0.,1.));
#2499 = DEFINITIONAL_REPRESENTATION('',(#2500),#2504);
#2500 = LINE('',#2501,#2502);
#2501 = CARTESIAN_POINT('',(-1.570796326795,2.));
#2502 = VECTOR('',#2503,1.);
#2503 = DIRECTION('',(1.,-0.));
#2504 = ( GEOMETRIC_REPRESENTATION_CONTEXT(2) 
PARAMETRIC_REPRESENTATION_CONTEXT() REPRESENTATION_CONTEXT('2D SPACE',''
  ) );
#2505 = ORIENTED_EDGE('',*,*,#2383,.T.);
#2506 = ORIENTED_EDGE('',*,*,#2112,.F.);
#2507 = ADVANCED_FACE('',(#2508),#1958,.F.);
#2508 = FACE_BOUND('',#2509,.T.);
#2509 = EDGE_LOOP('',(#2510,#2511,#2540,#2560));
#2510 = ORIENTED_EDGE('',*,*,#2406,.F.);
#2511 = ORIENTED_EDGE('',*,*,#2512,.T.);
#2512 = EDGE_CURVE('',#2407,#2513,#2515,.T.);
#2513 = VERTEX_POINT('',#2514);
#2514 = CARTESIAN_POINT('',(36.,-22.,31.));
#2515 = SURFACE_CURVE('',#2516,(#2521,#2528),.PCURVE_S1.);
#2516 = CIRCLE('',#2517,6.);
#2517 = AXIS2_PLACEMENT_3D('',#2518,#2519,#2520);
#2518 = CARTESIAN_POINT('',(36.,-16.,31.));
#2519 = DIRECTION('',(1.,0.,0.));
#2520 = DIRECTION('',(-0.,0.,1.));
#2521 = PCURVE('',#1958,#2522);
#2522 = DEFINITIONAL_REPRESENTATION('',(#2523),#2527);
#2523 = LINE('',#2524,#2525);
#2524 = CARTESIAN_POINT('',(-0.,0.));
#2525 = VECTOR('',#2526,1.);
#2526 = DIRECTION('',(-1.,0.));
#2527 = ( GEOMETRIC_REPRESENTATION_CONTEXT(2) 
PARAMETRIC_REPRESENTATION_CONTEXT() REPRESENTATION_CONTEXT('2D SPACE',''
  ) );
#2528 = PCURVE('',#2529,#2534);
#2529 = CYLINDRICAL_SURFACE('',#2530,6.);
#2530 = AXIS2_PLACEMENT_3D('',#2531,#2532,#2533);
#2531 = CARTESIAN_POINT('',(34.,-16.,31.));
#2532 = DIRECTION('',(1.,0.,0.));
#2533 = DIRECTION('',(0.,-0.,1.));
#2534 = DEFINITIONAL_REPRESENTATION('',(#2535),#2539);
#2535 = LINE('',#2536,#2537);
#2536 = CARTESIAN_POINT('',(0.,2.));
#2537 = VECTOR('',#2538,1.);
#2538 = DIRECTION('',(1.,0.));
#2539 = ( GEOMETRIC_REPRESENTATION_CONTEXT(2) 
PARAMETRIC_REPRESENTATION_CONTEXT() REPRESENTATION_CONTEXT('2D SPACE',''
  ) );
#2540 = ORIENTED_EDGE('',*,*,#2541,.T.);
#2541 = EDGE_CURVE('',#2513,#1942,#2542,.T.);
#2542 = SURFACE_CURVE('',#2543,(#2548,#2554),.PCURVE_S1.);
#2543 = CIRCLE('',#2544,2.);
#2544 = AXIS2_PLACEMENT_3D('',#2545,#2546,#2547);
#2545 = CARTESIAN_POINT('',(36.,-20.,31.));
#2546 = DIRECTION('',(0.,-6.123233995737E-17,-1.));
#2547 = DIRECTION('',(0.,-1.,6.123233995737E-17));
#2548 = PCURVE('',#1958,#2549);
#2549 = DEFINITIONAL_REPRESENTATION('',(#2550),#2553);
#2550 = B_SPLINE_CURVE_WITH_KNOTS('',1,(#2551,#2552),.UNSPECIFIED.,.F.,
  .F.,(2,2),(0.,1.570796326795),.PIECEWISE_BEZIER_KNOTS.);
#2551 = CARTESIAN_POINT('',(-1.570796326795,0.));
#2552 = CARTESIAN_POINT('',(-1.570796326795,1.570796326795));
#2553 = ( GEOMETRIC_REPRESENTATION_CONTEXT(2) 
PARAMETRIC_REPRESENTATION_CONTEXT() REPRESENTATION_CONTEXT('2D SPACE',''
  ) );
#2554 = PCURVE('',#1986,#2555);
#2555 = DEFINITIONAL_REPRESENTATION('',(#2556),#2559);
#2556 = B_SPLINE_CURVE_WITH_KNOTS('',1,(#2557,#2558),.UNSPECIFIED.,.F.,
  .F.,(2,2),(0.,1.570796326795),.PIECEWISE_BEZIER_KNOTS.);
#2557 = CARTESIAN_POINT('',(0.,0.));
#2558 = CARTESIAN_POINT('',(1.570796326795,0.));
#2559 = ( GEOMETRIC_REPRESENTATION_CONTEXT(2) 
PARAMETRIC_REPRESENTATION_CONTEXT() REPRESENTATION_CONTEXT('2D SPACE',''
  ) );
#2560 = ORIENTED_EDGE('',*,*,#1941,.F.);
#2561 = ADVANCED_FACE('',(#2562),#2100,.F.);
#2562 = FACE_BOUND('',#2563,.F.);
#2563 = EDGE_LOOP('',(#2564,#2586,#2587,#2588));
#2564 = ORIENTED_EDGE('',*,*,#2565,.T.);
#2565 = EDGE_CURVE('',#2566,#2056,#2568,.T.);
#2566 = VERTEX_POINT('',#2567);
#2567 = CARTESIAN_POINT('',(36.,22.,19.));
#2568 = SURFACE_CURVE('',#2569,(#2574,#2580),.PCURVE_S1.);
#2569 = CIRCLE('',#2570,2.);
#2570 = AXIS2_PLACEMENT_3D('',#2571,#2572,#2573);
#2571 = CARTESIAN_POINT('',(36.,20.,19.));
#2572 = DIRECTION('',(0.,6.123233995737E-17,1.));
#2573 = DIRECTION('',(0.,1.,-6.123233995737E-17));
#2574 = PCURVE('',#2100,#2575);
#2575 = DEFINITIONAL_REPRESENTATION('',(#2576),#2579);
#2576 = B_SPLINE_CURVE_WITH_KNOTS('',1,(#2577,#2578),.UNSPECIFIED.,.F.,
  .F.,(2,2),(0.,1.570796326795),.PIECEWISE_BEZIER_KNOTS.);
#2577 = CARTESIAN_POINT('',(0.,0.));
#2578 = CARTESIAN_POINT('',(1.570796326795,0.));
#2579 = ( GEOMETRIC_REPRESENTATION_CONTEXT(2) 
PARAMETRIC_REPRESENTATION_CONTEXT() REPRESENTATION_CONTEXT('2D SPACE',''
  ) );
#2580 = PCURVE('',#2072,#2581);
#2581 = DEFINITIONAL_REPRESENTATION('',(#2582),#2585);
#2582 = B_SPLINE_CURVE_WITH_KNOTS('',1,(#2583,#2584),.UNSPECIFIED.,.F.,
  .F.,(2,2),(0.,1.570796326795),.PIECEWISE_BEZIER_KNOTS.);
#2583 = CARTESIAN_POINT('',(-1.570796326795,0.));
#2584 = CARTESIAN_POINT('',(-1.570796326795,1.570796326795));
#2585 = ( GEOMETRIC_REPRESENTATION_CONTEXT(2) 
PARAMETRIC_REPRESENTATION_CONTEXT() REPRESENTATION_CONTEXT('2D SPACE',''
  ) );
#2586 = ORIENTED_EDGE('',*,*,#2084,.T.);
#2587 = ORIENTED_EDGE('',*,*,#2457,.F.);
#2588 = ORIENTED_EDGE('',*,*,#2589,.F.);
#2589 = EDGE_CURVE('',#2566,#2458,#2590,.T.);
#2590 = SURFACE_CURVE('',#2591,(#2595,#2602),.PCURVE_S1.);
#2591 = LINE('',#2592,#2593);
#2592 = CARTESIAN_POINT('',(36.,22.,19.));
#2593 = VECTOR('',#2594,1.);
#2594 = DIRECTION('',(0.,0.,1.));
#2595 = PCURVE('',#2100,#2596);
#2596 = DEFINITIONAL_REPRESENTATION('',(#2597),#2601);
#2597 = LINE('',#2598,#2599);
#2598 = CARTESIAN_POINT('',(0.,0.));
#2599 = VECTOR('',#2600,1.);
#2600 = DIRECTION('',(0.,1.));
#2601 = ( GEOMETRIC_REPRESENTATION_CONTEXT(2) 
PARAMETRIC_REPRESENTATION_CONTEXT() REPRESENTATION_CONTEXT('2D SPACE',''
  ) );
#2602 = PCURVE('',#2603,#2608);
#2603 = PLANE('',#2604);
#2604 = AXIS2_PLACEMENT_3D('',#2605,#2606,#2607);
#2605 = CARTESIAN_POINT('',(34.,22.,13.));
#2606 = DIRECTION('',(0.,-1.,0.));
#2607 = DIRECTION('',(0.,0.,1.));
#2608 = DEFINITIONAL_REPRESENTATION('',(#2609),#2613);
#2609 = LINE('',#2610,#2611);
#2610 = CARTESIAN_POINT('',(6.,-2.));
#2611 = VECTOR('',#2612,1.);
#2612 = DIRECTION('',(1.,0.));
#2613 = ( GEOMETRIC_REPRESENTATION_CONTEXT(2) 
PARAMETRIC_REPRESENTATION_CONTEXT() REPRESENTATION_CONTEXT('2D SPACE',''
  ) );
#2614 = ADVANCED_FACE('',(#2615),#1986,.F.);
#2615 = FACE_BOUND('',#2616,.F.);
#2616 = EDGE_LOOP('',(#2617,#2618,#2619,#2641));
#2617 = ORIENTED_EDGE('',*,*,#2541,.T.);
#2618 = ORIENTED_EDGE('',*,*,#1970,.T.);
#2619 = ORIENTED_EDGE('',*,*,#2620,.F.);
#2620 = EDGE_CURVE('',#2621,#1971,#2623,.T.);
#2621 = VERTEX_POINT('',#2622);
#2622 = CARTESIAN_POINT('',(36.,-22.,19.));
#2623 = SURFACE_CURVE('',#2624,(#2629,#2635),.PCURVE_S1.);
#2624 = CIRCLE('',#2625,2.);
#2625 = AXIS2_PLACEMENT_3D('',#2626,#2627,#2628);
#2626 = CARTESIAN_POINT('',(36.,-20.,19.));
#2627 = DIRECTION('',(0.,0.,-1.));
#2628 = DIRECTION('',(0.,-1.,0.));
#2629 = PCURVE('',#1986,#2630);
#2630 = DEFINITIONAL_REPRESENTATION('',(#2631),#2634);
#2631 = B_SPLINE_CURVE_WITH_KNOTS('',1,(#2632,#2633),.UNSPECIFIED.,.F.,
  .F.,(2,2),(0.,1.570796326795),.PIECEWISE_BEZIER_KNOTS.);
#2632 = CARTESIAN_POINT('',(0.,12.));
#2633 = CARTESIAN_POINT('',(1.570796326795,12.));
#2634 = ( GEOMETRIC_REPRESENTATION_CONTEXT(2) 
PARAMETRIC_REPRESENTATION_CONTEXT() REPRESENTATION_CONTEXT('2D SPACE',''
  ) );
#2635 = PCURVE('',#2015,#2636);
#2636 = DEFINITIONAL_REPRESENTATION('',(#2637),#2640);
#2637 = B_SPLINE_CURVE_WITH_KNOTS('',1,(#2638,#2639),.UNSPECIFIED.,.F.,
  .F.,(2,2),(0.,1.570796326795),.PIECEWISE_BEZIER_KNOTS.);
#2638 = CARTESIAN_POINT('',(0.,0.));
#2639 = CARTESIAN_POINT('',(0.,1.570796326795));
#2640 = ( GEOMETRIC_REPRESENTATION_CONTEXT(2) 
PARAMETRIC_REPRESENTATION_CONTEXT() REPRESENTATION_CONTEXT('2D SPACE',''
  ) );
#2641 = ORIENTED_EDGE('',*,*,#2642,.F.);
#2642 = EDGE_CURVE('',#2513,#2621,#2643,.T.);
#2643 = SURFACE_CURVE('',#2644,(#2648,#2655),.PCURVE_S1.);
#2644 = LINE('',#2645,#2646);
#2645 = CARTESIAN_POINT('',(36.,-22.,31.));
#2646 = VECTOR('',#2647,1.);
#2647 = DIRECTION('',(0.,0.,-1.));
#2648 = PCURVE('',#1986,#2649);
#2649 = DEFINITIONAL_REPRESENTATION('',(#2650),#2654);
#2650 = LINE('',#2651,#2652);
#2651 = CARTESIAN_POINT('',(0.,0.));
#2652 = VECTOR('',#2653,1.);
#2653 = DIRECTION('',(0.,1.));
#2654 = ( GEOMETRIC_REPRESENTATION_CONTEXT(2) 
PARAMETRIC_REPRESENTATION_CONTEXT() REPRESENTATION_CONTEXT('2D SPACE',''
  ) );
#2655 = PCURVE('',#2656,#2661);
#2656 = PLANE('',#2657);
#2657 = AXIS2_PLACEMENT_3D('',#2658,#2659,#2660);
#2658 = CARTESIAN_POINT('',(34.,-22.,37.));
#2659 = DIRECTION('',(-0.,1.,0.));
#2660 = DIRECTION('',(0.,0.,-1.));
#2661 = DEFINITIONAL_REPRESENTATION('',(#2662),#2666);
#2662 = LINE('',#2663,#2664);
#2663 = CARTESIAN_POINT('',(6.,-2.));
#2664 = VECTOR('',#2665,1.);
#2665 = DIRECTION('',(1.,0.));
#2666 = ( GEOMETRIC_REPRESENTATION_CONTEXT(2) 
PARAMETRIC_REPRESENTATION_CONTEXT() REPRESENTATION_CONTEXT('2D SPACE',''
  ) );
#2667 = ADVANCED_FACE('',(#2668),#2072,.F.);
#2668 = FACE_BOUND('',#2669,.T.);
#2669 = EDGE_LOOP('',(#2670,#2692,#2719,#2720));
#2670 = ORIENTED_EDGE('',*,*,#2671,.F.);
#2671 = EDGE_CURVE('',#2672,#2028,#2674,.T.);
#2672 = VERTEX_POINT('',#2673);
#2673 = CARTESIAN_POINT('',(36.,16.,13.));
#2674 = SURFACE_CURVE('',#2675,(#2680,#2686),.PCURVE_S1.);
#2675 = CIRCLE('',#2676,2.);
#2676 = AXIS2_PLACEMENT_3D('',#2677,#2678,#2679);
#2677 = CARTESIAN_POINT('',(36.,16.,15.));
#2678 = DIRECTION('',(0.,1.,0.));
#2679 = DIRECTION('',(-0.,0.,-1.));
#2680 = PCURVE('',#2072,#2681);
#2681 = DEFINITIONAL_REPRESENTATION('',(#2682),#2685);
#2682 = B_SPLINE_CURVE_WITH_KNOTS('',1,(#2683,#2684),.UNSPECIFIED.,.F.,
  .F.,(2,2),(0.,1.570796326795),.PIECEWISE_BEZIER_KNOTS.);
#2683 = CARTESIAN_POINT('',(0.,0.));
#2684 = CARTESIAN_POINT('',(0.,1.570796326795));
#2685 = ( GEOMETRIC_REPRESENTATION_CONTEXT(2) 
PARAMETRIC_REPRESENTATION_CONTEXT() REPRESENTATION_CONTEXT('2D SPACE',''
  ) );
#2686 = PCURVE('',#2043,#2687);
#2687 = DEFINITIONAL_REPRESENTATION('',(#2688),#2691);
#2688 = B_SPLINE_CURVE_WITH_KNOTS('',1,(#2689,#2690),.UNSPECIFIED.,.F.,
  .F.,(2,2),(0.,1.570796326795),.PIECEWISE_BEZIER_KNOTS.);
#2689 = CARTESIAN_POINT('',(0.,32.));
#2690 = CARTESIAN_POINT('',(1.570796326795,32.));
#2691 = ( GEOMETRIC_REPRESENTATION_CONTEXT(2) 
PARAMETRIC_REPRESENTATION_CONTEXT() REPRESENTATION_CONTEXT('2D SPACE',''
  ) );
#2692 = ORIENTED_EDGE('',*,*,#2693,.T.);
#2693 = EDGE_CURVE('',#2672,#2566,#2694,.T.);
#2694 = SURFACE_CURVE('',#2695,(#2700,#2707),.PCURVE_S1.);
#2695 = CIRCLE('',#2696,6.);
#2696 = AXIS2_PLACEMENT_3D('',#2697,#2698,#2699);
#2697 = CARTESIAN_POINT('',(36.,16.,19.));
#2698 = DIRECTION('',(1.,0.,0.));
#2699 = DIRECTION('',(0.,0.,-1.));
#2700 = PCURVE('',#2072,#2701);
#2701 = DEFINITIONAL_REPRESENTATION('',(#2702),#2706);
#2702 = LINE('',#2703,#2704);
#2703 = CARTESIAN_POINT('',(-0.,0.));
#2704 = VECTOR('',#2705,1.);
#2705 = DIRECTION('',(-1.,0.));
#2706 = ( GEOMETRIC_REPRESENTATION_CONTEXT(2) 
PARAMETRIC_REPRESENTATION_CONTEXT() REPRESENTATION_CONTEXT('2D SPACE',''
  ) );
#2707 = PCURVE('',#2708,#2713);
#2708 = CYLINDRICAL_SURFACE('',#2709,6.);
#2709 = AXIS2_PLACEMENT_3D('',#2710,#2711,#2712);
#2710 = CARTESIAN_POINT('',(34.,16.,19.));
#2711 = DIRECTION('',(1.,0.,0.));
#2712 = DIRECTION('',(0.,0.,-1.));
#2713 = DEFINITIONAL_REPRESENTATION('',(#2714),#2718);
#2714 = LINE('',#2715,#2716);
#2715 = CARTESIAN_POINT('',(0.,2.));
#2716 = VECTOR('',#2717,1.);
#2717 = DIRECTION('',(1.,0.));
#2718 = ( GEOMETRIC_REPRESENTATION_CONTEXT(2) 
PARAMETRIC_REPRESENTATION_CONTEXT() REPRESENTATION_CONTEXT('2D SPACE',''
  ) );
#2719 = ORIENTED_EDGE('',*,*,#2565,.T.);
#2720 = ORIENTED_EDGE('',*,*,#2055,.F.);
#2721 = ADVANCED_FACE('',(#2722),#2015,.F.);
#2722 = FACE_BOUND('',#2723,.T.);
#2723 = EDGE_LOOP('',(#2724,#2725,#2754,#2774));
#2724 = ORIENTED_EDGE('',*,*,#2620,.F.);
#2725 = ORIENTED_EDGE('',*,*,#2726,.T.);
#2726 = EDGE_CURVE('',#2621,#2727,#2729,.T.);
#2727 = VERTEX_POINT('',#2728);
#2728 = CARTESIAN_POINT('',(36.,-16.,13.));
#2729 = SURFACE_CURVE('',#2730,(#2735,#2742),.PCURVE_S1.);
#2730 = CIRCLE('',#2731,6.);
#2731 = AXIS2_PLACEMENT_3D('',#2732,#2733,#2734);
#2732 = CARTESIAN_POINT('',(36.,-16.,19.));
#2733 = DIRECTION('',(1.,0.,0.));
#2734 = DIRECTION('',(0.,-1.,0.));
#2735 = PCURVE('',#2015,#2736);
#2736 = DEFINITIONAL_REPRESENTATION('',(#2737),#2741);
#2737 = LINE('',#2738,#2739);
#2738 = CARTESIAN_POINT('',(-0.,0.));
#2739 = VECTOR('',#2740,1.);
#2740 = DIRECTION('',(-1.,0.));
#2741 = ( GEOMETRIC_REPRESENTATION_CONTEXT(2) 
PARAMETRIC_REPRESENTATION_CONTEXT() REPRESENTATION_CONTEXT('2D SPACE',''
  ) );
#2742 = PCURVE('',#2743,#2748);
#2743 = CYLINDRICAL_SURFACE('',#2744,6.);
#2744 = AXIS2_PLACEMENT_3D('',#2745,#2746,#2747);
#2745 = CARTESIAN_POINT('',(34.,-16.,19.));
#2746 = DIRECTION('',(1.,0.,0.));
#2747 = DIRECTION('',(0.,-1.,0.));
#2748 = DEFINITIONAL_REPRESENTATION('',(#2749),#2753);
#2749 = LINE('',#2750,#2751);
#2750 = CARTESIAN_POINT('',(0.,2.));
#2751 = VECTOR('',#2752,1.);
#2752 = DIRECTION('',(1.,0.));
#2753 = ( GEOMETRIC_REPRESENTATION_CONTEXT(2) 
PARAMETRIC_REPRESENTATION_CONTEXT() REPRESENTATION_CONTEXT('2D SPACE',''
  ) );
#2754 = ORIENTED_EDGE('',*,*,#2755,.T.);
#2755 = EDGE_CURVE('',#2727,#1999,#2756,.T.);
#2756 = SURFACE_CURVE('',#2757,(#2762,#2768),.PCURVE_S1.);
#2757 = CIRCLE('',#2758,2.);
#2758 = AXIS2_PLACEMENT_3D('',#2759,#2760,#2761);
#2759 = CARTESIAN_POINT('',(36.,-16.,15.));
#2760 = DIRECTION('',(0.,1.,-6.123233995737E-17));
#2761 = DIRECTION('',(0.,-6.123233995737E-17,-1.));
#2762 = PCURVE('',#2015,#2763);
#2763 = DEFINITIONAL_REPRESENTATION('',(#2764),#2767);
#2764 = B_SPLINE_CURVE_WITH_KNOTS('',1,(#2765,#2766),.UNSPECIFIED.,.F.,
  .F.,(2,2),(0.,1.570796326795),.PIECEWISE_BEZIER_KNOTS.);
#2765 = CARTESIAN_POINT('',(-1.570796326795,0.));
#2766 = CARTESIAN_POINT('',(-1.570796326795,1.570796326795));
#2767 = ( GEOMETRIC_REPRESENTATION_CONTEXT(2) 
PARAMETRIC_REPRESENTATION_CONTEXT() REPRESENTATION_CONTEXT('2D SPACE',''
  ) );
#2768 = PCURVE('',#2043,#2769);
#2769 = DEFINITIONAL_REPRESENTATION('',(#2770),#2773);
#2770 = B_SPLINE_CURVE_WITH_KNOTS('',1,(#2771,#2772),.UNSPECIFIED.,.F.,
  .F.,(2,2),(0.,1.570796326795),.PIECEWISE_BEZIER_KNOTS.);
#2771 = CARTESIAN_POINT('',(0.,0.));
#2772 = CARTESIAN_POINT('',(1.570796326795,0.));
#2773 = ( GEOMETRIC_REPRESENTATION_CONTEXT(2) 
PARAMETRIC_REPRESENTATION_CONTEXT() REPRESENTATION_CONTEXT('2D SPACE',''
  ) );
#2774 = ORIENTED_EDGE('',*,*,#1998,.F.);
#2775 = ADVANCED_FACE('',(#2776),#2043,.F.);
#2776 = FACE_BOUND('',#2777,.F.);
#2777 = EDGE_LOOP('',(#2778,#2779,#2780,#2781));
#2778 = ORIENTED_EDGE('',*,*,#2755,.T.);
#2779 = ORIENTED_EDGE('',*,*,#2027,.T.);
#2780 = ORIENTED_EDGE('',*,*,#2671,.F.);
#2781 = ORIENTED_EDGE('',*,*,#2782,.F.);
#2782 = EDGE_CURVE('',#2727,#2672,#2783,.T.);
#2783 = SURFACE_CURVE('',#2784,(#2788,#2795),.PCURVE_S1.);
#2784 = LINE('',#2785,#2786);
#2785 = CARTESIAN_POINT('',(36.,-16.,13.));
#2786 = VECTOR('',#2787,1.);
#2787 = DIRECTION('',(0.,1.,0.));
#2788 = PCURVE('',#2043,#2789);
#2789 = DEFINITIONAL_REPRESENTATION('',(#2790),#2794);
#2790 = LINE('',#2791,#2792);
#2791 = CARTESIAN_POINT('',(0.,0.));
#2792 = VECTOR('',#2793,1.);
#2793 = DIRECTION('',(0.,1.));
#2794 = ( GEOMETRIC_REPRESENTATION_CONTEXT(2) 
PARAMETRIC_REPRESENTATION_CONTEXT() REPRESENTATION_CONTEXT('2D SPACE',''
  ) );
#2795 = PCURVE('',#2796,#2801);
#2796 = PLANE('',#2797);
#2797 = AXIS2_PLACEMENT_3D('',#2798,#2799,#2800);
#2798 = CARTESIAN_POINT('',(34.,-22.,13.));
#2799 = DIRECTION('',(0.,0.,1.));
#2800 = DIRECTION('',(0.,1.,0.));
#2801 = DEFINITIONAL_REPRESENTATION('',(#2802),#2806);
#2802 = LINE('',#2803,#2804);
#2803 = CARTESIAN_POINT('',(6.,-2.));
#2804 = VECTOR('',#2805,1.);
#2805 = DIRECTION('',(1.,0.));
#2806 = ( GEOMETRIC_REPRESENTATION_CONTEXT(2) 
PARAMETRIC_REPRESENTATION_CONTEXT() REPRESENTATION_CONTEXT('2D SPACE',''
  ) );
#2807 = ADVANCED_FACE('',(#2808),#2160,.F.);
#2808 = FACE_BOUND('',#2809,.T.);
#2809 = EDGE_LOOP('',(#2810,#2832,#2833,#2855));
#2810 = ORIENTED_EDGE('',*,*,#2811,.T.);
#2811 = EDGE_CURVE('',#2812,#2143,#2814,.T.);
#2812 = VERTEX_POINT('',#2813);
#2813 = CARTESIAN_POINT('',(-46.,30.,44.999999981854));
#2814 = SURFACE_CURVE('',#2815,(#2820,#2826),.PCURVE_S1.);
#2815 = CIRCLE('',#2816,2.);
#2816 = AXIS2_PLACEMENT_3D('',#2817,#2818,#2819);
#2817 = CARTESIAN_POINT('',(-46.,30.,42.999999981854));
#2818 = DIRECTION('',(-0.,1.,0.));
#2819 = DIRECTION('',(0.,0.,1.));
#2820 = PCURVE('',#2160,#2821);
#2821 = DEFINITIONAL_REPRESENTATION('',(#2822),#2825);
#2822 = B_SPLINE_CURVE_WITH_KNOTS('',1,(#2823,#2824),.UNSPECIFIED.,.F.,
  .F.,(2,2),(0.,1.570796326795),.PIECEWISE_BEZIER_KNOTS.);
#2823 = CARTESIAN_POINT('',(0.,0.));
#2824 = CARTESIAN_POINT('',(-1.570796326795,0.));
#2825 = ( GEOMETRIC_REPRESENTATION_CONTEXT(2) 
PARAMETRIC_REPRESENTATION_CONTEXT() REPRESENTATION_CONTEXT('2D SPACE',''
  ) );
#2826 = PCURVE('',#2358,#2827);
#2827 = DEFINITIONAL_REPRESENTATION('',(#2828),#2831);
#2828 = B_SPLINE_CURVE_WITH_KNOTS('',1,(#2829,#2830),.UNSPECIFIED.,.F.,
  .F.,(2,2),(0.,1.570796326795),.PIECEWISE_BEZIER_KNOTS.);
#2829 = CARTESIAN_POINT('',(1.570796326795,0.));
#2830 = CARTESIAN_POINT('',(1.570796326795,1.570796326795));
#2831 = ( GEOMETRIC_REPRESENTATION_CONTEXT(2) 
PARAMETRIC_REPRESENTATION_CONTEXT() REPRESENTATION_CONTEXT('2D SPACE',''
  ) );
#2832 = ORIENTED_EDGE('',*,*,#2142,.T.);
#2833 = ORIENTED_EDGE('',*,*,#2834,.F.);
#2834 = EDGE_CURVE('',#2835,#2145,#2837,.T.);
#2835 = VERTEX_POINT('',#2836);
#2836 = CARTESIAN_POINT('',(-46.,-30.,44.999999981854));
#2837 = SURFACE_CURVE('',#2838,(#2843,#2849),.PCURVE_S1.);
#2838 = CIRCLE('',#2839,2.);
#2839 = AXIS2_PLACEMENT_3D('',#2840,#2841,#2842);
#2840 = CARTESIAN_POINT('',(-46.,-30.,42.999999981854));
#2841 = DIRECTION('',(-0.,1.,0.));
#2842 = DIRECTION('',(0.,0.,1.));
#2843 = PCURVE('',#2160,#2844);
#2844 = DEFINITIONAL_REPRESENTATION('',(#2845),#2848);
#2845 = B_SPLINE_CURVE_WITH_KNOTS('',1,(#2846,#2847),.UNSPECIFIED.,.F.,
  .F.,(2,2),(0.,1.570796326795),.PIECEWISE_BEZIER_KNOTS.);
#2846 = CARTESIAN_POINT('',(0.,60.));
#2847 = CARTESIAN_POINT('',(-1.570796326795,60.));
#2848 = ( GEOMETRIC_REPRESENTATION_CONTEXT(2) 
PARAMETRIC_REPRESENTATION_CONTEXT() REPRESENTATION_CONTEXT('2D SPACE',''
  ) );
#2849 = PCURVE('',#2189,#2850);
#2850 = DEFINITIONAL_REPRESENTATION('',(#2851),#2854);
#2851 = B_SPLINE_CURVE_WITH_KNOTS('',1,(#2852,#2853),.UNSPECIFIED.,.F.,
  .F.,(2,2),(0.,1.570796326795),.PIECEWISE_BEZIER_KNOTS.);
#2852 = CARTESIAN_POINT('',(0.,0.));
#2853 = CARTESIAN_POINT('',(0.,1.570796326795));
#2854 = ( GEOMETRIC_REPRESENTATION_CONTEXT(2) 
PARAMETRIC_REPRESENTATION_CONTEXT() REPRESENTATION_CONTEXT('2D SPACE',''
  ) );
#2855 = ORIENTED_EDGE('',*,*,#2856,.F.);
#2856 = EDGE_CURVE('',#2812,#2835,#2857,.T.);
#2857 = SURFACE_CURVE('',#2858,(#2862,#2869),.PCURVE_S1.);
#2858 = LINE('',#2859,#2860);
#2859 = CARTESIAN_POINT('',(-46.,30.,44.999999981854));
#2860 = VECTOR('',#2861,1.);
#2861 = DIRECTION('',(0.,-1.,0.));
#2862 = PCURVE('',#2160,#2863);
#2863 = DEFINITIONAL_REPRESENTATION('',(#2864),#2868);
#2864 = LINE('',#2865,#2866);
#2865 = CARTESIAN_POINT('',(-0.,0.));
#2866 = VECTOR('',#2867,1.);
#2867 = DIRECTION('',(-0.,1.));
#2868 = ( GEOMETRIC_REPRESENTATION_CONTEXT(2) 
PARAMETRIC_REPRESENTATION_CONTEXT() REPRESENTATION_CONTEXT('2D SPACE',''
  ) );
#2869 = PCURVE('',#2870,#2875);
#2870 = PLANE('',#2871);
#2871 = AXIS2_PLACEMENT_3D('',#2872,#2873,#2874);
#2872 = CARTESIAN_POINT('',(-44.,40.,44.999999981854));
#2873 = DIRECTION('',(0.,0.,1.));
#2874 = DIRECTION('',(0.,-1.,0.));
#2875 = DEFINITIONAL_REPRESENTATION('',(#2876),#2880);
#2876 = LINE('',#2877,#2878);
#2877 = CARTESIAN_POINT('',(10.,-2.));
#2878 = VECTOR('',#2879,1.);
#2879 = DIRECTION('',(1.,0.));
#2880 = ( GEOMETRIC_REPRESENTATION_CONTEXT(2) 
PARAMETRIC_REPRESENTATION_CONTEXT() REPRESENTATION_CONTEXT('2D SPACE',''
  ) );
#2881 = ADVANCED_FACE('',(#2882),#2358,.F.);
#2882 = FACE_BOUND('',#2883,.F.);
#2883 = EDGE_LOOP('',(#2884,#2906,#2933,#2934));
#2884 = ORIENTED_EDGE('',*,*,#2885,.F.);
#2885 = EDGE_CURVE('',#2886,#2316,#2888,.T.);
#2886 = VERTEX_POINT('',#2887);
#2887 = CARTESIAN_POINT('',(-46.,40.,34.999999981854));
#2888 = SURFACE_CURVE('',#2889,(#2894,#2900),.PCURVE_S1.);
#2889 = CIRCLE('',#2890,2.);
#2890 = AXIS2_PLACEMENT_3D('',#2891,#2892,#2893);
#2891 = CARTESIAN_POINT('',(-46.,38.,34.999999981854));
#2892 = DIRECTION('',(0.,-0.,-1.));
#2893 = DIRECTION('',(0.,1.,-0.));
#2894 = PCURVE('',#2358,#2895);
#2895 = DEFINITIONAL_REPRESENTATION('',(#2896),#2899);
#2896 = B_SPLINE_CURVE_WITH_KNOTS('',1,(#2897,#2898),.UNSPECIFIED.,.F.,
  .F.,(2,2),(0.,1.570796326795),.PIECEWISE_BEZIER_KNOTS.);
#2897 = CARTESIAN_POINT('',(0.,0.));
#2898 = CARTESIAN_POINT('',(0.,1.570796326795));
#2899 = ( GEOMETRIC_REPRESENTATION_CONTEXT(2) 
PARAMETRIC_REPRESENTATION_CONTEXT() REPRESENTATION_CONTEXT('2D SPACE',''
  ) );
#2900 = PCURVE('',#2331,#2901);
#2901 = DEFINITIONAL_REPRESENTATION('',(#2902),#2905);
#2902 = B_SPLINE_CURVE_WITH_KNOTS('',1,(#2903,#2904),.UNSPECIFIED.,.F.,
  .F.,(2,2),(0.,1.570796326795),.PIECEWISE_BEZIER_KNOTS.);
#2903 = CARTESIAN_POINT('',(0.,20.));
#2904 = CARTESIAN_POINT('',(-1.570796326795,20.));
#2905 = ( GEOMETRIC_REPRESENTATION_CONTEXT(2) 
PARAMETRIC_REPRESENTATION_CONTEXT() REPRESENTATION_CONTEXT('2D SPACE',''
  ) );
#2906 = ORIENTED_EDGE('',*,*,#2907,.T.);
#2907 = EDGE_CURVE('',#2886,#2812,#2908,.T.);
#2908 = SURFACE_CURVE('',#2909,(#2914,#2921),.PCURVE_S1.);
#2909 = CIRCLE('',#2910,10.);
#2910 = AXIS2_PLACEMENT_3D('',#2911,#2912,#2913);
#2911 = CARTESIAN_POINT('',(-46.,30.,34.999999981854));
#2912 = DIRECTION('',(1.,0.,0.));
#2913 = DIRECTION('',(-0.,1.,0.));
#2914 = PCURVE('',#2358,#2915);
#2915 = DEFINITIONAL_REPRESENTATION('',(#2916),#2920);
#2916 = LINE('',#2917,#2918);
#2917 = CARTESIAN_POINT('',(0.,0.));
#2918 = VECTOR('',#2919,1.);
#2919 = DIRECTION('',(1.,0.));
#2920 = ( GEOMETRIC_REPRESENTATION_CONTEXT(2) 
PARAMETRIC_REPRESENTATION_CONTEXT() REPRESENTATION_CONTEXT('2D SPACE',''
  ) );
#2921 = PCURVE('',#2922,#2927);
#2922 = CYLINDRICAL_SURFACE('',#2923,10.);
#2923 = AXIS2_PLACEMENT_3D('',#2924,#2925,#2926);
#2924 = CARTESIAN_POINT('',(-44.,30.,34.999999981854));
#2925 = DIRECTION('',(-1.,0.,0.));
#2926 = DIRECTION('',(0.,0.,1.));
#2927 = DEFINITIONAL_REPRESENTATION('',(#2928),#2932);
#2928 = LINE('',#2929,#2930);
#2929 = CARTESIAN_POINT('',(1.570796326795,2.));
#2930 = VECTOR('',#2931,1.);
#2931 = DIRECTION('',(-1.,-0.));
#2932 = ( GEOMETRIC_REPRESENTATION_CONTEXT(2) 
PARAMETRIC_REPRESENTATION_CONTEXT() REPRESENTATION_CONTEXT('2D SPACE',''
  ) );
#2933 = ORIENTED_EDGE('',*,*,#2811,.T.);
#2934 = ORIENTED_EDGE('',*,*,#2343,.F.);
#2935 = ADVANCED_FACE('',(#2936),#2189,.F.);
#2936 = FACE_BOUND('',#2937,.F.);
#2937 = EDGE_LOOP('',(#2938,#2939,#2968,#2988));
#2938 = ORIENTED_EDGE('',*,*,#2834,.F.);
#2939 = ORIENTED_EDGE('',*,*,#2940,.T.);
#2940 = EDGE_CURVE('',#2835,#2941,#2943,.T.);
#2941 = VERTEX_POINT('',#2942);
#2942 = CARTESIAN_POINT('',(-46.,-40.,34.999999981854));
#2943 = SURFACE_CURVE('',#2944,(#2949,#2956),.PCURVE_S1.);
#2944 = CIRCLE('',#2945,10.);
#2945 = AXIS2_PLACEMENT_3D('',#2946,#2947,#2948);
#2946 = CARTESIAN_POINT('',(-46.,-30.,34.999999981854));
#2947 = DIRECTION('',(1.,0.,0.));
#2948 = DIRECTION('',(-0.,0.,1.));
#2949 = PCURVE('',#2189,#2950);
#2950 = DEFINITIONAL_REPRESENTATION('',(#2951),#2955);
#2951 = LINE('',#2952,#2953);
#2952 = CARTESIAN_POINT('',(0.,0.));
#2953 = VECTOR('',#2954,1.);
#2954 = DIRECTION('',(1.,0.));
#2955 = ( GEOMETRIC_REPRESENTATION_CONTEXT(2) 
PARAMETRIC_REPRESENTATION_CONTEXT() REPRESENTATION_CONTEXT('2D SPACE',''
  ) );
#2956 = PCURVE('',#2957,#2962);
#2957 = CYLINDRICAL_SURFACE('',#2958,10.);
#2958 = AXIS2_PLACEMENT_3D('',#2959,#2960,#2961);
#2959 = CARTESIAN_POINT('',(-44.,-30.,34.999999981854));
#2960 = DIRECTION('',(-1.,0.,0.));
#2961 = DIRECTION('',(0.,0.,1.));
#2962 = DEFINITIONAL_REPRESENTATION('',(#2963),#2967);
#2963 = LINE('',#2964,#2965);
#2964 = CARTESIAN_POINT('',(-0.,2.));
#2965 = VECTOR('',#2966,1.);
#2966 = DIRECTION('',(-1.,0.));
#2967 = ( GEOMETRIC_REPRESENTATION_CONTEXT(2) 
PARAMETRIC_REPRESENTATION_CONTEXT() REPRESENTATION_CONTEXT('2D SPACE',''
  ) );
#2968 = ORIENTED_EDGE('',*,*,#2969,.T.);
#2969 = EDGE_CURVE('',#2941,#2173,#2970,.T.);
#2970 = SURFACE_CURVE('',#2971,(#2976,#2982),.PCURVE_S1.);
#2971 = CIRCLE('',#2972,2.);
#2972 = AXIS2_PLACEMENT_3D('',#2973,#2974,#2975);
#2973 = CARTESIAN_POINT('',(-46.,-38.,34.999999981854));
#2974 = DIRECTION('',(-0.,6.123233995737E-17,1.));
#2975 = DIRECTION('',(0.,-1.,6.123233995737E-17));
#2976 = PCURVE('',#2189,#2977);
#2977 = DEFINITIONAL_REPRESENTATION('',(#2978),#2981);
#2978 = B_SPLINE_CURVE_WITH_KNOTS('',1,(#2979,#2980),.UNSPECIFIED.,.F.,
  .F.,(2,2),(0.,1.570796326795),.PIECEWISE_BEZIER_KNOTS.);
#2979 = CARTESIAN_POINT('',(1.570796326795,0.));
#2980 = CARTESIAN_POINT('',(1.570796326795,1.570796326795));
#2981 = ( GEOMETRIC_REPRESENTATION_CONTEXT(2) 
PARAMETRIC_REPRESENTATION_CONTEXT() REPRESENTATION_CONTEXT('2D SPACE',''
  ) );
#2982 = PCURVE('',#2217,#2983);
#2983 = DEFINITIONAL_REPRESENTATION('',(#2984),#2987);
#2984 = B_SPLINE_CURVE_WITH_KNOTS('',1,(#2985,#2986),.UNSPECIFIED.,.F.,
  .F.,(2,2),(0.,1.570796326795),.PIECEWISE_BEZIER_KNOTS.);
#2985 = CARTESIAN_POINT('',(0.,0.));
#2986 = CARTESIAN_POINT('',(-1.570796326795,0.));
#2987 = ( GEOMETRIC_REPRESENTATION_CONTEXT(2) 
PARAMETRIC_REPRESENTATION_CONTEXT() REPRESENTATION_CONTEXT('2D SPACE',''
  ) );
#2988 = ORIENTED_EDGE('',*,*,#2172,.F.);
#2989 = ADVANCED_FACE('',(#2990),#2331,.F.);
#2990 = FACE_BOUND('',#2991,.T.);
#2991 = EDGE_LOOP('',(#2992,#3014,#3015,#3016));
#2992 = ORIENTED_EDGE('',*,*,#2993,.T.);
#2993 = EDGE_CURVE('',#2994,#2287,#2996,.T.);
#2994 = VERTEX_POINT('',#2995);
#2995 = CARTESIAN_POINT('',(-46.,40.,14.999999981854));
#2996 = SURFACE_CURVE('',#2997,(#3002,#3008),.PCURVE_S1.);
#2997 = CIRCLE('',#2998,2.);
#2998 = AXIS2_PLACEMENT_3D('',#2999,#3000,#3001);
#2999 = CARTESIAN_POINT('',(-46.,38.,14.999999981854));
#3000 = DIRECTION('',(0.,-6.123233995737E-17,-1.));
#3001 = DIRECTION('',(0.,1.,-6.123233995737E-17));
#3002 = PCURVE('',#2331,#3003);
#3003 = DEFINITIONAL_REPRESENTATION('',(#3004),#3007);
#3004 = B_SPLINE_CURVE_WITH_KNOTS('',1,(#3005,#3006),.UNSPECIFIED.,.F.,
  .F.,(2,2),(0.,1.570796326795),.PIECEWISE_BEZIER_KNOTS.);
#3005 = CARTESIAN_POINT('',(0.,0.));
#3006 = CARTESIAN_POINT('',(-1.570796326795,0.));
#3007 = ( GEOMETRIC_REPRESENTATION_CONTEXT(2) 
PARAMETRIC_REPRESENTATION_CONTEXT() REPRESENTATION_CONTEXT('2D SPACE',''
  ) );
#3008 = PCURVE('',#2303,#3009);
#3009 = DEFINITIONAL_REPRESENTATION('',(#3010),#3013);
#3010 = B_SPLINE_CURVE_WITH_KNOTS('',1,(#3011,#3012),.UNSPECIFIED.,.F.,
  .F.,(2,2),(0.,1.570796326795),.PIECEWISE_BEZIER_KNOTS.);
#3011 = CARTESIAN_POINT('',(1.570796326795,0.));
#3012 = CARTESIAN_POINT('',(1.570796326795,1.570796326795));
#3013 = ( GEOMETRIC_REPRESENTATION_CONTEXT(2) 
PARAMETRIC_REPRESENTATION_CONTEXT() REPRESENTATION_CONTEXT('2D SPACE',''
  ) );
#3014 = ORIENTED_EDGE('',*,*,#2315,.T.);
#3015 = ORIENTED_EDGE('',*,*,#2885,.F.);
#3016 = ORIENTED_EDGE('',*,*,#3017,.F.);
#3017 = EDGE_CURVE('',#2994,#2886,#3018,.T.);
#3018 = SURFACE_CURVE('',#3019,(#3023,#3030),.PCURVE_S1.);
#3019 = LINE('',#3020,#3021);
#3020 = CARTESIAN_POINT('',(-46.,40.,14.999999981854));
#3021 = VECTOR('',#3022,1.);
#3022 = DIRECTION('',(0.,0.,1.));
#3023 = PCURVE('',#2331,#3024);
#3024 = DEFINITIONAL_REPRESENTATION('',(#3025),#3029);
#3025 = LINE('',#3026,#3027);
#3026 = CARTESIAN_POINT('',(-0.,0.));
#3027 = VECTOR('',#3028,1.);
#3028 = DIRECTION('',(-0.,1.));
#3029 = ( GEOMETRIC_REPRESENTATION_CONTEXT(2) 
PARAMETRIC_REPRESENTATION_CONTEXT() REPRESENTATION_CONTEXT('2D SPACE',''
  ) );
#3030 = PCURVE('',#3031,#3036);
#3031 = PLANE('',#3032);
#3032 = AXIS2_PLACEMENT_3D('',#3033,#3034,#3035);
#3033 = CARTESIAN_POINT('',(-44.,40.,4.999999981854));
#3034 = DIRECTION('',(0.,1.,-0.));
#3035 = DIRECTION('',(0.,0.,1.));
#3036 = DEFINITIONAL_REPRESENTATION('',(#3037),#3041);
#3037 = LINE('',#3038,#3039);
#3038 = CARTESIAN_POINT('',(10.,-2.));
#3039 = VECTOR('',#3040,1.);
#3040 = DIRECTION('',(1.,0.));
#3041 = ( GEOMETRIC_REPRESENTATION_CONTEXT(2) 
PARAMETRIC_REPRESENTATION_CONTEXT() REPRESENTATION_CONTEXT('2D SPACE',''
  ) );
#3042 = ADVANCED_FACE('',(#3043),#2217,.F.);
#3043 = FACE_BOUND('',#3044,.T.);
#3044 = EDGE_LOOP('',(#3045,#3046,#3047,#3069));
#3045 = ORIENTED_EDGE('',*,*,#2969,.T.);
#3046 = ORIENTED_EDGE('',*,*,#2201,.T.);
#3047 = ORIENTED_EDGE('',*,*,#3048,.F.);
#3048 = EDGE_CURVE('',#3049,#2202,#3051,.T.);
#3049 = VERTEX_POINT('',#3050);
#3050 = CARTESIAN_POINT('',(-46.,-40.,14.999999981854));
#3051 = SURFACE_CURVE('',#3052,(#3057,#3063),.PCURVE_S1.);
#3052 = CIRCLE('',#3053,2.);
#3053 = AXIS2_PLACEMENT_3D('',#3054,#3055,#3056);
#3054 = CARTESIAN_POINT('',(-46.,-38.,14.999999981854));
#3055 = DIRECTION('',(-0.,0.,1.));
#3056 = DIRECTION('',(0.,-1.,0.));
#3057 = PCURVE('',#2217,#3058);
#3058 = DEFINITIONAL_REPRESENTATION('',(#3059),#3062);
#3059 = B_SPLINE_CURVE_WITH_KNOTS('',1,(#3060,#3061),.UNSPECIFIED.,.F.,
  .F.,(2,2),(0.,1.570796326795),.PIECEWISE_BEZIER_KNOTS.);
#3060 = CARTESIAN_POINT('',(0.,20.));
#3061 = CARTESIAN_POINT('',(-1.570796326795,20.));
#3062 = ( GEOMETRIC_REPRESENTATION_CONTEXT(2) 
PARAMETRIC_REPRESENTATION_CONTEXT() REPRESENTATION_CONTEXT('2D SPACE',''
  ) );
#3063 = PCURVE('',#2246,#3064);
#3064 = DEFINITIONAL_REPRESENTATION('',(#3065),#3068);
#3065 = B_SPLINE_CURVE_WITH_KNOTS('',1,(#3066,#3067),.UNSPECIFIED.,.F.,
  .F.,(2,2),(0.,1.570796326795),.PIECEWISE_BEZIER_KNOTS.);
#3066 = CARTESIAN_POINT('',(0.,0.));
#3067 = CARTESIAN_POINT('',(0.,1.570796326795));
#3068 = ( GEOMETRIC_REPRESENTATION_CONTEXT(2) 
PARAMETRIC_REPRESENTATION_CONTEXT() REPRESENTATION_CONTEXT('2D SPACE',''
  ) );
#3069 = ORIENTED_EDGE('',*,*,#3070,.F.);
#3070 = EDGE_CURVE('',#2941,#3049,#3071,.T.);
#3071 = SURFACE_CURVE('',#3072,(#3076,#3083),.PCURVE_S1.);
#3072 = LINE('',#3073,#3074);
#3073 = CARTESIAN_POINT('',(-46.,-40.,34.999999981854));
#3074 = VECTOR('',#3075,1.);
#3075 = DIRECTION('',(0.,0.,-1.));
#3076 = PCURVE('',#2217,#3077);
#3077 = DEFINITIONAL_REPRESENTATION('',(#3078),#3082);
#3078 = LINE('',#3079,#3080);
#3079 = CARTESIAN_POINT('',(-0.,0.));
#3080 = VECTOR('',#3081,1.);
#3081 = DIRECTION('',(-0.,1.));
#3082 = ( GEOMETRIC_REPRESENTATION_CONTEXT(2) 
PARAMETRIC_REPRESENTATION_CONTEXT() REPRESENTATION_CONTEXT('2D SPACE',''
  ) );
#3083 = PCURVE('',#3084,#3089);
#3084 = PLANE('',#3085);
#3085 = AXIS2_PLACEMENT_3D('',#3086,#3087,#3088);
#3086 = CARTESIAN_POINT('',(-44.,-40.,44.999999981854));
#3087 = DIRECTION('',(-0.,-1.,-0.));
#3088 = DIRECTION('',(0.,0.,-1.));
#3089 = DEFINITIONAL_REPRESENTATION('',(#3090),#3094);
#3090 = LINE('',#3091,#3092);
#3091 = CARTESIAN_POINT('',(10.,-2.));
#3092 = VECTOR('',#3093,1.);
#3093 = DIRECTION('',(1.,0.));
#3094 = ( GEOMETRIC_REPRESENTATION_CONTEXT(2) 
PARAMETRIC_REPRESENTATION_CONTEXT() REPRESENTATION_CONTEXT('2D SPACE',''
  ) );
#3095 = ADVANCED_FACE('',(#3096),#2303,.F.);
#3096 = FACE_BOUND('',#3097,.F.);
#3097 = EDGE_LOOP('',(#3098,#3120,#3147,#3148));
#3098 = ORIENTED_EDGE('',*,*,#3099,.F.);
#3099 = EDGE_CURVE('',#3100,#2259,#3102,.T.);
#3100 = VERTEX_POINT('',#3101);
#3101 = CARTESIAN_POINT('',(-46.,30.,4.999999981854));
#3102 = SURFACE_CURVE('',#3103,(#3108,#3114),.PCURVE_S1.);
#3103 = CIRCLE('',#3104,2.);
#3104 = AXIS2_PLACEMENT_3D('',#3105,#3106,#3107);
#3105 = CARTESIAN_POINT('',(-46.,30.,6.999999981854));
#3106 = DIRECTION('',(0.,-1.,-0.));
#3107 = DIRECTION('',(0.,0.,-1.));
#3108 = PCURVE('',#2303,#3109);
#3109 = DEFINITIONAL_REPRESENTATION('',(#3110),#3113);
#3110 = B_SPLINE_CURVE_WITH_KNOTS('',1,(#3111,#3112),.UNSPECIFIED.,.F.,
  .F.,(2,2),(0.,1.570796326795),.PIECEWISE_BEZIER_KNOTS.);
#3111 = CARTESIAN_POINT('',(0.,0.));
#3112 = CARTESIAN_POINT('',(0.,1.570796326795));
#3113 = ( GEOMETRIC_REPRESENTATION_CONTEXT(2) 
PARAMETRIC_REPRESENTATION_CONTEXT() REPRESENTATION_CONTEXT('2D SPACE',''
  ) );
#3114 = PCURVE('',#2274,#3115);
#3115 = DEFINITIONAL_REPRESENTATION('',(#3116),#3119);
#3116 = B_SPLINE_CURVE_WITH_KNOTS('',1,(#3117,#3118),.UNSPECIFIED.,.F.,
  .F.,(2,2),(0.,1.570796326795),.PIECEWISE_BEZIER_KNOTS.);
#3117 = CARTESIAN_POINT('',(0.,60.));
#3118 = CARTESIAN_POINT('',(-1.570796326795,60.));
#3119 = ( GEOMETRIC_REPRESENTATION_CONTEXT(2) 
PARAMETRIC_REPRESENTATION_CONTEXT() REPRESENTATION_CONTEXT('2D SPACE',''
  ) );
#3120 = ORIENTED_EDGE('',*,*,#3121,.T.);
#3121 = EDGE_CURVE('',#3100,#2994,#3122,.T.);
#3122 = SURFACE_CURVE('',#3123,(#3128,#3135),.PCURVE_S1.);
#3123 = CIRCLE('',#3124,10.);
#3124 = AXIS2_PLACEMENT_3D('',#3125,#3126,#3127);
#3125 = CARTESIAN_POINT('',(-46.,30.,14.999999981854));
#3126 = DIRECTION('',(1.,0.,0.));
#3127 = DIRECTION('',(0.,0.,-1.));
#3128 = PCURVE('',#2303,#3129);
#3129 = DEFINITIONAL_REPRESENTATION('',(#3130),#3134);
#3130 = LINE('',#3131,#3132);
#3131 = CARTESIAN_POINT('',(0.,0.));
#3132 = VECTOR('',#3133,1.);
#3133 = DIRECTION('',(1.,0.));
#3134 = ( GEOMETRIC_REPRESENTATION_CONTEXT(2) 
PARAMETRIC_REPRESENTATION_CONTEXT() REPRESENTATION_CONTEXT('2D SPACE',''
  ) );
#3135 = PCURVE('',#3136,#3141);
#3136 = CYLINDRICAL_SURFACE('',#3137,10.);
#3137 = AXIS2_PLACEMENT_3D('',#3138,#3139,#3140);
#3138 = CARTESIAN_POINT('',(-44.,30.,14.999999981854));
#3139 = DIRECTION('',(-1.,0.,0.));
#3140 = DIRECTION('',(0.,0.,-1.));
#3141 = DEFINITIONAL_REPRESENTATION('',(#3142),#3146);
#3142 = LINE('',#3143,#3144);
#3143 = CARTESIAN_POINT('',(-0.,2.));
#3144 = VECTOR('',#3145,1.);
#3145 = DIRECTION('',(-1.,0.));
#3146 = ( GEOMETRIC_REPRESENTATION_CONTEXT(2) 
PARAMETRIC_REPRESENTATION_CONTEXT() REPRESENTATION_CONTEXT('2D SPACE',''
  ) );
#3147 = ORIENTED_EDGE('',*,*,#2993,.T.);
#3148 = ORIENTED_EDGE('',*,*,#2286,.F.);
#3149 = ADVANCED_FACE('',(#3150),#2246,.F.);
#3150 = FACE_BOUND('',#3151,.F.);
#3151 = EDGE_LOOP('',(#3152,#3153,#3182,#3202));
#3152 = ORIENTED_EDGE('',*,*,#3048,.F.);
#3153 = ORIENTED_EDGE('',*,*,#3154,.T.);
#3154 = EDGE_CURVE('',#3049,#3155,#3157,.T.);
#3155 = VERTEX_POINT('',#3156);
#3156 = CARTESIAN_POINT('',(-46.,-30.,4.999999981854));
#3157 = SURFACE_CURVE('',#3158,(#3163,#3170),.PCURVE_S1.);
#3158 = CIRCLE('',#3159,10.);
#3159 = AXIS2_PLACEMENT_3D('',#3160,#3161,#3162);
#3160 = CARTESIAN_POINT('',(-46.,-30.,14.999999981854));
#3161 = DIRECTION('',(1.,0.,0.));
#3162 = DIRECTION('',(0.,-1.,0.));
#3163 = PCURVE('',#2246,#3164);
#3164 = DEFINITIONAL_REPRESENTATION('',(#3165),#3169);
#3165 = LINE('',#3166,#3167);
#3166 = CARTESIAN_POINT('',(0.,0.));
#3167 = VECTOR('',#3168,1.);
#3168 = DIRECTION('',(1.,0.));
#3169 = ( GEOMETRIC_REPRESENTATION_CONTEXT(2) 
PARAMETRIC_REPRESENTATION_CONTEXT() REPRESENTATION_CONTEXT('2D SPACE',''
  ) );
#3170 = PCURVE('',#3171,#3176);
#3171 = CYLINDRICAL_SURFACE('',#3172,10.);
#3172 = AXIS2_PLACEMENT_3D('',#3173,#3174,#3175);
#3173 = CARTESIAN_POINT('',(-44.,-30.,14.999999981854));
#3174 = DIRECTION('',(-1.,0.,0.));
#3175 = DIRECTION('',(-0.,-1.,-0.));
#3176 = DEFINITIONAL_REPRESENTATION('',(#3177),#3181);
#3177 = LINE('',#3178,#3179);
#3178 = CARTESIAN_POINT('',(-0.,2.));
#3179 = VECTOR('',#3180,1.);
#3180 = DIRECTION('',(-1.,0.));
#3181 = ( GEOMETRIC_REPRESENTATION_CONTEXT(2) 
PARAMETRIC_REPRESENTATION_CONTEXT() REPRESENTATION_CONTEXT('2D SPACE',''
  ) );
#3182 = ORIENTED_EDGE('',*,*,#3183,.T.);
#3183 = EDGE_CURVE('',#3155,#2230,#3184,.T.);
#3184 = SURFACE_CURVE('',#3185,(#3190,#3196),.PCURVE_S1.);
#3185 = CIRCLE('',#3186,2.);
#3186 = AXIS2_PLACEMENT_3D('',#3187,#3188,#3189);
#3187 = CARTESIAN_POINT('',(-46.,-30.,6.999999981854));
#3188 = DIRECTION('',(0.,-1.,6.123233995737E-17));
#3189 = DIRECTION('',(0.,-6.123233995737E-17,-1.));
#3190 = PCURVE('',#2246,#3191);
#3191 = DEFINITIONAL_REPRESENTATION('',(#3192),#3195);
#3192 = B_SPLINE_CURVE_WITH_KNOTS('',1,(#3193,#3194),.UNSPECIFIED.,.F.,
  .F.,(2,2),(0.,1.570796326795),.PIECEWISE_BEZIER_KNOTS.);
#3193 = CARTESIAN_POINT('',(1.570796326795,0.));
#3194 = CARTESIAN_POINT('',(1.570796326795,1.570796326795));
#3195 = ( GEOMETRIC_REPRESENTATION_CONTEXT(2) 
PARAMETRIC_REPRESENTATION_CONTEXT() REPRESENTATION_CONTEXT('2D SPACE',''
  ) );
#3196 = PCURVE('',#2274,#3197);
#3197 = DEFINITIONAL_REPRESENTATION('',(#3198),#3201);
#3198 = B_SPLINE_CURVE_WITH_KNOTS('',1,(#3199,#3200),.UNSPECIFIED.,.F.,
  .F.,(2,2),(0.,1.570796326795),.PIECEWISE_BEZIER_KNOTS.);
#3199 = CARTESIAN_POINT('',(0.,0.));
#3200 = CARTESIAN_POINT('',(-1.570796326795,0.));
#3201 = ( GEOMETRIC_REPRESENTATION_CONTEXT(2) 
PARAMETRIC_REPRESENTATION_CONTEXT() REPRESENTATION_CONTEXT('2D SPACE',''
  ) );
#3202 = ORIENTED_EDGE('',*,*,#2229,.F.);
#3203 = ADVANCED_FACE('',(#3204),#2274,.F.);
#3204 = FACE_BOUND('',#3205,.T.);
#3205 = EDGE_LOOP('',(#3206,#3207,#3208,#3209));
#3206 = ORIENTED_EDGE('',*,*,#3183,.T.);
#3207 = ORIENTED_EDGE('',*,*,#2258,.T.);
#3208 = ORIENTED_EDGE('',*,*,#3099,.F.);
#3209 = ORIENTED_EDGE('',*,*,#3210,.F.);
#3210 = EDGE_CURVE('',#3155,#3100,#3211,.T.);
#3211 = SURFACE_CURVE('',#3212,(#3216,#3223),.PCURVE_S1.);
#3212 = LINE('',#3213,#3214);
#3213 = CARTESIAN_POINT('',(-46.,-30.,4.999999981854));
#3214 = VECTOR('',#3215,1.);
#3215 = DIRECTION('',(0.,1.,0.));
#3216 = PCURVE('',#2274,#3217);
#3217 = DEFINITIONAL_REPRESENTATION('',(#3218),#3222);
#3218 = LINE('',#3219,#3220);
#3219 = CARTESIAN_POINT('',(-0.,0.));
#3220 = VECTOR('',#3221,1.);
#3221 = DIRECTION('',(-0.,1.));
#3222 = ( GEOMETRIC_REPRESENTATION_CONTEXT(2) 
PARAMETRIC_REPRESENTATION_CONTEXT() REPRESENTATION_CONTEXT('2D SPACE',''
  ) );
#3223 = PCURVE('',#3224,#3229);
#3224 = PLANE('',#3225);
#3225 = AXIS2_PLACEMENT_3D('',#3226,#3227,#3228);
#3226 = CARTESIAN_POINT('',(-44.,-40.,4.999999981854));
#3227 = DIRECTION('',(0.,0.,-1.));
#3228 = DIRECTION('',(0.,1.,0.));
#3229 = DEFINITIONAL_REPRESENTATION('',(#3230),#3234);
#3230 = LINE('',#3231,#3232);
#3231 = CARTESIAN_POINT('',(10.,-2.));
#3232 = VECTOR('',#3233,1.);
#3233 = DIRECTION('',(1.,0.));
#3234 = ( GEOMETRIC_REPRESENTATION_CONTEXT(2) 
PARAMETRIC_REPRESENTATION_CONTEXT() REPRESENTATION_CONTEXT('2D SPACE',''
  ) );
#3235 = ADVANCED_FACE('',(#3236),#2442,.T.);
#3236 = FACE_BOUND('',#3237,.T.);
#3237 = EDGE_LOOP('',(#3238,#3261,#3289,#3310));
#3238 = ORIENTED_EDGE('',*,*,#3239,.T.);
#3239 = EDGE_CURVE('',#2384,#3240,#3242,.T.);
#3240 = VERTEX_POINT('',#3241);
#3241 = CARTESIAN_POINT('',(42.,16.,37.));
#3242 = SURFACE_CURVE('',#3243,(#3247,#3254),.PCURVE_S1.);
#3243 = LINE('',#3244,#3245);
#3244 = CARTESIAN_POINT('',(34.,16.,37.));
#3245 = VECTOR('',#3246,1.);
#3246 = DIRECTION('',(1.,0.,0.));
#3247 = PCURVE('',#2442,#3248);
#3248 = DEFINITIONAL_REPRESENTATION('',(#3249),#3253);
#3249 = LINE('',#3250,#3251);
#3250 = CARTESIAN_POINT('',(6.,0.));
#3251 = VECTOR('',#3252,1.);
#3252 = DIRECTION('',(0.,-1.));
#3253 = ( GEOMETRIC_REPRESENTATION_CONTEXT(2) 
PARAMETRIC_REPRESENTATION_CONTEXT() REPRESENTATION_CONTEXT('2D SPACE',''
  ) );
#3254 = PCURVE('',#2494,#3255);
#3255 = DEFINITIONAL_REPRESENTATION('',(#3256),#3260);
#3256 = LINE('',#3257,#3258);
#3257 = CARTESIAN_POINT('',(-0.,0.));
#3258 = VECTOR('',#3259,1.);
#3259 = DIRECTION('',(-0.,1.));
#3260 = ( GEOMETRIC_REPRESENTATION_CONTEXT(2) 
PARAMETRIC_REPRESENTATION_CONTEXT() REPRESENTATION_CONTEXT('2D SPACE',''
  ) );
#3261 = ORIENTED_EDGE('',*,*,#3262,.T.);
#3262 = EDGE_CURVE('',#3240,#3263,#3265,.T.);
#3263 = VERTEX_POINT('',#3264);
#3264 = CARTESIAN_POINT('',(42.,-16.,37.));
#3265 = SURFACE_CURVE('',#3266,(#3270,#3277),.PCURVE_S1.);
#3266 = LINE('',#3267,#3268);
#3267 = CARTESIAN_POINT('',(42.,16.,37.));
#3268 = VECTOR('',#3269,1.);
#3269 = DIRECTION('',(0.,-1.,0.));
#3270 = PCURVE('',#2442,#3271);
#3271 = DEFINITIONAL_REPRESENTATION('',(#3272),#3276);
#3272 = LINE('',#3273,#3274);
#3273 = CARTESIAN_POINT('',(6.,-8.));
#3274 = VECTOR('',#3275,1.);
#3275 = DIRECTION('',(1.,0.));
#3276 = ( GEOMETRIC_REPRESENTATION_CONTEXT(2) 
PARAMETRIC_REPRESENTATION_CONTEXT() REPRESENTATION_CONTEXT('2D SPACE',''
  ) );
#3277 = PCURVE('',#3278,#3283);
#3278 = CYLINDRICAL_SURFACE('',#3279,2.);
#3279 = AXIS2_PLACEMENT_3D('',#3280,#3281,#3282);
#3280 = CARTESIAN_POINT('',(42.,16.,39.));
#3281 = DIRECTION('',(0.,-1.,0.));
#3282 = DIRECTION('',(1.,0.,0.));
#3283 = DEFINITIONAL_REPRESENTATION('',(#3284),#3288);
#3284 = LINE('',#3285,#3286);
#3285 = CARTESIAN_POINT('',(-1.570796326795,0.));
#3286 = VECTOR('',#3287,1.);
#3287 = DIRECTION('',(-0.,1.));
#3288 = ( GEOMETRIC_REPRESENTATION_CONTEXT(2) 
PARAMETRIC_REPRESENTATION_CONTEXT() REPRESENTATION_CONTEXT('2D SPACE',''
  ) );
#3289 = ORIENTED_EDGE('',*,*,#3290,.F.);
#3290 = EDGE_CURVE('',#2407,#3263,#3291,.T.);
#3291 = SURFACE_CURVE('',#3292,(#3296,#3303),.PCURVE_S1.);
#3292 = LINE('',#3293,#3294);
#3293 = CARTESIAN_POINT('',(34.,-16.,37.));
#3294 = VECTOR('',#3295,1.);
#3295 = DIRECTION('',(1.,0.,0.));
#3296 = PCURVE('',#2442,#3297);
#3297 = DEFINITIONAL_REPRESENTATION('',(#3298),#3302);
#3298 = LINE('',#3299,#3300);
#3299 = CARTESIAN_POINT('',(38.,0.));
#3300 = VECTOR('',#3301,1.);
#3301 = DIRECTION('',(0.,-1.));
#3302 = ( GEOMETRIC_REPRESENTATION_CONTEXT(2) 
PARAMETRIC_REPRESENTATION_CONTEXT() REPRESENTATION_CONTEXT('2D SPACE',''
  ) );
#3303 = PCURVE('',#2529,#3304);
#3304 = DEFINITIONAL_REPRESENTATION('',(#3305),#3309);
#3305 = LINE('',#3306,#3307);
#3306 = CARTESIAN_POINT('',(0.,0.));
#3307 = VECTOR('',#3308,1.);
#3308 = DIRECTION('',(0.,1.));
#3309 = ( GEOMETRIC_REPRESENTATION_CONTEXT(2) 
PARAMETRIC_REPRESENTATION_CONTEXT() REPRESENTATION_CONTEXT('2D SPACE',''
  ) );
#3310 = ORIENTED_EDGE('',*,*,#2428,.F.);
#3311 = ADVANCED_FACE('',(#3312),#2494,.F.);
#3312 = FACE_BOUND('',#3313,.T.);
#3313 = EDGE_LOOP('',(#3314,#3315,#3316,#3339));
#3314 = ORIENTED_EDGE('',*,*,#3239,.F.);
#3315 = ORIENTED_EDGE('',*,*,#2479,.F.);
#3316 = ORIENTED_EDGE('',*,*,#3317,.T.);
#3317 = EDGE_CURVE('',#2458,#3318,#3320,.T.);
#3318 = VERTEX_POINT('',#3319);
#3319 = CARTESIAN_POINT('',(42.,22.,31.));
#3320 = SURFACE_CURVE('',#3321,(#3325,#3332),.PCURVE_S1.);
#3321 = LINE('',#3322,#3323);
#3322 = CARTESIAN_POINT('',(34.,22.,31.));
#3323 = VECTOR('',#3324,1.);
#3324 = DIRECTION('',(1.,0.,0.));
#3325 = PCURVE('',#2494,#3326);
#3326 = DEFINITIONAL_REPRESENTATION('',(#3327),#3331);
#3327 = LINE('',#3328,#3329);
#3328 = CARTESIAN_POINT('',(-1.570796326795,0.));
#3329 = VECTOR('',#3330,1.);
#3330 = DIRECTION('',(-0.,1.));
#3331 = ( GEOMETRIC_REPRESENTATION_CONTEXT(2) 
PARAMETRIC_REPRESENTATION_CONTEXT() REPRESENTATION_CONTEXT('2D SPACE',''
  ) );
#3332 = PCURVE('',#2603,#3333);
#3333 = DEFINITIONAL_REPRESENTATION('',(#3334),#3338);
#3334 = LINE('',#3335,#3336);
#3335 = CARTESIAN_POINT('',(18.,0.));
#3336 = VECTOR('',#3337,1.);
#3337 = DIRECTION('',(0.,-1.));
#3338 = ( GEOMETRIC_REPRESENTATION_CONTEXT(2) 
PARAMETRIC_REPRESENTATION_CONTEXT() REPRESENTATION_CONTEXT('2D SPACE',''
  ) );
#3339 = ORIENTED_EDGE('',*,*,#3340,.T.);
#3340 = EDGE_CURVE('',#3318,#3240,#3341,.T.);
#3341 = SURFACE_CURVE('',#3342,(#3347,#3354),.PCURVE_S1.);
#3342 = CIRCLE('',#3343,6.);
#3343 = AXIS2_PLACEMENT_3D('',#3344,#3345,#3346);
#3344 = CARTESIAN_POINT('',(42.,16.,31.));
#3345 = DIRECTION('',(1.,0.,0.));
#3346 = DIRECTION('',(-0.,1.,0.));
#3347 = PCURVE('',#2494,#3348);
#3348 = DEFINITIONAL_REPRESENTATION('',(#3349),#3353);
#3349 = LINE('',#3350,#3351);
#3350 = CARTESIAN_POINT('',(-1.570796326795,8.));
#3351 = VECTOR('',#3352,1.);
#3352 = DIRECTION('',(1.,-0.));
#3353 = ( GEOMETRIC_REPRESENTATION_CONTEXT(2) 
PARAMETRIC_REPRESENTATION_CONTEXT() REPRESENTATION_CONTEXT('2D SPACE',''
  ) );
#3354 = PCURVE('',#3355,#3360);
#3355 = TOROIDAL_SURFACE('',#3356,8.,2.);
#3356 = AXIS2_PLACEMENT_3D('',#3357,#3358,#3359);
#3357 = CARTESIAN_POINT('',(42.,16.,31.));
#3358 = DIRECTION('',(1.,0.,0.));
#3359 = DIRECTION('',(-0.,1.,0.));
#3360 = DEFINITIONAL_REPRESENTATION('',(#3361),#3365);
#3361 = LINE('',#3362,#3363);
#3362 = CARTESIAN_POINT('',(0.,3.14159265359));
#3363 = VECTOR('',#3364,1.);
#3364 = DIRECTION('',(1.,0.));
#3365 = ( GEOMETRIC_REPRESENTATION_CONTEXT(2) 
PARAMETRIC_REPRESENTATION_CONTEXT() REPRESENTATION_CONTEXT('2D SPACE',''
  ) );
#3366 = ADVANCED_FACE('',(#3367),#2529,.F.);
#3367 = FACE_BOUND('',#3368,.F.);
#3368 = EDGE_LOOP('',(#3369,#3370,#3371,#3394));
#3369 = ORIENTED_EDGE('',*,*,#3290,.F.);
#3370 = ORIENTED_EDGE('',*,*,#2512,.T.);
#3371 = ORIENTED_EDGE('',*,*,#3372,.T.);
#3372 = EDGE_CURVE('',#2513,#3373,#3375,.T.);
#3373 = VERTEX_POINT('',#3374);
#3374 = CARTESIAN_POINT('',(42.,-22.,31.));
#3375 = SURFACE_CURVE('',#3376,(#3380,#3387),.PCURVE_S1.);
#3376 = LINE('',#3377,#3378);
#3377 = CARTESIAN_POINT('',(34.,-22.,31.));
#3378 = VECTOR('',#3379,1.);
#3379 = DIRECTION('',(1.,0.,0.));
#3380 = PCURVE('',#2529,#3381);
#3381 = DEFINITIONAL_REPRESENTATION('',(#3382),#3386);
#3382 = LINE('',#3383,#3384);
#3383 = CARTESIAN_POINT('',(1.570796326795,0.));
#3384 = VECTOR('',#3385,1.);
#3385 = DIRECTION('',(0.,1.));
#3386 = ( GEOMETRIC_REPRESENTATION_CONTEXT(2) 
PARAMETRIC_REPRESENTATION_CONTEXT() REPRESENTATION_CONTEXT('2D SPACE',''
  ) );
#3387 = PCURVE('',#2656,#3388);
#3388 = DEFINITIONAL_REPRESENTATION('',(#3389),#3393);
#3389 = LINE('',#3390,#3391);
#3390 = CARTESIAN_POINT('',(6.,0.));
#3391 = VECTOR('',#3392,1.);
#3392 = DIRECTION('',(0.,-1.));
#3393 = ( GEOMETRIC_REPRESENTATION_CONTEXT(2) 
PARAMETRIC_REPRESENTATION_CONTEXT() REPRESENTATION_CONTEXT('2D SPACE',''
  ) );
#3394 = ORIENTED_EDGE('',*,*,#3395,.F.);
#3395 = EDGE_CURVE('',#3263,#3373,#3396,.T.);
#3396 = SURFACE_CURVE('',#3397,(#3402,#3409),.PCURVE_S1.);
#3397 = CIRCLE('',#3398,6.);
#3398 = AXIS2_PLACEMENT_3D('',#3399,#3400,#3401);
#3399 = CARTESIAN_POINT('',(42.,-16.,31.));
#3400 = DIRECTION('',(1.,0.,0.));
#3401 = DIRECTION('',(-0.,0.,1.));
#3402 = PCURVE('',#2529,#3403);
#3403 = DEFINITIONAL_REPRESENTATION('',(#3404),#3408);
#3404 = LINE('',#3405,#3406);
#3405 = CARTESIAN_POINT('',(0.,8.));
#3406 = VECTOR('',#3407,1.);
#3407 = DIRECTION('',(1.,0.));
#3408 = ( GEOMETRIC_REPRESENTATION_CONTEXT(2) 
PARAMETRIC_REPRESENTATION_CONTEXT() REPRESENTATION_CONTEXT('2D SPACE',''
  ) );
#3409 = PCURVE('',#3410,#3415);
#3410 = TOROIDAL_SURFACE('',#3411,8.,2.);
#3411 = AXIS2_PLACEMENT_3D('',#3412,#3413,#3414);
#3412 = CARTESIAN_POINT('',(42.,-16.,31.));
#3413 = DIRECTION('',(1.,0.,0.));
#3414 = DIRECTION('',(-0.,0.,1.));
#3415 = DEFINITIONAL_REPRESENTATION('',(#3416),#3420);
#3416 = LINE('',#3417,#3418);
#3417 = CARTESIAN_POINT('',(0.,3.14159265359));
#3418 = VECTOR('',#3419,1.);
#3419 = DIRECTION('',(1.,0.));
#3420 = ( GEOMETRIC_REPRESENTATION_CONTEXT(2) 
PARAMETRIC_REPRESENTATION_CONTEXT() REPRESENTATION_CONTEXT('2D SPACE',''
  ) );
#3421 = ADVANCED_FACE('',(#3422),#2603,.T.);
#3422 = FACE_BOUND('',#3423,.T.);
#3423 = EDGE_LOOP('',(#3424,#3447,#3473,#3474));
#3424 = ORIENTED_EDGE('',*,*,#3425,.T.);
#3425 = EDGE_CURVE('',#2566,#3426,#3428,.T.);
#3426 = VERTEX_POINT('',#3427);
#3427 = CARTESIAN_POINT('',(42.,22.,19.));
#3428 = SURFACE_CURVE('',#3429,(#3433,#3440),.PCURVE_S1.);
#3429 = LINE('',#3430,#3431);
#3430 = CARTESIAN_POINT('',(34.,22.,19.));
#3431 = VECTOR('',#3432,1.);
#3432 = DIRECTION('',(1.,0.,0.));
#3433 = PCURVE('',#2603,#3434);
#3434 = DEFINITIONAL_REPRESENTATION('',(#3435),#3439);
#3435 = LINE('',#3436,#3437);
#3436 = CARTESIAN_POINT('',(6.,0.));
#3437 = VECTOR('',#3438,1.);
#3438 = DIRECTION('',(0.,-1.));
#3439 = ( GEOMETRIC_REPRESENTATION_CONTEXT(2) 
PARAMETRIC_REPRESENTATION_CONTEXT() REPRESENTATION_CONTEXT('2D SPACE',''
  ) );
#3440 = PCURVE('',#2708,#3441);
#3441 = DEFINITIONAL_REPRESENTATION('',(#3442),#3446);
#3442 = LINE('',#3443,#3444);
#3443 = CARTESIAN_POINT('',(1.570796326795,0.));
#3444 = VECTOR('',#3445,1.);
#3445 = DIRECTION('',(0.,1.));
#3446 = ( GEOMETRIC_REPRESENTATION_CONTEXT(2) 
PARAMETRIC_REPRESENTATION_CONTEXT() REPRESENTATION_CONTEXT('2D SPACE',''
  ) );
#3447 = ORIENTED_EDGE('',*,*,#3448,.T.);
#3448 = EDGE_CURVE('',#3426,#3318,#3449,.T.);
#3449 = SURFACE_CURVE('',#3450,(#3454,#3461),.PCURVE_S1.);
#3450 = LINE('',#3451,#3452);
#3451 = CARTESIAN_POINT('',(42.,22.,19.));
#3452 = VECTOR('',#3453,1.);
#3453 = DIRECTION('',(0.,0.,1.));
#3454 = PCURVE('',#2603,#3455);
#3455 = DEFINITIONAL_REPRESENTATION('',(#3456),#3460);
#3456 = LINE('',#3457,#3458);
#3457 = CARTESIAN_POINT('',(6.,-8.));
#3458 = VECTOR('',#3459,1.);
#3459 = DIRECTION('',(1.,0.));
#3460 = ( GEOMETRIC_REPRESENTATION_CONTEXT(2) 
PARAMETRIC_REPRESENTATION_CONTEXT() REPRESENTATION_CONTEXT('2D SPACE',''
  ) );
#3461 = PCURVE('',#3462,#3467);
#3462 = CYLINDRICAL_SURFACE('',#3463,2.);
#3463 = AXIS2_PLACEMENT_3D('',#3464,#3465,#3466);
#3464 = CARTESIAN_POINT('',(42.,24.,19.));
#3465 = DIRECTION('',(0.,0.,1.));
#3466 = DIRECTION('',(1.,0.,-0.));
#3467 = DEFINITIONAL_REPRESENTATION('',(#3468),#3472);
#3468 = LINE('',#3469,#3470);
#3469 = CARTESIAN_POINT('',(-1.570796326795,0.));
#3470 = VECTOR('',#3471,1.);
#3471 = DIRECTION('',(-0.,1.));
#3472 = ( GEOMETRIC_REPRESENTATION_CONTEXT(2) 
PARAMETRIC_REPRESENTATION_CONTEXT() REPRESENTATION_CONTEXT('2D SPACE',''
  ) );
#3473 = ORIENTED_EDGE('',*,*,#3317,.F.);
#3474 = ORIENTED_EDGE('',*,*,#2589,.F.);
#3475 = ADVANCED_FACE('',(#3476),#2656,.T.);
#3476 = FACE_BOUND('',#3477,.T.);
#3477 = EDGE_LOOP('',(#3478,#3479,#3507,#3528));
#3478 = ORIENTED_EDGE('',*,*,#3372,.T.);
#3479 = ORIENTED_EDGE('',*,*,#3480,.T.);
#3480 = EDGE_CURVE('',#3373,#3481,#3483,.T.);
#3481 = VERTEX_POINT('',#3482);
#3482 = CARTESIAN_POINT('',(42.,-22.,19.));
#3483 = SURFACE_CURVE('',#3484,(#3488,#3495),.PCURVE_S1.);
#3484 = LINE('',#3485,#3486);
#3485 = CARTESIAN_POINT('',(42.,-22.,31.));
#3486 = VECTOR('',#3487,1.);
#3487 = DIRECTION('',(0.,0.,-1.));
#3488 = PCURVE('',#2656,#3489);
#3489 = DEFINITIONAL_REPRESENTATION('',(#3490),#3494);
#3490 = LINE('',#3491,#3492);
#3491 = CARTESIAN_POINT('',(6.,-8.));
#3492 = VECTOR('',#3493,1.);
#3493 = DIRECTION('',(1.,0.));
#3494 = ( GEOMETRIC_REPRESENTATION_CONTEXT(2) 
PARAMETRIC_REPRESENTATION_CONTEXT() REPRESENTATION_CONTEXT('2D SPACE',''
  ) );
#3495 = PCURVE('',#3496,#3501);
#3496 = CYLINDRICAL_SURFACE('',#3497,2.);
#3497 = AXIS2_PLACEMENT_3D('',#3498,#3499,#3500);
#3498 = CARTESIAN_POINT('',(42.,-24.,31.));
#3499 = DIRECTION('',(0.,0.,-1.));
#3500 = DIRECTION('',(1.,0.,0.));
#3501 = DEFINITIONAL_REPRESENTATION('',(#3502),#3506);
#3502 = LINE('',#3503,#3504);
#3503 = CARTESIAN_POINT('',(-1.570796326795,0.));
#3504 = VECTOR('',#3505,1.);
#3505 = DIRECTION('',(-0.,1.));
#3506 = ( GEOMETRIC_REPRESENTATION_CONTEXT(2) 
PARAMETRIC_REPRESENTATION_CONTEXT() REPRESENTATION_CONTEXT('2D SPACE',''
  ) );
#3507 = ORIENTED_EDGE('',*,*,#3508,.F.);
#3508 = EDGE_CURVE('',#2621,#3481,#3509,.T.);
#3509 = SURFACE_CURVE('',#3510,(#3514,#3521),.PCURVE_S1.);
#3510 = LINE('',#3511,#3512);
#3511 = CARTESIAN_POINT('',(34.,-22.,19.));
#3512 = VECTOR('',#3513,1.);
#3513 = DIRECTION('',(1.,0.,0.));
#3514 = PCURVE('',#2656,#3515);
#3515 = DEFINITIONAL_REPRESENTATION('',(#3516),#3520);
#3516 = LINE('',#3517,#3518);
#3517 = CARTESIAN_POINT('',(18.,0.));
#3518 = VECTOR('',#3519,1.);
#3519 = DIRECTION('',(0.,-1.));
#3520 = ( GEOMETRIC_REPRESENTATION_CONTEXT(2) 
PARAMETRIC_REPRESENTATION_CONTEXT() REPRESENTATION_CONTEXT('2D SPACE',''
  ) );
#3521 = PCURVE('',#2743,#3522);
#3522 = DEFINITIONAL_REPRESENTATION('',(#3523),#3527);
#3523 = LINE('',#3524,#3525);
#3524 = CARTESIAN_POINT('',(0.,0.));
#3525 = VECTOR('',#3526,1.);
#3526 = DIRECTION('',(0.,1.));
#3527 = ( GEOMETRIC_REPRESENTATION_CONTEXT(2) 
PARAMETRIC_REPRESENTATION_CONTEXT() REPRESENTATION_CONTEXT('2D SPACE',''
  ) );
#3528 = ORIENTED_EDGE('',*,*,#2642,.F.);
#3529 = ADVANCED_FACE('',(#3530),#2708,.F.);
#3530 = FACE_BOUND('',#3531,.F.);
#3531 = EDGE_LOOP('',(#3532,#3555,#3556,#3557));
#3532 = ORIENTED_EDGE('',*,*,#3533,.F.);
#3533 = EDGE_CURVE('',#2672,#3534,#3536,.T.);
#3534 = VERTEX_POINT('',#3535);
#3535 = CARTESIAN_POINT('',(42.,16.,13.));
#3536 = SURFACE_CURVE('',#3537,(#3541,#3548),.PCURVE_S1.);
#3537 = LINE('',#3538,#3539);
#3538 = CARTESIAN_POINT('',(34.,16.,13.));
#3539 = VECTOR('',#3540,1.);
#3540 = DIRECTION('',(1.,0.,0.));
#3541 = PCURVE('',#2708,#3542);
#3542 = DEFINITIONAL_REPRESENTATION('',(#3543),#3547);
#3543 = LINE('',#3544,#3545);
#3544 = CARTESIAN_POINT('',(0.,0.));
#3545 = VECTOR('',#3546,1.);
#3546 = DIRECTION('',(0.,1.));
#3547 = ( GEOMETRIC_REPRESENTATION_CONTEXT(2) 
PARAMETRIC_REPRESENTATION_CONTEXT() REPRESENTATION_CONTEXT('2D SPACE',''
  ) );
#3548 = PCURVE('',#2796,#3549);
#3549 = DEFINITIONAL_REPRESENTATION('',(#3550),#3554);
#3550 = LINE('',#3551,#3552);
#3551 = CARTESIAN_POINT('',(38.,0.));
#3552 = VECTOR('',#3553,1.);
#3553 = DIRECTION('',(0.,-1.));
#3554 = ( GEOMETRIC_REPRESENTATION_CONTEXT(2) 
PARAMETRIC_REPRESENTATION_CONTEXT() REPRESENTATION_CONTEXT('2D SPACE',''
  ) );
#3555 = ORIENTED_EDGE('',*,*,#2693,.T.);
#3556 = ORIENTED_EDGE('',*,*,#3425,.T.);
#3557 = ORIENTED_EDGE('',*,*,#3558,.F.);
#3558 = EDGE_CURVE('',#3534,#3426,#3559,.T.);
#3559 = SURFACE_CURVE('',#3560,(#3565,#3572),.PCURVE_S1.);
#3560 = CIRCLE('',#3561,6.);
#3561 = AXIS2_PLACEMENT_3D('',#3562,#3563,#3564);
#3562 = CARTESIAN_POINT('',(42.,16.,19.));
#3563 = DIRECTION('',(1.,0.,0.));
#3564 = DIRECTION('',(0.,0.,-1.));
#3565 = PCURVE('',#2708,#3566);
#3566 = DEFINITIONAL_REPRESENTATION('',(#3567),#3571);
#3567 = LINE('',#3568,#3569);
#3568 = CARTESIAN_POINT('',(0.,8.));
#3569 = VECTOR('',#3570,1.);
#3570 = DIRECTION('',(1.,0.));
#3571 = ( GEOMETRIC_REPRESENTATION_CONTEXT(2) 
PARAMETRIC_REPRESENTATION_CONTEXT() REPRESENTATION_CONTEXT('2D SPACE',''
  ) );
#3572 = PCURVE('',#3573,#3578);
#3573 = TOROIDAL_SURFACE('',#3574,8.,2.);
#3574 = AXIS2_PLACEMENT_3D('',#3575,#3576,#3577);
#3575 = CARTESIAN_POINT('',(42.,16.,19.));
#3576 = DIRECTION('',(1.,0.,0.));
#3577 = DIRECTION('',(0.,0.,-1.));
#3578 = DEFINITIONAL_REPRESENTATION('',(#3579),#3583);
#3579 = LINE('',#3580,#3581);
#3580 = CARTESIAN_POINT('',(0.,3.14159265359));
#3581 = VECTOR('',#3582,1.);
#3582 = DIRECTION('',(1.,0.));
#3583 = ( GEOMETRIC_REPRESENTATION_CONTEXT(2) 
PARAMETRIC_REPRESENTATION_CONTEXT() REPRESENTATION_CONTEXT('2D SPACE',''
  ) );
#3584 = ADVANCED_FACE('',(#3585),#2743,.F.);
#3585 = FACE_BOUND('',#3586,.F.);
#3586 = EDGE_LOOP('',(#3587,#3588,#3589,#3612));
#3587 = ORIENTED_EDGE('',*,*,#3508,.F.);
#3588 = ORIENTED_EDGE('',*,*,#2726,.T.);
#3589 = ORIENTED_EDGE('',*,*,#3590,.T.);
#3590 = EDGE_CURVE('',#2727,#3591,#3593,.T.);
#3591 = VERTEX_POINT('',#3592);
#3592 = CARTESIAN_POINT('',(42.,-16.,13.));
#3593 = SURFACE_CURVE('',#3594,(#3598,#3605),.PCURVE_S1.);
#3594 = LINE('',#3595,#3596);
#3595 = CARTESIAN_POINT('',(34.,-16.,13.));
#3596 = VECTOR('',#3597,1.);
#3597 = DIRECTION('',(1.,0.,0.));
#3598 = PCURVE('',#2743,#3599);
#3599 = DEFINITIONAL_REPRESENTATION('',(#3600),#3604);
#3600 = LINE('',#3601,#3602);
#3601 = CARTESIAN_POINT('',(1.570796326795,0.));
#3602 = VECTOR('',#3603,1.);
#3603 = DIRECTION('',(0.,1.));
#3604 = ( GEOMETRIC_REPRESENTATION_CONTEXT(2) 
PARAMETRIC_REPRESENTATION_CONTEXT() REPRESENTATION_CONTEXT('2D SPACE',''
  ) );
#3605 = PCURVE('',#2796,#3606);
#3606 = DEFINITIONAL_REPRESENTATION('',(#3607),#3611);
#3607 = LINE('',#3608,#3609);
#3608 = CARTESIAN_POINT('',(6.,0.));
#3609 = VECTOR('',#3610,1.);
#3610 = DIRECTION('',(0.,-1.));
#3611 = ( GEOMETRIC_REPRESENTATION_CONTEXT(2) 
PARAMETRIC_REPRESENTATION_CONTEXT() REPRESENTATION_CONTEXT('2D SPACE',''
  ) );
#3612 = ORIENTED_EDGE('',*,*,#3613,.F.);
#3613 = EDGE_CURVE('',#3481,#3591,#3614,.T.);
#3614 = SURFACE_CURVE('',#3615,(#3620,#3627),.PCURVE_S1.);
#3615 = CIRCLE('',#3616,6.);
#3616 = AXIS2_PLACEMENT_3D('',#3617,#3618,#3619);
#3617 = CARTESIAN_POINT('',(42.,-16.,19.));
#3618 = DIRECTION('',(1.,0.,0.));
#3619 = DIRECTION('',(0.,-1.,0.));
#3620 = PCURVE('',#2743,#3621);
#3621 = DEFINITIONAL_REPRESENTATION('',(#3622),#3626);
#3622 = LINE('',#3623,#3624);
#3623 = CARTESIAN_POINT('',(0.,8.));
#3624 = VECTOR('',#3625,1.);
#3625 = DIRECTION('',(1.,0.));
#3626 = ( GEOMETRIC_REPRESENTATION_CONTEXT(2) 
PARAMETRIC_REPRESENTATION_CONTEXT() REPRESENTATION_CONTEXT('2D SPACE',''
  ) );
#3627 = PCURVE('',#3628,#3633);
#3628 = TOROIDAL_SURFACE('',#3629,8.,2.);
#3629 = AXIS2_PLACEMENT_3D('',#3630,#3631,#3632);
#3630 = CARTESIAN_POINT('',(42.,-16.,19.));
#3631 = DIRECTION('',(1.,0.,0.));
#3632 = DIRECTION('',(0.,-1.,0.));
#3633 = DEFINITIONAL_REPRESENTATION('',(#3634),#3638);
#3634 = LINE('',#3635,#3636);
#3635 = CARTESIAN_POINT('',(0.,3.14159265359));
#3636 = VECTOR('',#3637,1.);
#3637 = DIRECTION('',(1.,0.));
#3638 = ( GEOMETRIC_REPRESENTATION_CONTEXT(2) 
PARAMETRIC_REPRESENTATION_CONTEXT() REPRESENTATION_CONTEXT('2D SPACE',''
  ) );
#3639 = ADVANCED_FACE('',(#3640),#2796,.T.);
#3640 = FACE_BOUND('',#3641,.T.);
#3641 = EDGE_LOOP('',(#3642,#3643,#3669,#3670));
#3642 = ORIENTED_EDGE('',*,*,#3590,.T.);
#3643 = ORIENTED_EDGE('',*,*,#3644,.T.);
#3644 = EDGE_CURVE('',#3591,#3534,#3645,.T.);
#3645 = SURFACE_CURVE('',#3646,(#3650,#3657),.PCURVE_S1.);
#3646 = LINE('',#3647,#3648);
#3647 = CARTESIAN_POINT('',(42.,-16.,13.));
#3648 = VECTOR('',#3649,1.);
#3649 = DIRECTION('',(0.,1.,0.));
#3650 = PCURVE('',#2796,#3651);
#3651 = DEFINITIONAL_REPRESENTATION('',(#3652),#3656);
#3652 = LINE('',#3653,#3654);
#3653 = CARTESIAN_POINT('',(6.,-8.));
#3654 = VECTOR('',#3655,1.);
#3655 = DIRECTION('',(1.,0.));
#3656 = ( GEOMETRIC_REPRESENTATION_CONTEXT(2) 
PARAMETRIC_REPRESENTATION_CONTEXT() REPRESENTATION_CONTEXT('2D SPACE',''
  ) );
#3657 = PCURVE('',#3658,#3663);
#3658 = CYLINDRICAL_SURFACE('',#3659,2.);
#3659 = AXIS2_PLACEMENT_3D('',#3660,#3661,#3662);
#3660 = CARTESIAN_POINT('',(42.,-16.,11.));
#3661 = DIRECTION('',(0.,1.,0.));
#3662 = DIRECTION('',(1.,0.,0.));
#3663 = DEFINITIONAL_REPRESENTATION('',(#3664),#3668);
#3664 = LINE('',#3665,#3666);
#3665 = CARTESIAN_POINT('',(-1.570796326795,0.));
#3666 = VECTOR('',#3667,1.);
#3667 = DIRECTION('',(-0.,1.));
#3668 = ( GEOMETRIC_REPRESENTATION_CONTEXT(2) 
PARAMETRIC_REPRESENTATION_CONTEXT() REPRESENTATION_CONTEXT('2D SPACE',''
  ) );
#3669 = ORIENTED_EDGE('',*,*,#3533,.F.);
#3670 = ORIENTED_EDGE('',*,*,#2782,.F.);
#3671 = ADVANCED_FACE('',(#3672),#2870,.F.);
#3672 = FACE_BOUND('',#3673,.F.);
#3673 = EDGE_LOOP('',(#3674,#3697,#3725,#3746));
#3674 = ORIENTED_EDGE('',*,*,#3675,.T.);
#3675 = EDGE_CURVE('',#2812,#3676,#3678,.T.);
#3676 = VERTEX_POINT('',#3677);
#3677 = CARTESIAN_POINT('',(-47.,30.,44.999999981854));
#3678 = SURFACE_CURVE('',#3679,(#3683,#3690),.PCURVE_S1.);
#3679 = LINE('',#3680,#3681);
#3680 = CARTESIAN_POINT('',(-44.,30.,44.999999981854));
#3681 = VECTOR('',#3682,1.);
#3682 = DIRECTION('',(-1.,0.,0.));
#3683 = PCURVE('',#2870,#3684);
#3684 = DEFINITIONAL_REPRESENTATION('',(#3685),#3689);
#3685 = LINE('',#3686,#3687);
#3686 = CARTESIAN_POINT('',(10.,0.));
#3687 = VECTOR('',#3688,1.);
#3688 = DIRECTION('',(0.,-1.));
#3689 = ( GEOMETRIC_REPRESENTATION_CONTEXT(2) 
PARAMETRIC_REPRESENTATION_CONTEXT() REPRESENTATION_CONTEXT('2D SPACE',''
  ) );
#3690 = PCURVE('',#2922,#3691);
#3691 = DEFINITIONAL_REPRESENTATION('',(#3692),#3696);
#3692 = LINE('',#3693,#3694);
#3693 = CARTESIAN_POINT('',(0.,0.));
#3694 = VECTOR('',#3695,1.);
#3695 = DIRECTION('',(0.,1.));
#3696 = ( GEOMETRIC_REPRESENTATION_CONTEXT(2) 
PARAMETRIC_REPRESENTATION_CONTEXT() REPRESENTATION_CONTEXT('2D SPACE',''
  ) );
#3697 = ORIENTED_EDGE('',*,*,#3698,.T.);
#3698 = EDGE_CURVE('',#3676,#3699,#3701,.T.);
#3699 = VERTEX_POINT('',#3700);
#3700 = CARTESIAN_POINT('',(-47.,-30.,44.999999981854));
#3701 = SURFACE_CURVE('',#3702,(#3706,#3713),.PCURVE_S1.);
#3702 = LINE('',#3703,#3704);
#3703 = CARTESIAN_POINT('',(-47.,30.,44.999999981854));
#3704 = VECTOR('',#3705,1.);
#3705 = DIRECTION('',(0.,-1.,0.));
#3706 = PCURVE('',#2870,#3707);
#3707 = DEFINITIONAL_REPRESENTATION('',(#3708),#3712);
#3708 = LINE('',#3709,#3710);
#3709 = CARTESIAN_POINT('',(10.,-3.));
#3710 = VECTOR('',#3711,1.);
#3711 = DIRECTION('',(1.,0.));
#3712 = ( GEOMETRIC_REPRESENTATION_CONTEXT(2) 
PARAMETRIC_REPRESENTATION_CONTEXT() REPRESENTATION_CONTEXT('2D SPACE',''
  ) );
#3713 = PCURVE('',#3714,#3719);
#3714 = CYLINDRICAL_SURFACE('',#3715,3.);
#3715 = AXIS2_PLACEMENT_3D('',#3716,#3717,#3718);
#3716 = CARTESIAN_POINT('',(-47.,30.,47.999999981854));
#3717 = DIRECTION('',(0.,-1.,0.));
#3718 = DIRECTION('',(-0.,-0.,-1.));
#3719 = DEFINITIONAL_REPRESENTATION('',(#3720),#3724);
#3720 = LINE('',#3721,#3722);
#3721 = CARTESIAN_POINT('',(-0.,0.));
#3722 = VECTOR('',#3723,1.);
#3723 = DIRECTION('',(-0.,1.));
#3724 = ( GEOMETRIC_REPRESENTATION_CONTEXT(2) 
PARAMETRIC_REPRESENTATION_CONTEXT() REPRESENTATION_CONTEXT('2D SPACE',''
  ) );
#3725 = ORIENTED_EDGE('',*,*,#3726,.F.);
#3726 = EDGE_CURVE('',#2835,#3699,#3727,.T.);
#3727 = SURFACE_CURVE('',#3728,(#3732,#3739),.PCURVE_S1.);
#3728 = LINE('',#3729,#3730);
#3729 = CARTESIAN_POINT('',(-44.,-30.,44.999999981854));
#3730 = VECTOR('',#3731,1.);
#3731 = DIRECTION('',(-1.,0.,0.));
#3732 = PCURVE('',#2870,#3733);
#3733 = DEFINITIONAL_REPRESENTATION('',(#3734),#3738);
#3734 = LINE('',#3735,#3736);
#3735 = CARTESIAN_POINT('',(70.,0.));
#3736 = VECTOR('',#3737,1.);
#3737 = DIRECTION('',(0.,-1.));
#3738 = ( GEOMETRIC_REPRESENTATION_CONTEXT(2) 
PARAMETRIC_REPRESENTATION_CONTEXT() REPRESENTATION_CONTEXT('2D SPACE',''
  ) );
#3739 = PCURVE('',#2957,#3740);
#3740 = DEFINITIONAL_REPRESENTATION('',(#3741),#3745);
#3741 = LINE('',#3742,#3743);
#3742 = CARTESIAN_POINT('',(-0.,0.));
#3743 = VECTOR('',#3744,1.);
#3744 = DIRECTION('',(-0.,1.));
#3745 = ( GEOMETRIC_REPRESENTATION_CONTEXT(2) 
PARAMETRIC_REPRESENTATION_CONTEXT() REPRESENTATION_CONTEXT('2D SPACE',''
  ) );
#3746 = ORIENTED_EDGE('',*,*,#2856,.F.);
#3747 = ADVANCED_FACE('',(#3748),#2922,.F.);
#3748 = FACE_BOUND('',#3749,.F.);
#3749 = EDGE_LOOP('',(#3750,#3751,#3752,#3775));
#3750 = ORIENTED_EDGE('',*,*,#3675,.F.);
#3751 = ORIENTED_EDGE('',*,*,#2907,.F.);
#3752 = ORIENTED_EDGE('',*,*,#3753,.T.);
#3753 = EDGE_CURVE('',#2886,#3754,#3756,.T.);
#3754 = VERTEX_POINT('',#3755);
#3755 = CARTESIAN_POINT('',(-47.,40.,34.999999981854));
#3756 = SURFACE_CURVE('',#3757,(#3761,#3768),.PCURVE_S1.);
#3757 = LINE('',#3758,#3759);
#3758 = CARTESIAN_POINT('',(-44.,40.,34.999999981854));
#3759 = VECTOR('',#3760,1.);
#3760 = DIRECTION('',(-1.,0.,0.));
#3761 = PCURVE('',#2922,#3762);
#3762 = DEFINITIONAL_REPRESENTATION('',(#3763),#3767);
#3763 = LINE('',#3764,#3765);
#3764 = CARTESIAN_POINT('',(1.570796326795,0.));
#3765 = VECTOR('',#3766,1.);
#3766 = DIRECTION('',(0.,1.));
#3767 = ( GEOMETRIC_REPRESENTATION_CONTEXT(2) 
PARAMETRIC_REPRESENTATION_CONTEXT() REPRESENTATION_CONTEXT('2D SPACE',''
  ) );
#3768 = PCURVE('',#3031,#3769);
#3769 = DEFINITIONAL_REPRESENTATION('',(#3770),#3774);
#3770 = LINE('',#3771,#3772);
#3771 = CARTESIAN_POINT('',(30.,0.));
#3772 = VECTOR('',#3773,1.);
#3773 = DIRECTION('',(0.,-1.));
#3774 = ( GEOMETRIC_REPRESENTATION_CONTEXT(2) 
PARAMETRIC_REPRESENTATION_CONTEXT() REPRESENTATION_CONTEXT('2D SPACE',''
  ) );
#3775 = ORIENTED_EDGE('',*,*,#3776,.T.);
#3776 = EDGE_CURVE('',#3754,#3676,#3777,.T.);
#3777 = SURFACE_CURVE('',#3778,(#3783,#3790),.PCURVE_S1.);
#3778 = CIRCLE('',#3779,10.);
#3779 = AXIS2_PLACEMENT_3D('',#3780,#3781,#3782);
#3780 = CARTESIAN_POINT('',(-47.,30.,34.999999981854));
#3781 = DIRECTION('',(1.,0.,0.));
#3782 = DIRECTION('',(-0.,1.,0.));
#3783 = PCURVE('',#2922,#3784);
#3784 = DEFINITIONAL_REPRESENTATION('',(#3785),#3789);
#3785 = LINE('',#3786,#3787);
#3786 = CARTESIAN_POINT('',(1.570796326795,3.));
#3787 = VECTOR('',#3788,1.);
#3788 = DIRECTION('',(-1.,-0.));
#3789 = ( GEOMETRIC_REPRESENTATION_CONTEXT(2) 
PARAMETRIC_REPRESENTATION_CONTEXT() REPRESENTATION_CONTEXT('2D SPACE',''
  ) );
#3790 = PCURVE('',#3791,#3796);
#3791 = TOROIDAL_SURFACE('',#3792,13.,3.);
#3792 = AXIS2_PLACEMENT_3D('',#3793,#3794,#3795);
#3793 = CARTESIAN_POINT('',(-47.,30.,34.999999981854));
#3794 = DIRECTION('',(1.,0.,0.));
#3795 = DIRECTION('',(-0.,1.,0.));
#3796 = DEFINITIONAL_REPRESENTATION('',(#3797),#3801);
#3797 = LINE('',#3798,#3799);
#3798 = CARTESIAN_POINT('',(0.,3.14159265359));
#3799 = VECTOR('',#3800,1.);
#3800 = DIRECTION('',(1.,0.));
#3801 = ( GEOMETRIC_REPRESENTATION_CONTEXT(2) 
PARAMETRIC_REPRESENTATION_CONTEXT() REPRESENTATION_CONTEXT('2D SPACE',''
  ) );
#3802 = ADVANCED_FACE('',(#3803),#2957,.F.);
#3803 = FACE_BOUND('',#3804,.T.);
#3804 = EDGE_LOOP('',(#3805,#3806,#3807,#3830));
#3805 = ORIENTED_EDGE('',*,*,#3726,.F.);
#3806 = ORIENTED_EDGE('',*,*,#2940,.T.);
#3807 = ORIENTED_EDGE('',*,*,#3808,.T.);
#3808 = EDGE_CURVE('',#2941,#3809,#3811,.T.);
#3809 = VERTEX_POINT('',#3810);
#3810 = CARTESIAN_POINT('',(-47.,-40.,34.999999981854));
#3811 = SURFACE_CURVE('',#3812,(#3816,#3823),.PCURVE_S1.);
#3812 = LINE('',#3813,#3814);
#3813 = CARTESIAN_POINT('',(-44.,-40.,34.999999981854));
#3814 = VECTOR('',#3815,1.);
#3815 = DIRECTION('',(-1.,0.,0.));
#3816 = PCURVE('',#2957,#3817);
#3817 = DEFINITIONAL_REPRESENTATION('',(#3818),#3822);
#3818 = LINE('',#3819,#3820);
#3819 = CARTESIAN_POINT('',(-1.570796326795,0.));
#3820 = VECTOR('',#3821,1.);
#3821 = DIRECTION('',(-0.,1.));
#3822 = ( GEOMETRIC_REPRESENTATION_CONTEXT(2) 
PARAMETRIC_REPRESENTATION_CONTEXT() REPRESENTATION_CONTEXT('2D SPACE',''
  ) );
#3823 = PCURVE('',#3084,#3824);
#3824 = DEFINITIONAL_REPRESENTATION('',(#3825),#3829);
#3825 = LINE('',#3826,#3827);
#3826 = CARTESIAN_POINT('',(10.,0.));
#3827 = VECTOR('',#3828,1.);
#3828 = DIRECTION('',(0.,-1.));
#3829 = ( GEOMETRIC_REPRESENTATION_CONTEXT(2) 
PARAMETRIC_REPRESENTATION_CONTEXT() REPRESENTATION_CONTEXT('2D SPACE',''
  ) );
#3830 = ORIENTED_EDGE('',*,*,#3831,.F.);
#3831 = EDGE_CURVE('',#3699,#3809,#3832,.T.);
#3832 = SURFACE_CURVE('',#3833,(#3838,#3845),.PCURVE_S1.);
#3833 = CIRCLE('',#3834,10.);
#3834 = AXIS2_PLACEMENT_3D('',#3835,#3836,#3837);
#3835 = CARTESIAN_POINT('',(-47.,-30.,34.999999981854));
#3836 = DIRECTION('',(1.,0.,0.));
#3837 = DIRECTION('',(-0.,0.,1.));
#3838 = PCURVE('',#2957,#3839);
#3839 = DEFINITIONAL_REPRESENTATION('',(#3840),#3844);
#3840 = LINE('',#3841,#3842);
#3841 = CARTESIAN_POINT('',(-0.,3.));
#3842 = VECTOR('',#3843,1.);
#3843 = DIRECTION('',(-1.,0.));
#3844 = ( GEOMETRIC_REPRESENTATION_CONTEXT(2) 
PARAMETRIC_REPRESENTATION_CONTEXT() REPRESENTATION_CONTEXT('2D SPACE',''
  ) );
#3845 = PCURVE('',#3846,#3851);
#3846 = TOROIDAL_SURFACE('',#3847,13.,3.);
#3847 = AXIS2_PLACEMENT_3D('',#3848,#3849,#3850);
#3848 = CARTESIAN_POINT('',(-47.,-30.,34.999999981854));
#3849 = DIRECTION('',(1.,0.,0.));
#3850 = DIRECTION('',(-0.,0.,1.));
#3851 = DEFINITIONAL_REPRESENTATION('',(#3852),#3856);
#3852 = LINE('',#3853,#3854);
#3853 = CARTESIAN_POINT('',(0.,3.14159265359));
#3854 = VECTOR('',#3855,1.);
#3855 = DIRECTION('',(1.,0.));
#3856 = ( GEOMETRIC_REPRESENTATION_CONTEXT(2) 
PARAMETRIC_REPRESENTATION_CONTEXT() REPRESENTATION_CONTEXT('2D SPACE',''
  ) );
#3857 = ADVANCED_FACE('',(#3858),#3031,.F.);
#3858 = FACE_BOUND('',#3859,.F.);
#3859 = EDGE_LOOP('',(#3860,#3883,#3909,#3910));
#3860 = ORIENTED_EDGE('',*,*,#3861,.T.);
#3861 = EDGE_CURVE('',#2994,#3862,#3864,.T.);
#3862 = VERTEX_POINT('',#3863);
#3863 = CARTESIAN_POINT('',(-47.,40.,14.999999981854));
#3864 = SURFACE_CURVE('',#3865,(#3869,#3876),.PCURVE_S1.);
#3865 = LINE('',#3866,#3867);
#3866 = CARTESIAN_POINT('',(-44.,40.,14.999999981854));
#3867 = VECTOR('',#3868,1.);
#3868 = DIRECTION('',(-1.,0.,0.));
#3869 = PCURVE('',#3031,#3870);
#3870 = DEFINITIONAL_REPRESENTATION('',(#3871),#3875);
#3871 = LINE('',#3872,#3873);
#3872 = CARTESIAN_POINT('',(10.,0.));
#3873 = VECTOR('',#3874,1.);
#3874 = DIRECTION('',(0.,-1.));
#3875 = ( GEOMETRIC_REPRESENTATION_CONTEXT(2) 
PARAMETRIC_REPRESENTATION_CONTEXT() REPRESENTATION_CONTEXT('2D SPACE',''
  ) );
#3876 = PCURVE('',#3136,#3877);
#3877 = DEFINITIONAL_REPRESENTATION('',(#3878),#3882);
#3878 = LINE('',#3879,#3880);
#3879 = CARTESIAN_POINT('',(-1.570796326795,0.));
#3880 = VECTOR('',#3881,1.);
#3881 = DIRECTION('',(-0.,1.));
#3882 = ( GEOMETRIC_REPRESENTATION_CONTEXT(2) 
PARAMETRIC_REPRESENTATION_CONTEXT() REPRESENTATION_CONTEXT('2D SPACE',''
  ) );
#3883 = ORIENTED_EDGE('',*,*,#3884,.T.);
#3884 = EDGE_CURVE('',#3862,#3754,#3885,.T.);
#3885 = SURFACE_CURVE('',#3886,(#3890,#3897),.PCURVE_S1.);
#3886 = LINE('',#3887,#3888);
#3887 = CARTESIAN_POINT('',(-47.,40.,14.999999981854));
#3888 = VECTOR('',#3889,1.);
#3889 = DIRECTION('',(0.,0.,1.));
#3890 = PCURVE('',#3031,#3891);
#3891 = DEFINITIONAL_REPRESENTATION('',(#3892),#3896);
#3892 = LINE('',#3893,#3894);
#3893 = CARTESIAN_POINT('',(10.,-3.));
#3894 = VECTOR('',#3895,1.);
#3895 = DIRECTION('',(1.,0.));
#3896 = ( GEOMETRIC_REPRESENTATION_CONTEXT(2) 
PARAMETRIC_REPRESENTATION_CONTEXT() REPRESENTATION_CONTEXT('2D SPACE',''
  ) );
#3897 = PCURVE('',#3898,#3903);
#3898 = CYLINDRICAL_SURFACE('',#3899,3.);
#3899 = AXIS2_PLACEMENT_3D('',#3900,#3901,#3902);
#3900 = CARTESIAN_POINT('',(-47.,43.,14.999999981854));
#3901 = DIRECTION('',(0.,0.,1.));
#3902 = DIRECTION('',(0.,-1.,0.));
#3903 = DEFINITIONAL_REPRESENTATION('',(#3904),#3908);
#3904 = LINE('',#3905,#3906);
#3905 = CARTESIAN_POINT('',(-0.,0.));
#3906 = VECTOR('',#3907,1.);
#3907 = DIRECTION('',(-0.,1.));
#3908 = ( GEOMETRIC_REPRESENTATION_CONTEXT(2) 
PARAMETRIC_REPRESENTATION_CONTEXT() REPRESENTATION_CONTEXT('2D SPACE',''
  ) );
#3909 = ORIENTED_EDGE('',*,*,#3753,.F.);
#3910 = ORIENTED_EDGE('',*,*,#3017,.F.);
#3911 = ADVANCED_FACE('',(#3912),#3084,.F.);
#3912 = FACE_BOUND('',#3913,.F.);
#3913 = EDGE_LOOP('',(#3914,#3915,#3943,#3964));
#3914 = ORIENTED_EDGE('',*,*,#3808,.T.);
#3915 = ORIENTED_EDGE('',*,*,#3916,.T.);
#3916 = EDGE_CURVE('',#3809,#3917,#3919,.T.);
#3917 = VERTEX_POINT('',#3918);
#3918 = CARTESIAN_POINT('',(-47.,-40.,14.999999981854));
#3919 = SURFACE_CURVE('',#3920,(#3924,#3931),.PCURVE_S1.);
#3920 = LINE('',#3921,#3922);
#3921 = CARTESIAN_POINT('',(-47.,-40.,34.999999981854));
#3922 = VECTOR('',#3923,1.);
#3923 = DIRECTION('',(0.,0.,-1.));
#3924 = PCURVE('',#3084,#3925);
#3925 = DEFINITIONAL_REPRESENTATION('',(#3926),#3930);
#3926 = LINE('',#3927,#3928);
#3927 = CARTESIAN_POINT('',(10.,-3.));
#3928 = VECTOR('',#3929,1.);
#3929 = DIRECTION('',(1.,0.));
#3930 = ( GEOMETRIC_REPRESENTATION_CONTEXT(2) 
PARAMETRIC_REPRESENTATION_CONTEXT() REPRESENTATION_CONTEXT('2D SPACE',''
  ) );
#3931 = PCURVE('',#3932,#3937);
#3932 = CYLINDRICAL_SURFACE('',#3933,3.);
#3933 = AXIS2_PLACEMENT_3D('',#3934,#3935,#3936);
#3934 = CARTESIAN_POINT('',(-47.,-43.,34.999999981854));
#3935 = DIRECTION('',(0.,0.,-1.));
#3936 = DIRECTION('',(0.,1.,0.));
#3937 = DEFINITIONAL_REPRESENTATION('',(#3938),#3942);
#3938 = LINE('',#3939,#3940);
#3939 = CARTESIAN_POINT('',(-0.,0.));
#3940 = VECTOR('',#3941,1.);
#3941 = DIRECTION('',(-0.,1.));
#3942 = ( GEOMETRIC_REPRESENTATION_CONTEXT(2) 
PARAMETRIC_REPRESENTATION_CONTEXT() REPRESENTATION_CONTEXT('2D SPACE',''
  ) );
#3943 = ORIENTED_EDGE('',*,*,#3944,.F.);
#3944 = EDGE_CURVE('',#3049,#3917,#3945,.T.);
#3945 = SURFACE_CURVE('',#3946,(#3950,#3957),.PCURVE_S1.);
#3946 = LINE('',#3947,#3948);
#3947 = CARTESIAN_POINT('',(-44.,-40.,14.999999981854));
#3948 = VECTOR('',#3949,1.);
#3949 = DIRECTION('',(-1.,0.,0.));
#3950 = PCURVE('',#3084,#3951);
#3951 = DEFINITIONAL_REPRESENTATION('',(#3952),#3956);
#3952 = LINE('',#3953,#3954);
#3953 = CARTESIAN_POINT('',(30.,0.));
#3954 = VECTOR('',#3955,1.);
#3955 = DIRECTION('',(0.,-1.));
#3956 = ( GEOMETRIC_REPRESENTATION_CONTEXT(2) 
PARAMETRIC_REPRESENTATION_CONTEXT() REPRESENTATION_CONTEXT('2D SPACE',''
  ) );
#3957 = PCURVE('',#3171,#3958);
#3958 = DEFINITIONAL_REPRESENTATION('',(#3959),#3963);
#3959 = LINE('',#3960,#3961);
#3960 = CARTESIAN_POINT('',(-0.,0.));
#3961 = VECTOR('',#3962,1.);
#3962 = DIRECTION('',(-0.,1.));
#3963 = ( GEOMETRIC_REPRESENTATION_CONTEXT(2) 
PARAMETRIC_REPRESENTATION_CONTEXT() REPRESENTATION_CONTEXT('2D SPACE',''
  ) );
#3964 = ORIENTED_EDGE('',*,*,#3070,.F.);
#3965 = ADVANCED_FACE('',(#3966),#3136,.F.);
#3966 = FACE_BOUND('',#3967,.T.);
#3967 = EDGE_LOOP('',(#3968,#3991,#3992,#3993));
#3968 = ORIENTED_EDGE('',*,*,#3969,.F.);
#3969 = EDGE_CURVE('',#3100,#3970,#3972,.T.);
#3970 = VERTEX_POINT('',#3971);
#3971 = CARTESIAN_POINT('',(-47.,30.,4.999999981854));
#3972 = SURFACE_CURVE('',#3973,(#3977,#3984),.PCURVE_S1.);
#3973 = LINE('',#3974,#3975);
#3974 = CARTESIAN_POINT('',(-44.,30.,4.999999981854));
#3975 = VECTOR('',#3976,1.);
#3976 = DIRECTION('',(-1.,0.,0.));
#3977 = PCURVE('',#3136,#3978);
#3978 = DEFINITIONAL_REPRESENTATION('',(#3979),#3983);
#3979 = LINE('',#3980,#3981);
#3980 = CARTESIAN_POINT('',(-0.,0.));
#3981 = VECTOR('',#3982,1.);
#3982 = DIRECTION('',(-0.,1.));
#3983 = ( GEOMETRIC_REPRESENTATION_CONTEXT(2) 
PARAMETRIC_REPRESENTATION_CONTEXT() REPRESENTATION_CONTEXT('2D SPACE',''
  ) );
#3984 = PCURVE('',#3224,#3985);
#3985 = DEFINITIONAL_REPRESENTATION('',(#3986),#3990);
#3986 = LINE('',#3987,#3988);
#3987 = CARTESIAN_POINT('',(70.,0.));
#3988 = VECTOR('',#3989,1.);
#3989 = DIRECTION('',(0.,-1.));
#3990 = ( GEOMETRIC_REPRESENTATION_CONTEXT(2) 
PARAMETRIC_REPRESENTATION_CONTEXT() REPRESENTATION_CONTEXT('2D SPACE',''
  ) );
#3991 = ORIENTED_EDGE('',*,*,#3121,.T.);
#3992 = ORIENTED_EDGE('',*,*,#3861,.T.);
#3993 = ORIENTED_EDGE('',*,*,#3994,.F.);
#3994 = EDGE_CURVE('',#3970,#3862,#3995,.T.);
#3995 = SURFACE_CURVE('',#3996,(#4001,#4008),.PCURVE_S1.);
#3996 = CIRCLE('',#3997,10.);
#3997 = AXIS2_PLACEMENT_3D('',#3998,#3999,#4000);
#3998 = CARTESIAN_POINT('',(-47.,30.,14.999999981854));
#3999 = DIRECTION('',(1.,0.,0.));
#4000 = DIRECTION('',(0.,0.,-1.));
#4001 = PCURVE('',#3136,#4002);
#4002 = DEFINITIONAL_REPRESENTATION('',(#4003),#4007);
#4003 = LINE('',#4004,#4005);
#4004 = CARTESIAN_POINT('',(-0.,3.));
#4005 = VECTOR('',#4006,1.);
#4006 = DIRECTION('',(-1.,0.));
#4007 = ( GEOMETRIC_REPRESENTATION_CONTEXT(2) 
PARAMETRIC_REPRESENTATION_CONTEXT() REPRESENTATION_CONTEXT('2D SPACE',''
  ) );
#4008 = PCURVE('',#4009,#4014);
#4009 = TOROIDAL_SURFACE('',#4010,13.,3.);
#4010 = AXIS2_PLACEMENT_3D('',#4011,#4012,#4013);
#4011 = CARTESIAN_POINT('',(-47.,30.,14.999999981854));
#4012 = DIRECTION('',(1.,0.,0.));
#4013 = DIRECTION('',(0.,0.,-1.));
#4014 = DEFINITIONAL_REPRESENTATION('',(#4015),#4019);
#4015 = LINE('',#4016,#4017);
#4016 = CARTESIAN_POINT('',(0.,3.14159265359));
#4017 = VECTOR('',#4018,1.);
#4018 = DIRECTION('',(1.,0.));
#4019 = ( GEOMETRIC_REPRESENTATION_CONTEXT(2) 
PARAMETRIC_REPRESENTATION_CONTEXT() REPRESENTATION_CONTEXT('2D SPACE',''
  ) );
#4020 = ADVANCED_FACE('',(#4021),#3171,.F.);
#4021 = FACE_BOUND('',#4022,.T.);
#4022 = EDGE_LOOP('',(#4023,#4024,#4025,#4048));
#4023 = ORIENTED_EDGE('',*,*,#3944,.F.);
#4024 = ORIENTED_EDGE('',*,*,#3154,.T.);
#4025 = ORIENTED_EDGE('',*,*,#4026,.T.);
#4026 = EDGE_CURVE('',#3155,#4027,#4029,.T.);
#4027 = VERTEX_POINT('',#4028);
#4028 = CARTESIAN_POINT('',(-47.,-30.,4.999999981854));
#4029 = SURFACE_CURVE('',#4030,(#4034,#4041),.PCURVE_S1.);
#4030 = LINE('',#4031,#4032);
#4031 = CARTESIAN_POINT('',(-44.,-30.,4.999999981854));
#4032 = VECTOR('',#4033,1.);
#4033 = DIRECTION('',(-1.,0.,0.));
#4034 = PCURVE('',#3171,#4035);
#4035 = DEFINITIONAL_REPRESENTATION('',(#4036),#4040);
#4036 = LINE('',#4037,#4038);
#4037 = CARTESIAN_POINT('',(-1.570796326795,0.));
#4038 = VECTOR('',#4039,1.);
#4039 = DIRECTION('',(-0.,1.));
#4040 = ( GEOMETRIC_REPRESENTATION_CONTEXT(2) 
PARAMETRIC_REPRESENTATION_CONTEXT() REPRESENTATION_CONTEXT('2D SPACE',''
  ) );
#4041 = PCURVE('',#3224,#4042);
#4042 = DEFINITIONAL_REPRESENTATION('',(#4043),#4047);
#4043 = LINE('',#4044,#4045);
#4044 = CARTESIAN_POINT('',(10.,0.));
#4045 = VECTOR('',#4046,1.);
#4046 = DIRECTION('',(0.,-1.));
#4047 = ( GEOMETRIC_REPRESENTATION_CONTEXT(2) 
PARAMETRIC_REPRESENTATION_CONTEXT() REPRESENTATION_CONTEXT('2D SPACE',''
  ) );
#4048 = ORIENTED_EDGE('',*,*,#4049,.F.);
#4049 = EDGE_CURVE('',#3917,#4027,#4050,.T.);
#4050 = SURFACE_CURVE('',#4051,(#4056,#4063),.PCURVE_S1.);
#4051 = CIRCLE('',#4052,10.);
#4052 = AXIS2_PLACEMENT_3D('',#4053,#4054,#4055);
#4053 = CARTESIAN_POINT('',(-47.,-30.,14.999999981854));
#4054 = DIRECTION('',(1.,0.,0.));
#4055 = DIRECTION('',(0.,-1.,0.));
#4056 = PCURVE('',#3171,#4057);
#4057 = DEFINITIONAL_REPRESENTATION('',(#4058),#4062);
#4058 = LINE('',#4059,#4060);
#4059 = CARTESIAN_POINT('',(-0.,3.));
#4060 = VECTOR('',#4061,1.);
#4061 = DIRECTION('',(-1.,0.));
#4062 = ( GEOMETRIC_REPRESENTATION_CONTEXT(2) 
PARAMETRIC_REPRESENTATION_CONTEXT() REPRESENTATION_CONTEXT('2D SPACE',''
  ) );
#4063 = PCURVE('',#4064,#4069);
#4064 = TOROIDAL_SURFACE('',#4065,13.,3.);
#4065 = AXIS2_PLACEMENT_3D('',#4066,#4067,#4068);
#4066 = CARTESIAN_POINT('',(-47.,-30.,14.999999981854));
#4067 = DIRECTION('',(1.,0.,0.));
#4068 = DIRECTION('',(0.,-1.,0.));
#4069 = DEFINITIONAL_REPRESENTATION('',(#4070),#4074);
#4070 = LINE('',#4071,#4072);
#4071 = CARTESIAN_POINT('',(0.,3.14159265359));
#4072 = VECTOR('',#4073,1.);
#4073 = DIRECTION('',(1.,0.));
#4074 = ( GEOMETRIC_REPRESENTATION_CONTEXT(2) 
PARAMETRIC_REPRESENTATION_CONTEXT() REPRESENTATION_CONTEXT('2D SPACE',''
  ) );
#4075 = ADVANCED_FACE('',(#4076),#3224,.F.);
#4076 = FACE_BOUND('',#4077,.F.);
#4077 = EDGE_LOOP('',(#4078,#4079,#4105,#4106));
#4078 = ORIENTED_EDGE('',*,*,#4026,.T.);
#4079 = ORIENTED_EDGE('',*,*,#4080,.T.);
#4080 = EDGE_CURVE('',#4027,#3970,#4081,.T.);
#4081 = SURFACE_CURVE('',#4082,(#4086,#4093),.PCURVE_S1.);
#4082 = LINE('',#4083,#4084);
#4083 = CARTESIAN_POINT('',(-47.,-30.,4.999999981854));
#4084 = VECTOR('',#4085,1.);
#4085 = DIRECTION('',(0.,1.,0.));
#4086 = PCURVE('',#3224,#4087);
#4087 = DEFINITIONAL_REPRESENTATION('',(#4088),#4092);
#4088 = LINE('',#4089,#4090);
#4089 = CARTESIAN_POINT('',(10.,-3.));
#4090 = VECTOR('',#4091,1.);
#4091 = DIRECTION('',(1.,0.));
#4092 = ( GEOMETRIC_REPRESENTATION_CONTEXT(2) 
PARAMETRIC_REPRESENTATION_CONTEXT() REPRESENTATION_CONTEXT('2D SPACE',''
  ) );
#4093 = PCURVE('',#4094,#4099);
#4094 = CYLINDRICAL_SURFACE('',#4095,3.);
#4095 = AXIS2_PLACEMENT_3D('',#4096,#4097,#4098);
#4096 = CARTESIAN_POINT('',(-47.,-30.,1.999999981854));
#4097 = DIRECTION('',(0.,1.,0.));
#4098 = DIRECTION('',(0.,-0.,1.));
#4099 = DEFINITIONAL_REPRESENTATION('',(#4100),#4104);
#4100 = LINE('',#4101,#4102);
#4101 = CARTESIAN_POINT('',(-0.,0.));
#4102 = VECTOR('',#4103,1.);
#4103 = DIRECTION('',(-0.,1.));
#4104 = ( GEOMETRIC_REPRESENTATION_CONTEXT(2) 
PARAMETRIC_REPRESENTATION_CONTEXT() REPRESENTATION_CONTEXT('2D SPACE',''
  ) );
#4105 = ORIENTED_EDGE('',*,*,#3969,.F.);
#4106 = ORIENTED_EDGE('',*,*,#3210,.F.);
#4107 = ADVANCED_FACE('',(#4108),#3278,.T.);
#4108 = FACE_BOUND('',#4109,.F.);
#4109 = EDGE_LOOP('',(#4110,#4132,#4133,#4155));
#4110 = ORIENTED_EDGE('',*,*,#4111,.T.);
#4111 = EDGE_CURVE('',#4112,#3240,#4114,.T.);
#4112 = VERTEX_POINT('',#4113);
#4113 = CARTESIAN_POINT('',(44.,16.,39.));
#4114 = SURFACE_CURVE('',#4115,(#4120,#4126),.PCURVE_S1.);
#4115 = CIRCLE('',#4116,2.);
#4116 = AXIS2_PLACEMENT_3D('',#4117,#4118,#4119);
#4117 = CARTESIAN_POINT('',(42.,16.,39.));
#4118 = DIRECTION('',(-0.,1.,0.));
#4119 = DIRECTION('',(1.,0.,0.));
#4120 = PCURVE('',#3278,#4121);
#4121 = DEFINITIONAL_REPRESENTATION('',(#4122),#4125);
#4122 = B_SPLINE_CURVE_WITH_KNOTS('',1,(#4123,#4124),.UNSPECIFIED.,.F.,
  .F.,(2,2),(0.,1.570796326795),.PIECEWISE_BEZIER_KNOTS.);
#4123 = CARTESIAN_POINT('',(0.,0.));
#4124 = CARTESIAN_POINT('',(-1.570796326795,0.));
#4125 = ( GEOMETRIC_REPRESENTATION_CONTEXT(2) 
PARAMETRIC_REPRESENTATION_CONTEXT() REPRESENTATION_CONTEXT('2D SPACE',''
  ) );
#4126 = PCURVE('',#3355,#4127);
#4127 = DEFINITIONAL_REPRESENTATION('',(#4128),#4131);
#4128 = B_SPLINE_CURVE_WITH_KNOTS('',1,(#4129,#4130),.UNSPECIFIED.,.F.,
  .F.,(2,2),(0.,1.570796326795),.PIECEWISE_BEZIER_KNOTS.);
#4129 = CARTESIAN_POINT('',(1.570796326795,1.570796326795));
#4130 = CARTESIAN_POINT('',(1.570796326795,3.14159265359));
#4131 = ( GEOMETRIC_REPRESENTATION_CONTEXT(2) 
PARAMETRIC_REPRESENTATION_CONTEXT() REPRESENTATION_CONTEXT('2D SPACE',''
  ) );
#4132 = ORIENTED_EDGE('',*,*,#3262,.T.);
#4133 = ORIENTED_EDGE('',*,*,#4134,.F.);
#4134 = EDGE_CURVE('',#4135,#3263,#4137,.T.);
#4135 = VERTEX_POINT('',#4136);
#4136 = CARTESIAN_POINT('',(44.,-16.,39.));
#4137 = SURFACE_CURVE('',#4138,(#4143,#4149),.PCURVE_S1.);
#4138 = CIRCLE('',#4139,2.);
#4139 = AXIS2_PLACEMENT_3D('',#4140,#4141,#4142);
#4140 = CARTESIAN_POINT('',(42.,-16.,39.));
#4141 = DIRECTION('',(-0.,1.,0.));
#4142 = DIRECTION('',(1.,0.,0.));
#4143 = PCURVE('',#3278,#4144);
#4144 = DEFINITIONAL_REPRESENTATION('',(#4145),#4148);
#4145 = B_SPLINE_CURVE_WITH_KNOTS('',1,(#4146,#4147),.UNSPECIFIED.,.F.,
  .F.,(2,2),(0.,1.570796326795),.PIECEWISE_BEZIER_KNOTS.);
#4146 = CARTESIAN_POINT('',(0.,32.));
#4147 = CARTESIAN_POINT('',(-1.570796326795,32.));
#4148 = ( GEOMETRIC_REPRESENTATION_CONTEXT(2) 
PARAMETRIC_REPRESENTATION_CONTEXT() REPRESENTATION_CONTEXT('2D SPACE',''
  ) );
#4149 = PCURVE('',#3410,#4150);
#4150 = DEFINITIONAL_REPRESENTATION('',(#4151),#4154);
#4151 = B_SPLINE_CURVE_WITH_KNOTS('',1,(#4152,#4153),.UNSPECIFIED.,.F.,
  .F.,(2,2),(0.,1.570796326795),.PIECEWISE_BEZIER_KNOTS.);
#4152 = CARTESIAN_POINT('',(0.,1.570796326795));
#4153 = CARTESIAN_POINT('',(0.,3.14159265359));
#4154 = ( GEOMETRIC_REPRESENTATION_CONTEXT(2) 
PARAMETRIC_REPRESENTATION_CONTEXT() REPRESENTATION_CONTEXT('2D SPACE',''
  ) );
#4155 = ORIENTED_EDGE('',*,*,#4156,.F.);
#4156 = EDGE_CURVE('',#4112,#4135,#4157,.T.);
#4157 = SURFACE_CURVE('',#4158,(#4162,#4169),.PCURVE_S1.);
#4158 = LINE('',#4159,#4160);
#4159 = CARTESIAN_POINT('',(44.,16.,39.));
#4160 = VECTOR('',#4161,1.);
#4161 = DIRECTION('',(0.,-1.,0.));
#4162 = PCURVE('',#3278,#4163);
#4163 = DEFINITIONAL_REPRESENTATION('',(#4164),#4168);
#4164 = LINE('',#4165,#4166);
#4165 = CARTESIAN_POINT('',(-0.,0.));
#4166 = VECTOR('',#4167,1.);
#4167 = DIRECTION('',(-0.,1.));
#4168 = ( GEOMETRIC_REPRESENTATION_CONTEXT(2) 
PARAMETRIC_REPRESENTATION_CONTEXT() REPRESENTATION_CONTEXT('2D SPACE',''
  ) );
#4169 = PCURVE('',#4170,#4175);
#4170 = PLANE('',#4171);
#4171 = AXIS2_PLACEMENT_3D('',#4172,#4173,#4174);
#4172 = CARTESIAN_POINT('',(44.,0.,24.999999981854));
#4173 = DIRECTION('',(1.,0.,0.));
#4174 = DIRECTION('',(-0.,0.,1.));
#4175 = DEFINITIONAL_REPRESENTATION('',(#4176),#4180);
#4176 = LINE('',#4177,#4178);
#4177 = CARTESIAN_POINT('',(14.000000018146,-16.));
#4178 = VECTOR('',#4179,1.);
#4179 = DIRECTION('',(0.,1.));
#4180 = ( GEOMETRIC_REPRESENTATION_CONTEXT(2) 
PARAMETRIC_REPRESENTATION_CONTEXT() REPRESENTATION_CONTEXT('2D SPACE',''
  ) );
#4181 = ADVANCED_FACE('',(#4182),#3355,.T.);
#4182 = FACE_BOUND('',#4183,.T.);
#4183 = EDGE_LOOP('',(#4184,#4206,#4228,#4229));
#4184 = ORIENTED_EDGE('',*,*,#4185,.F.);
#4185 = EDGE_CURVE('',#4186,#3318,#4188,.T.);
#4186 = VERTEX_POINT('',#4187);
#4187 = CARTESIAN_POINT('',(44.,24.,31.));
#4188 = SURFACE_CURVE('',#4189,(#4194,#4200),.PCURVE_S1.);
#4189 = CIRCLE('',#4190,2.);
#4190 = AXIS2_PLACEMENT_3D('',#4191,#4192,#4193);
#4191 = CARTESIAN_POINT('',(42.,24.,31.));
#4192 = DIRECTION('',(0.,-0.,-1.));
#4193 = DIRECTION('',(1.,0.,-0.));
#4194 = PCURVE('',#3355,#4195);
#4195 = DEFINITIONAL_REPRESENTATION('',(#4196),#4199);
#4196 = B_SPLINE_CURVE_WITH_KNOTS('',1,(#4197,#4198),.UNSPECIFIED.,.F.,
  .F.,(2,2),(0.,1.570796326795),.PIECEWISE_BEZIER_KNOTS.);
#4197 = CARTESIAN_POINT('',(0.,1.570796326795));
#4198 = CARTESIAN_POINT('',(0.,3.14159265359));
#4199 = ( GEOMETRIC_REPRESENTATION_CONTEXT(2) 
PARAMETRIC_REPRESENTATION_CONTEXT() REPRESENTATION_CONTEXT('2D SPACE',''
  ) );
#4200 = PCURVE('',#3462,#4201);
#4201 = DEFINITIONAL_REPRESENTATION('',(#4202),#4205);
#4202 = B_SPLINE_CURVE_WITH_KNOTS('',1,(#4203,#4204),.UNSPECIFIED.,.F.,
  .F.,(2,2),(0.,1.570796326795),.PIECEWISE_BEZIER_KNOTS.);
#4203 = CARTESIAN_POINT('',(0.,12.));
#4204 = CARTESIAN_POINT('',(-1.570796326795,12.));
#4205 = ( GEOMETRIC_REPRESENTATION_CONTEXT(2) 
PARAMETRIC_REPRESENTATION_CONTEXT() REPRESENTATION_CONTEXT('2D SPACE',''
  ) );
#4206 = ORIENTED_EDGE('',*,*,#4207,.T.);
#4207 = EDGE_CURVE('',#4186,#4112,#4208,.T.);
#4208 = SURFACE_CURVE('',#4209,(#4214,#4221),.PCURVE_S1.);
#4209 = CIRCLE('',#4210,8.);
#4210 = AXIS2_PLACEMENT_3D('',#4211,#4212,#4213);
#4211 = CARTESIAN_POINT('',(44.,16.,31.));
#4212 = DIRECTION('',(1.,0.,0.));
#4213 = DIRECTION('',(-0.,1.,0.));
#4214 = PCURVE('',#3355,#4215);
#4215 = DEFINITIONAL_REPRESENTATION('',(#4216),#4220);
#4216 = LINE('',#4217,#4218);
#4217 = CARTESIAN_POINT('',(0.,1.570796326795));
#4218 = VECTOR('',#4219,1.);
#4219 = DIRECTION('',(1.,0.));
#4220 = ( GEOMETRIC_REPRESENTATION_CONTEXT(2) 
PARAMETRIC_REPRESENTATION_CONTEXT() REPRESENTATION_CONTEXT('2D SPACE',''
  ) );
#4221 = PCURVE('',#4170,#4222);
#4222 = DEFINITIONAL_REPRESENTATION('',(#4223),#4227);
#4223 = CIRCLE('',#4224,8.);
#4224 = AXIS2_PLACEMENT_2D('',#4225,#4226);
#4225 = CARTESIAN_POINT('',(6.000000018146,-16.));
#4226 = DIRECTION('',(0.,-1.));
#4227 = ( GEOMETRIC_REPRESENTATION_CONTEXT(2) 
PARAMETRIC_REPRESENTATION_CONTEXT() REPRESENTATION_CONTEXT('2D SPACE',''
  ) );
#4228 = ORIENTED_EDGE('',*,*,#4111,.T.);
#4229 = ORIENTED_EDGE('',*,*,#3340,.F.);
#4230 = ADVANCED_FACE('',(#4231),#3410,.T.);
#4231 = FACE_BOUND('',#4232,.T.);
#4232 = EDGE_LOOP('',(#4233,#4234,#4258,#4278));
#4233 = ORIENTED_EDGE('',*,*,#4134,.F.);
#4234 = ORIENTED_EDGE('',*,*,#4235,.T.);
#4235 = EDGE_CURVE('',#4135,#4236,#4238,.T.);
#4236 = VERTEX_POINT('',#4237);
#4237 = CARTESIAN_POINT('',(44.,-24.,31.));
#4238 = SURFACE_CURVE('',#4239,(#4244,#4251),.PCURVE_S1.);
#4239 = CIRCLE('',#4240,8.);
#4240 = AXIS2_PLACEMENT_3D('',#4241,#4242,#4243);
#4241 = CARTESIAN_POINT('',(44.,-16.,31.));
#4242 = DIRECTION('',(1.,0.,0.));
#4243 = DIRECTION('',(-0.,0.,1.));
#4244 = PCURVE('',#3410,#4245);
#4245 = DEFINITIONAL_REPRESENTATION('',(#4246),#4250);
#4246 = LINE('',#4247,#4248);
#4247 = CARTESIAN_POINT('',(0.,1.570796326795));
#4248 = VECTOR('',#4249,1.);
#4249 = DIRECTION('',(1.,0.));
#4250 = ( GEOMETRIC_REPRESENTATION_CONTEXT(2) 
PARAMETRIC_REPRESENTATION_CONTEXT() REPRESENTATION_CONTEXT('2D SPACE',''
  ) );
#4251 = PCURVE('',#4170,#4252);
#4252 = DEFINITIONAL_REPRESENTATION('',(#4253),#4257);
#4253 = CIRCLE('',#4254,8.);
#4254 = AXIS2_PLACEMENT_2D('',#4255,#4256);
#4255 = CARTESIAN_POINT('',(6.000000018146,16.));
#4256 = DIRECTION('',(1.,0.));
#4257 = ( GEOMETRIC_REPRESENTATION_CONTEXT(2) 
PARAMETRIC_REPRESENTATION_CONTEXT() REPRESENTATION_CONTEXT('2D SPACE',''
  ) );
#4258 = ORIENTED_EDGE('',*,*,#4259,.T.);
#4259 = EDGE_CURVE('',#4236,#3373,#4260,.T.);
#4260 = SURFACE_CURVE('',#4261,(#4266,#4272),.PCURVE_S1.);
#4261 = CIRCLE('',#4262,2.);
#4262 = AXIS2_PLACEMENT_3D('',#4263,#4264,#4265);
#4263 = CARTESIAN_POINT('',(42.,-24.,31.));
#4264 = DIRECTION('',(-0.,6.123233995737E-17,1.));
#4265 = DIRECTION('',(0.,-1.,6.123233995737E-17));
#4266 = PCURVE('',#3410,#4267);
#4267 = DEFINITIONAL_REPRESENTATION('',(#4268),#4271);
#4268 = B_SPLINE_CURVE_WITH_KNOTS('',1,(#4269,#4270),.UNSPECIFIED.,.F.,
  .F.,(2,2),(1.570796326795,3.14159265359),.PIECEWISE_BEZIER_KNOTS.);
#4269 = CARTESIAN_POINT('',(1.570796326795,1.570796326795));
#4270 = CARTESIAN_POINT('',(1.570796326795,3.14159265359));
#4271 = ( GEOMETRIC_REPRESENTATION_CONTEXT(2) 
PARAMETRIC_REPRESENTATION_CONTEXT() REPRESENTATION_CONTEXT('2D SPACE',''
  ) );
#4272 = PCURVE('',#3496,#4273);
#4273 = DEFINITIONAL_REPRESENTATION('',(#4274),#4277);
#4274 = B_SPLINE_CURVE_WITH_KNOTS('',1,(#4275,#4276),.UNSPECIFIED.,.F.,
  .F.,(2,2),(1.570796326795,3.14159265359),.PIECEWISE_BEZIER_KNOTS.);
#4275 = CARTESIAN_POINT('',(0.,0.));
#4276 = CARTESIAN_POINT('',(-1.570796326795,0.));
#4277 = ( GEOMETRIC_REPRESENTATION_CONTEXT(2) 
PARAMETRIC_REPRESENTATION_CONTEXT() REPRESENTATION_CONTEXT('2D SPACE',''
  ) );
#4278 = ORIENTED_EDGE('',*,*,#3395,.F.);
#4279 = ADVANCED_FACE('',(#4280),#3462,.T.);
#4280 = FACE_BOUND('',#4281,.F.);
#4281 = EDGE_LOOP('',(#4282,#4304,#4305,#4306));
#4282 = ORIENTED_EDGE('',*,*,#4283,.T.);
#4283 = EDGE_CURVE('',#4284,#3426,#4286,.T.);
#4284 = VERTEX_POINT('',#4285);
#4285 = CARTESIAN_POINT('',(44.,24.,19.));
#4286 = SURFACE_CURVE('',#4287,(#4292,#4298),.PCURVE_S1.);
#4287 = CIRCLE('',#4288,2.);
#4288 = AXIS2_PLACEMENT_3D('',#4289,#4290,#4291);
#4289 = CARTESIAN_POINT('',(42.,24.,19.));
#4290 = DIRECTION('',(0.,-6.123233995737E-17,-1.));
#4291 = DIRECTION('',(0.,1.,-6.123233995737E-17));
#4292 = PCURVE('',#3462,#4293);
#4293 = DEFINITIONAL_REPRESENTATION('',(#4294),#4297);
#4294 = B_SPLINE_CURVE_WITH_KNOTS('',1,(#4295,#4296),.UNSPECIFIED.,.F.,
  .F.,(2,2),(1.570796326795,3.14159265359),.PIECEWISE_BEZIER_KNOTS.);
#4295 = CARTESIAN_POINT('',(0.,0.));
#4296 = CARTESIAN_POINT('',(-1.570796326795,0.));
#4297 = ( GEOMETRIC_REPRESENTATION_CONTEXT(2) 
PARAMETRIC_REPRESENTATION_CONTEXT() REPRESENTATION_CONTEXT('2D SPACE',''
  ) );
#4298 = PCURVE('',#3573,#4299);
#4299 = DEFINITIONAL_REPRESENTATION('',(#4300),#4303);
#4300 = B_SPLINE_CURVE_WITH_KNOTS('',1,(#4301,#4302),.UNSPECIFIED.,.F.,
  .F.,(2,2),(1.570796326795,3.14159265359),.PIECEWISE_BEZIER_KNOTS.);
#4301 = CARTESIAN_POINT('',(1.570796326795,1.570796326795));
#4302 = CARTESIAN_POINT('',(1.570796326795,3.14159265359));
#4303 = ( GEOMETRIC_REPRESENTATION_CONTEXT(2) 
PARAMETRIC_REPRESENTATION_CONTEXT() REPRESENTATION_CONTEXT('2D SPACE',''
  ) );
#4304 = ORIENTED_EDGE('',*,*,#3448,.T.);
#4305 = ORIENTED_EDGE('',*,*,#4185,.F.);
#4306 = ORIENTED_EDGE('',*,*,#4307,.F.);
#4307 = EDGE_CURVE('',#4284,#4186,#4308,.T.);
#4308 = SURFACE_CURVE('',#4309,(#4313,#4320),.PCURVE_S1.);
#4309 = LINE('',#4310,#4311);
#4310 = CARTESIAN_POINT('',(44.,24.,19.));
#4311 = VECTOR('',#4312,1.);
#4312 = DIRECTION('',(0.,0.,1.));
#4313 = PCURVE('',#3462,#4314);
#4314 = DEFINITIONAL_REPRESENTATION('',(#4315),#4319);
#4315 = LINE('',#4316,#4317);
#4316 = CARTESIAN_POINT('',(-0.,0.));
#4317 = VECTOR('',#4318,1.);
#4318 = DIRECTION('',(-0.,1.));
#4319 = ( GEOMETRIC_REPRESENTATION_CONTEXT(2) 
PARAMETRIC_REPRESENTATION_CONTEXT() REPRESENTATION_CONTEXT('2D SPACE',''
  ) );
#4320 = PCURVE('',#4170,#4321);
#4321 = DEFINITIONAL_REPRESENTATION('',(#4322),#4326);
#4322 = LINE('',#4323,#4324);
#4323 = CARTESIAN_POINT('',(-5.999999981854,-24.));
#4324 = VECTOR('',#4325,1.);
#4325 = DIRECTION('',(1.,0.));
#4326 = ( GEOMETRIC_REPRESENTATION_CONTEXT(2) 
PARAMETRIC_REPRESENTATION_CONTEXT() REPRESENTATION_CONTEXT('2D SPACE',''
  ) );
#4327 = ADVANCED_FACE('',(#4328),#3496,.T.);
#4328 = FACE_BOUND('',#4329,.F.);
#4329 = EDGE_LOOP('',(#4330,#4331,#4332,#4354));
#4330 = ORIENTED_EDGE('',*,*,#4259,.T.);
#4331 = ORIENTED_EDGE('',*,*,#3480,.T.);
#4332 = ORIENTED_EDGE('',*,*,#4333,.F.);
#4333 = EDGE_CURVE('',#4334,#3481,#4336,.T.);
#4334 = VERTEX_POINT('',#4335);
#4335 = CARTESIAN_POINT('',(44.,-24.,19.));
#4336 = SURFACE_CURVE('',#4337,(#4342,#4348),.PCURVE_S1.);
#4337 = CIRCLE('',#4338,2.);
#4338 = AXIS2_PLACEMENT_3D('',#4339,#4340,#4341);
#4339 = CARTESIAN_POINT('',(42.,-24.,19.));
#4340 = DIRECTION('',(0.,-0.,1.));
#4341 = DIRECTION('',(1.,0.,0.));
#4342 = PCURVE('',#3496,#4343);
#4343 = DEFINITIONAL_REPRESENTATION('',(#4344),#4347);
#4344 = B_SPLINE_CURVE_WITH_KNOTS('',1,(#4345,#4346),.UNSPECIFIED.,.F.,
  .F.,(2,2),(0.,1.570796326795),.PIECEWISE_BEZIER_KNOTS.);
#4345 = CARTESIAN_POINT('',(0.,12.));
#4346 = CARTESIAN_POINT('',(-1.570796326795,12.));
#4347 = ( GEOMETRIC_REPRESENTATION_CONTEXT(2) 
PARAMETRIC_REPRESENTATION_CONTEXT() REPRESENTATION_CONTEXT('2D SPACE',''
  ) );
#4348 = PCURVE('',#3628,#4349);
#4349 = DEFINITIONAL_REPRESENTATION('',(#4350),#4353);
#4350 = B_SPLINE_CURVE_WITH_KNOTS('',1,(#4351,#4352),.UNSPECIFIED.,.F.,
  .F.,(2,2),(0.,1.570796326795),.PIECEWISE_BEZIER_KNOTS.);
#4351 = CARTESIAN_POINT('',(0.,1.570796326795));
#4352 = CARTESIAN_POINT('',(0.,3.14159265359));
#4353 = ( GEOMETRIC_REPRESENTATION_CONTEXT(2) 
PARAMETRIC_REPRESENTATION_CONTEXT() REPRESENTATION_CONTEXT('2D SPACE',''
  ) );
#4354 = ORIENTED_EDGE('',*,*,#4355,.F.);
#4355 = EDGE_CURVE('',#4236,#4334,#4356,.T.);
#4356 = SURFACE_CURVE('',#4357,(#4361,#4368),.PCURVE_S1.);
#4357 = LINE('',#4358,#4359);
#4358 = CARTESIAN_POINT('',(44.,-24.,31.));
#4359 = VECTOR('',#4360,1.);
#4360 = DIRECTION('',(0.,0.,-1.));
#4361 = PCURVE('',#3496,#4362);
#4362 = DEFINITIONAL_REPRESENTATION('',(#4363),#4367);
#4363 = LINE('',#4364,#4365);
#4364 = CARTESIAN_POINT('',(-0.,0.));
#4365 = VECTOR('',#4366,1.);
#4366 = DIRECTION('',(-0.,1.));
#4367 = ( GEOMETRIC_REPRESENTATION_CONTEXT(2) 
PARAMETRIC_REPRESENTATION_CONTEXT() REPRESENTATION_CONTEXT('2D SPACE',''
  ) );
#4368 = PCURVE('',#4170,#4369);
#4369 = DEFINITIONAL_REPRESENTATION('',(#4370),#4374);
#4370 = LINE('',#4371,#4372);
#4371 = CARTESIAN_POINT('',(6.000000018146,24.));
#4372 = VECTOR('',#4373,1.);
#4373 = DIRECTION('',(-1.,0.));
#4374 = ( GEOMETRIC_REPRESENTATION_CONTEXT(2) 
PARAMETRIC_REPRESENTATION_CONTEXT() REPRESENTATION_CONTEXT('2D SPACE',''
  ) );
#4375 = ADVANCED_FACE('',(#4376),#3573,.T.);
#4376 = FACE_BOUND('',#4377,.T.);
#4377 = EDGE_LOOP('',(#4378,#4400,#4422,#4423));
#4378 = ORIENTED_EDGE('',*,*,#4379,.F.);
#4379 = EDGE_CURVE('',#4380,#3534,#4382,.T.);
#4380 = VERTEX_POINT('',#4381);
#4381 = CARTESIAN_POINT('',(44.,16.,11.));
#4382 = SURFACE_CURVE('',#4383,(#4388,#4394),.PCURVE_S1.);
#4383 = CIRCLE('',#4384,2.);
#4384 = AXIS2_PLACEMENT_3D('',#4385,#4386,#4387);
#4385 = CARTESIAN_POINT('',(42.,16.,11.));
#4386 = DIRECTION('',(-0.,-1.,0.));
#4387 = DIRECTION('',(1.,-0.,0.));
#4388 = PCURVE('',#3573,#4389);
#4389 = DEFINITIONAL_REPRESENTATION('',(#4390),#4393);
#4390 = B_SPLINE_CURVE_WITH_KNOTS('',1,(#4391,#4392),.UNSPECIFIED.,.F.,
  .F.,(2,2),(0.,1.570796326795),.PIECEWISE_BEZIER_KNOTS.);
#4391 = CARTESIAN_POINT('',(0.,1.570796326795));
#4392 = CARTESIAN_POINT('',(0.,3.14159265359));
#4393 = ( GEOMETRIC_REPRESENTATION_CONTEXT(2) 
PARAMETRIC_REPRESENTATION_CONTEXT() REPRESENTATION_CONTEXT('2D SPACE',''
  ) );
#4394 = PCURVE('',#3658,#4395);
#4395 = DEFINITIONAL_REPRESENTATION('',(#4396),#4399);
#4396 = B_SPLINE_CURVE_WITH_KNOTS('',1,(#4397,#4398),.UNSPECIFIED.,.F.,
  .F.,(2,2),(0.,1.570796326795),.PIECEWISE_BEZIER_KNOTS.);
#4397 = CARTESIAN_POINT('',(0.,32.));
#4398 = CARTESIAN_POINT('',(-1.570796326795,32.));
#4399 = ( GEOMETRIC_REPRESENTATION_CONTEXT(2) 
PARAMETRIC_REPRESENTATION_CONTEXT() REPRESENTATION_CONTEXT('2D SPACE',''
  ) );
#4400 = ORIENTED_EDGE('',*,*,#4401,.T.);
#4401 = EDGE_CURVE('',#4380,#4284,#4402,.T.);
#4402 = SURFACE_CURVE('',#4403,(#4408,#4415),.PCURVE_S1.);
#4403 = CIRCLE('',#4404,8.);
#4404 = AXIS2_PLACEMENT_3D('',#4405,#4406,#4407);
#4405 = CARTESIAN_POINT('',(44.,16.,19.));
#4406 = DIRECTION('',(1.,0.,0.));
#4407 = DIRECTION('',(0.,0.,-1.));
#4408 = PCURVE('',#3573,#4409);
#4409 = DEFINITIONAL_REPRESENTATION('',(#4410),#4414);
#4410 = LINE('',#4411,#4412);
#4411 = CARTESIAN_POINT('',(0.,1.570796326795));
#4412 = VECTOR('',#4413,1.);
#4413 = DIRECTION('',(1.,0.));
#4414 = ( GEOMETRIC_REPRESENTATION_CONTEXT(2) 
PARAMETRIC_REPRESENTATION_CONTEXT() REPRESENTATION_CONTEXT('2D SPACE',''
  ) );
#4415 = PCURVE('',#4170,#4416);
#4416 = DEFINITIONAL_REPRESENTATION('',(#4417),#4421);
#4417 = CIRCLE('',#4418,8.);
#4418 = AXIS2_PLACEMENT_2D('',#4419,#4420);
#4419 = CARTESIAN_POINT('',(-5.999999981854,-16.));
#4420 = DIRECTION('',(-1.,0.));
#4421 = ( GEOMETRIC_REPRESENTATION_CONTEXT(2) 
PARAMETRIC_REPRESENTATION_CONTEXT() REPRESENTATION_CONTEXT('2D SPACE',''
  ) );
#4422 = ORIENTED_EDGE('',*,*,#4283,.T.);
#4423 = ORIENTED_EDGE('',*,*,#3558,.F.);
#4424 = ADVANCED_FACE('',(#4425),#3628,.T.);
#4425 = FACE_BOUND('',#4426,.T.);
#4426 = EDGE_LOOP('',(#4427,#4428,#4452,#4472));
#4427 = ORIENTED_EDGE('',*,*,#4333,.F.);
#4428 = ORIENTED_EDGE('',*,*,#4429,.T.);
#4429 = EDGE_CURVE('',#4334,#4430,#4432,.T.);
#4430 = VERTEX_POINT('',#4431);
#4431 = CARTESIAN_POINT('',(44.,-16.,11.));
#4432 = SURFACE_CURVE('',#4433,(#4438,#4445),.PCURVE_S1.);
#4433 = CIRCLE('',#4434,8.);
#4434 = AXIS2_PLACEMENT_3D('',#4435,#4436,#4437);
#4435 = CARTESIAN_POINT('',(44.,-16.,19.));
#4436 = DIRECTION('',(1.,0.,0.));
#4437 = DIRECTION('',(0.,-1.,0.));
#4438 = PCURVE('',#3628,#4439);
#4439 = DEFINITIONAL_REPRESENTATION('',(#4440),#4444);
#4440 = LINE('',#4441,#4442);
#4441 = CARTESIAN_POINT('',(0.,1.570796326795));
#4442 = VECTOR('',#4443,1.);
#4443 = DIRECTION('',(1.,0.));
#4444 = ( GEOMETRIC_REPRESENTATION_CONTEXT(2) 
PARAMETRIC_REPRESENTATION_CONTEXT() REPRESENTATION_CONTEXT('2D SPACE',''
  ) );
#4445 = PCURVE('',#4170,#4446);
#4446 = DEFINITIONAL_REPRESENTATION('',(#4447),#4451);
#4447 = CIRCLE('',#4448,8.);
#4448 = AXIS2_PLACEMENT_2D('',#4449,#4450);
#4449 = CARTESIAN_POINT('',(-5.999999981854,16.));
#4450 = DIRECTION('',(0.,1.));
#4451 = ( GEOMETRIC_REPRESENTATION_CONTEXT(2) 
PARAMETRIC_REPRESENTATION_CONTEXT() REPRESENTATION_CONTEXT('2D SPACE',''
  ) );
#4452 = ORIENTED_EDGE('',*,*,#4453,.T.);
#4453 = EDGE_CURVE('',#4430,#3591,#4454,.T.);
#4454 = SURFACE_CURVE('',#4455,(#4460,#4466),.PCURVE_S1.);
#4455 = CIRCLE('',#4456,2.);
#4456 = AXIS2_PLACEMENT_3D('',#4457,#4458,#4459);
#4457 = CARTESIAN_POINT('',(42.,-16.,11.));
#4458 = DIRECTION('',(0.,-1.,6.123233995737E-17));
#4459 = DIRECTION('',(0.,-6.123233995737E-17,-1.));
#4460 = PCURVE('',#3628,#4461);
#4461 = DEFINITIONAL_REPRESENTATION('',(#4462),#4465);
#4462 = B_SPLINE_CURVE_WITH_KNOTS('',1,(#4463,#4464),.UNSPECIFIED.,.F.,
  .F.,(2,2),(1.570796326795,3.14159265359),.PIECEWISE_BEZIER_KNOTS.);
#4463 = CARTESIAN_POINT('',(1.570796326795,1.570796326795));
#4464 = CARTESIAN_POINT('',(1.570796326795,3.14159265359));
#4465 = ( GEOMETRIC_REPRESENTATION_CONTEXT(2) 
PARAMETRIC_REPRESENTATION_CONTEXT() REPRESENTATION_CONTEXT('2D SPACE',''
  ) );
#4466 = PCURVE('',#3658,#4467);
#4467 = DEFINITIONAL_REPRESENTATION('',(#4468),#4471);
#4468 = B_SPLINE_CURVE_WITH_KNOTS('',1,(#4469,#4470),.UNSPECIFIED.,.F.,
  .F.,(2,2),(1.570796326795,3.14159265359),.PIECEWISE_BEZIER_KNOTS.);
#4469 = CARTESIAN_POINT('',(0.,0.));
#4470 = CARTESIAN_POINT('',(-1.570796326795,0.));
#4471 = ( GEOMETRIC_REPRESENTATION_CONTEXT(2) 
PARAMETRIC_REPRESENTATION_CONTEXT() REPRESENTATION_CONTEXT('2D SPACE',''
  ) );
#4472 = ORIENTED_EDGE('',*,*,#3613,.F.);
#4473 = ADVANCED_FACE('',(#4474),#3658,.T.);
#4474 = FACE_BOUND('',#4475,.F.);
#4475 = EDGE_LOOP('',(#4476,#4477,#4478,#4479));
#4476 = ORIENTED_EDGE('',*,*,#4453,.T.);
#4477 = ORIENTED_EDGE('',*,*,#3644,.T.);
#4478 = ORIENTED_EDGE('',*,*,#4379,.F.);
#4479 = ORIENTED_EDGE('',*,*,#4480,.F.);
#4480 = EDGE_CURVE('',#4430,#4380,#4481,.T.);
#4481 = SURFACE_CURVE('',#4482,(#4486,#4493),.PCURVE_S1.);
#4482 = LINE('',#4483,#4484);
#4483 = CARTESIAN_POINT('',(44.,-16.,11.));
#4484 = VECTOR('',#4485,1.);
#4485 = DIRECTION('',(0.,1.,0.));
#4486 = PCURVE('',#3658,#4487);
#4487 = DEFINITIONAL_REPRESENTATION('',(#4488),#4492);
#4488 = LINE('',#4489,#4490);
#4489 = CARTESIAN_POINT('',(-0.,0.));
#4490 = VECTOR('',#4491,1.);
#4491 = DIRECTION('',(-0.,1.));
#4492 = ( GEOMETRIC_REPRESENTATION_CONTEXT(2) 
PARAMETRIC_REPRESENTATION_CONTEXT() REPRESENTATION_CONTEXT('2D SPACE',''
  ) );
#4493 = PCURVE('',#4170,#4494);
#4494 = DEFINITIONAL_REPRESENTATION('',(#4495),#4499);
#4495 = LINE('',#4496,#4497);
#4496 = CARTESIAN_POINT('',(-13.99999998185,16.));
#4497 = VECTOR('',#4498,1.);
#4498 = DIRECTION('',(0.,-1.));
#4499 = ( GEOMETRIC_REPRESENTATION_CONTEXT(2) 
PARAMETRIC_REPRESENTATION_CONTEXT() REPRESENTATION_CONTEXT('2D SPACE',''
  ) );
#4500 = ADVANCED_FACE('',(#4501),#3714,.T.);
#4501 = FACE_BOUND('',#4502,.F.);
#4502 = EDGE_LOOP('',(#4503,#4525,#4553,#4573));
#4503 = ORIENTED_EDGE('',*,*,#4504,.T.);
#4504 = EDGE_CURVE('',#3676,#4505,#4507,.T.);
#4505 = VERTEX_POINT('',#4506);
#4506 = CARTESIAN_POINT('',(-50.,30.,47.999999981854));
#4507 = SURFACE_CURVE('',#4508,(#4513,#4519),.PCURVE_S1.);
#4508 = CIRCLE('',#4509,3.);
#4509 = AXIS2_PLACEMENT_3D('',#4510,#4511,#4512);
#4510 = CARTESIAN_POINT('',(-47.,30.,47.999999981854));
#4511 = DIRECTION('',(-0.,1.,-0.));
#4512 = DIRECTION('',(0.,-0.,-1.));
#4513 = PCURVE('',#3714,#4514);
#4514 = DEFINITIONAL_REPRESENTATION('',(#4515),#4518);
#4515 = B_SPLINE_CURVE_WITH_KNOTS('',1,(#4516,#4517),.UNSPECIFIED.,.F.,
  .F.,(2,2),(0.,1.570796326795),.PIECEWISE_BEZIER_KNOTS.);
#4516 = CARTESIAN_POINT('',(0.,0.));
#4517 = CARTESIAN_POINT('',(-1.570796326795,0.));
#4518 = ( GEOMETRIC_REPRESENTATION_CONTEXT(2) 
PARAMETRIC_REPRESENTATION_CONTEXT() REPRESENTATION_CONTEXT('2D SPACE',''
  ) );
#4519 = PCURVE('',#3791,#4520);
#4520 = DEFINITIONAL_REPRESENTATION('',(#4521),#4524);
#4521 = B_SPLINE_CURVE_WITH_KNOTS('',1,(#4522,#4523),.UNSPECIFIED.,.F.,
  .F.,(2,2),(0.,1.570796326795),.PIECEWISE_BEZIER_KNOTS.);
#4522 = CARTESIAN_POINT('',(1.570796326795,3.14159265359));
#4523 = CARTESIAN_POINT('',(1.570796326795,4.712388980385));
#4524 = ( GEOMETRIC_REPRESENTATION_CONTEXT(2) 
PARAMETRIC_REPRESENTATION_CONTEXT() REPRESENTATION_CONTEXT('2D SPACE',''
  ) );
#4525 = ORIENTED_EDGE('',*,*,#4526,.T.);
#4526 = EDGE_CURVE('',#4505,#4527,#4529,.T.);
#4527 = VERTEX_POINT('',#4528);
#4528 = CARTESIAN_POINT('',(-50.,-30.,47.999999981854));
#4529 = SURFACE_CURVE('',#4530,(#4534,#4541),.PCURVE_S1.);
#4530 = LINE('',#4531,#4532);
#4531 = CARTESIAN_POINT('',(-50.,30.,47.999999981854));
#4532 = VECTOR('',#4533,1.);
#4533 = DIRECTION('',(0.,-1.,0.));
#4534 = PCURVE('',#3714,#4535);
#4535 = DEFINITIONAL_REPRESENTATION('',(#4536),#4540);
#4536 = LINE('',#4537,#4538);
#4537 = CARTESIAN_POINT('',(-1.570796326795,0.));
#4538 = VECTOR('',#4539,1.);
#4539 = DIRECTION('',(-0.,1.));
#4540 = ( GEOMETRIC_REPRESENTATION_CONTEXT(2) 
PARAMETRIC_REPRESENTATION_CONTEXT() REPRESENTATION_CONTEXT('2D SPACE',''
  ) );
#4541 = PCURVE('',#4542,#4547);
#4542 = PLANE('',#4543);
#4543 = AXIS2_PLACEMENT_3D('',#4544,#4545,#4546);
#4544 = CARTESIAN_POINT('',(-50.,45.,0.));
#4545 = DIRECTION('',(1.,0.,-0.));
#4546 = DIRECTION('',(0.,-1.,0.));
#4547 = DEFINITIONAL_REPRESENTATION('',(#4548),#4552);
#4548 = LINE('',#4549,#4550);
#4549 = CARTESIAN_POINT('',(15.,-47.99999998185));
#4550 = VECTOR('',#4551,1.);
#4551 = DIRECTION('',(1.,0.));
#4552 = ( GEOMETRIC_REPRESENTATION_CONTEXT(2) 
PARAMETRIC_REPRESENTATION_CONTEXT() REPRESENTATION_CONTEXT('2D SPACE',''
  ) );
#4553 = ORIENTED_EDGE('',*,*,#4554,.F.);
#4554 = EDGE_CURVE('',#3699,#4527,#4555,.T.);
#4555 = SURFACE_CURVE('',#4556,(#4561,#4567),.PCURVE_S1.);
#4556 = CIRCLE('',#4557,3.);
#4557 = AXIS2_PLACEMENT_3D('',#4558,#4559,#4560);
#4558 = CARTESIAN_POINT('',(-47.,-30.,47.999999981854));
#4559 = DIRECTION('',(-0.,1.,-0.));
#4560 = DIRECTION('',(0.,-0.,-1.));
#4561 = PCURVE('',#3714,#4562);
#4562 = DEFINITIONAL_REPRESENTATION('',(#4563),#4566);
#4563 = B_SPLINE_CURVE_WITH_KNOTS('',1,(#4564,#4565),.UNSPECIFIED.,.F.,
  .F.,(2,2),(0.,1.570796326795),.PIECEWISE_BEZIER_KNOTS.);
#4564 = CARTESIAN_POINT('',(0.,60.));
#4565 = CARTESIAN_POINT('',(-1.570796326795,60.));
#4566 = ( GEOMETRIC_REPRESENTATION_CONTEXT(2) 
PARAMETRIC_REPRESENTATION_CONTEXT() REPRESENTATION_CONTEXT('2D SPACE',''
  ) );
#4567 = PCURVE('',#3846,#4568);
#4568 = DEFINITIONAL_REPRESENTATION('',(#4569),#4572);
#4569 = B_SPLINE_CURVE_WITH_KNOTS('',1,(#4570,#4571),.UNSPECIFIED.,.F.,
  .F.,(2,2),(0.,1.570796326795),.PIECEWISE_BEZIER_KNOTS.);
#4570 = CARTESIAN_POINT('',(0.,3.14159265359));
#4571 = CARTESIAN_POINT('',(0.,4.712388980385));
#4572 = ( GEOMETRIC_REPRESENTATION_CONTEXT(2) 
PARAMETRIC_REPRESENTATION_CONTEXT() REPRESENTATION_CONTEXT('2D SPACE',''
  ) );
#4573 = ORIENTED_EDGE('',*,*,#3698,.F.);
#4574 = ADVANCED_FACE('',(#4575),#3791,.T.);
#4575 = FACE_BOUND('',#4576,.T.);
#4576 = EDGE_LOOP('',(#4577,#4599,#4600,#4601));
#4577 = ORIENTED_EDGE('',*,*,#4578,.F.);
#4578 = EDGE_CURVE('',#3754,#4579,#4581,.T.);
#4579 = VERTEX_POINT('',#4580);
#4580 = CARTESIAN_POINT('',(-50.,43.,34.999999981854));
#4581 = SURFACE_CURVE('',#4582,(#4587,#4593),.PCURVE_S1.);
#4582 = CIRCLE('',#4583,3.);
#4583 = AXIS2_PLACEMENT_3D('',#4584,#4585,#4586);
#4584 = CARTESIAN_POINT('',(-47.,43.,34.999999981854));
#4585 = DIRECTION('',(-0.,-0.,-1.));
#4586 = DIRECTION('',(0.,-1.,0.));
#4587 = PCURVE('',#3791,#4588);
#4588 = DEFINITIONAL_REPRESENTATION('',(#4589),#4592);
#4589 = B_SPLINE_CURVE_WITH_KNOTS('',1,(#4590,#4591),.UNSPECIFIED.,.F.,
  .F.,(2,2),(0.,1.570796326795),.PIECEWISE_BEZIER_KNOTS.);
#4590 = CARTESIAN_POINT('',(0.,3.14159265359));
#4591 = CARTESIAN_POINT('',(0.,4.712388980385));
#4592 = ( GEOMETRIC_REPRESENTATION_CONTEXT(2) 
PARAMETRIC_REPRESENTATION_CONTEXT() REPRESENTATION_CONTEXT('2D SPACE',''
  ) );
#4593 = PCURVE('',#3898,#4594);
#4594 = DEFINITIONAL_REPRESENTATION('',(#4595),#4598);
#4595 = B_SPLINE_CURVE_WITH_KNOTS('',1,(#4596,#4597),.UNSPECIFIED.,.F.,
  .F.,(2,2),(0.,1.570796326795),.PIECEWISE_BEZIER_KNOTS.);
#4596 = CARTESIAN_POINT('',(0.,20.));
#4597 = CARTESIAN_POINT('',(-1.570796326795,20.));
#4598 = ( GEOMETRIC_REPRESENTATION_CONTEXT(2) 
PARAMETRIC_REPRESENTATION_CONTEXT() REPRESENTATION_CONTEXT('2D SPACE',''
  ) );
#4599 = ORIENTED_EDGE('',*,*,#3776,.T.);
#4600 = ORIENTED_EDGE('',*,*,#4504,.T.);
#4601 = ORIENTED_EDGE('',*,*,#4602,.F.);
#4602 = EDGE_CURVE('',#4579,#4505,#4603,.T.);
#4603 = SURFACE_CURVE('',#4604,(#4609,#4616),.PCURVE_S1.);
#4604 = CIRCLE('',#4605,13.);
#4605 = AXIS2_PLACEMENT_3D('',#4606,#4607,#4608);
#4606 = CARTESIAN_POINT('',(-50.,30.,34.999999981854));
#4607 = DIRECTION('',(1.,0.,0.));
#4608 = DIRECTION('',(-0.,1.,0.));
#4609 = PCURVE('',#3791,#4610);
#4610 = DEFINITIONAL_REPRESENTATION('',(#4611),#4615);
#4611 = LINE('',#4612,#4613);
#4612 = CARTESIAN_POINT('',(0.,4.712388980385));
#4613 = VECTOR('',#4614,1.);
#4614 = DIRECTION('',(1.,0.));
#4615 = ( GEOMETRIC_REPRESENTATION_CONTEXT(2) 
PARAMETRIC_REPRESENTATION_CONTEXT() REPRESENTATION_CONTEXT('2D SPACE',''
  ) );
#4616 = PCURVE('',#4542,#4617);
#4617 = DEFINITIONAL_REPRESENTATION('',(#4618),#4622);
#4618 = CIRCLE('',#4619,13.);
#4619 = AXIS2_PLACEMENT_2D('',#4620,#4621);
#4620 = CARTESIAN_POINT('',(15.,-34.99999998185));
#4621 = DIRECTION('',(-1.,0.));
#4622 = ( GEOMETRIC_REPRESENTATION_CONTEXT(2) 
PARAMETRIC_REPRESENTATION_CONTEXT() REPRESENTATION_CONTEXT('2D SPACE',''
  ) );
#4623 = ADVANCED_FACE('',(#4624),#3846,.T.);
#4624 = FACE_BOUND('',#4625,.T.);
#4625 = EDGE_LOOP('',(#4626,#4627,#4628,#4650));
#4626 = ORIENTED_EDGE('',*,*,#4554,.F.);
#4627 = ORIENTED_EDGE('',*,*,#3831,.T.);
#4628 = ORIENTED_EDGE('',*,*,#4629,.T.);
#4629 = EDGE_CURVE('',#3809,#4630,#4632,.T.);
#4630 = VERTEX_POINT('',#4631);
#4631 = CARTESIAN_POINT('',(-50.,-43.,34.999999981854));
#4632 = SURFACE_CURVE('',#4633,(#4638,#4644),.PCURVE_S1.);
#4633 = CIRCLE('',#4634,3.);
#4634 = AXIS2_PLACEMENT_3D('',#4635,#4636,#4637);
#4635 = CARTESIAN_POINT('',(-47.,-43.,34.999999981854));
#4636 = DIRECTION('',(-0.,6.123233995737E-17,1.));
#4637 = DIRECTION('',(0.,-1.,6.123233995737E-17));
#4638 = PCURVE('',#3846,#4639);
#4639 = DEFINITIONAL_REPRESENTATION('',(#4640),#4643);
#4640 = B_SPLINE_CURVE_WITH_KNOTS('',1,(#4641,#4642),.UNSPECIFIED.,.F.,
  .F.,(2,2),(3.14159265359,4.712388980385),.PIECEWISE_BEZIER_KNOTS.);
#4641 = CARTESIAN_POINT('',(1.570796326795,3.14159265359));
#4642 = CARTESIAN_POINT('',(1.570796326795,4.712388980385));
#4643 = ( GEOMETRIC_REPRESENTATION_CONTEXT(2) 
PARAMETRIC_REPRESENTATION_CONTEXT() REPRESENTATION_CONTEXT('2D SPACE',''
  ) );
#4644 = PCURVE('',#3932,#4645);
#4645 = DEFINITIONAL_REPRESENTATION('',(#4646),#4649);
#4646 = B_SPLINE_CURVE_WITH_KNOTS('',1,(#4647,#4648),.UNSPECIFIED.,.F.,
  .F.,(2,2),(3.14159265359,4.712388980385),.PIECEWISE_BEZIER_KNOTS.);
#4647 = CARTESIAN_POINT('',(0.,0.));
#4648 = CARTESIAN_POINT('',(-1.570796326795,0.));
#4649 = ( GEOMETRIC_REPRESENTATION_CONTEXT(2) 
PARAMETRIC_REPRESENTATION_CONTEXT() REPRESENTATION_CONTEXT('2D SPACE',''
  ) );
#4650 = ORIENTED_EDGE('',*,*,#4651,.F.);
#4651 = EDGE_CURVE('',#4527,#4630,#4652,.T.);
#4652 = SURFACE_CURVE('',#4653,(#4658,#4665),.PCURVE_S1.);
#4653 = CIRCLE('',#4654,13.);
#4654 = AXIS2_PLACEMENT_3D('',#4655,#4656,#4657);
#4655 = CARTESIAN_POINT('',(-50.,-30.,34.999999981854));
#4656 = DIRECTION('',(1.,0.,0.));
#4657 = DIRECTION('',(-0.,0.,1.));
#4658 = PCURVE('',#3846,#4659);
#4659 = DEFINITIONAL_REPRESENTATION('',(#4660),#4664);
#4660 = LINE('',#4661,#4662);
#4661 = CARTESIAN_POINT('',(0.,4.712388980385));
#4662 = VECTOR('',#4663,1.);
#4663 = DIRECTION('',(1.,0.));
#4664 = ( GEOMETRIC_REPRESENTATION_CONTEXT(2) 
PARAMETRIC_REPRESENTATION_CONTEXT() REPRESENTATION_CONTEXT('2D SPACE',''
  ) );
#4665 = PCURVE('',#4542,#4666);
#4666 = DEFINITIONAL_REPRESENTATION('',(#4667),#4671);
#4667 = CIRCLE('',#4668,13.);
#4668 = AXIS2_PLACEMENT_2D('',#4669,#4670);
#4669 = CARTESIAN_POINT('',(75.,-34.99999998185));
#4670 = DIRECTION('',(0.,-1.));
#4671 = ( GEOMETRIC_REPRESENTATION_CONTEXT(2) 
PARAMETRIC_REPRESENTATION_CONTEXT() REPRESENTATION_CONTEXT('2D SPACE',''
  ) );
#4672 = ADVANCED_FACE('',(#4673),#3898,.T.);
#4673 = FACE_BOUND('',#4674,.F.);
#4674 = EDGE_LOOP('',(#4675,#4697,#4718,#4719));
#4675 = ORIENTED_EDGE('',*,*,#4676,.T.);
#4676 = EDGE_CURVE('',#3862,#4677,#4679,.T.);
#4677 = VERTEX_POINT('',#4678);
#4678 = CARTESIAN_POINT('',(-50.,43.,14.999999981854));
#4679 = SURFACE_CURVE('',#4680,(#4685,#4691),.PCURVE_S1.);
#4680 = CIRCLE('',#4681,3.);
#4681 = AXIS2_PLACEMENT_3D('',#4682,#4683,#4684);
#4682 = CARTESIAN_POINT('',(-47.,43.,14.999999981854));
#4683 = DIRECTION('',(0.,-6.123233995737E-17,-1.));
#4684 = DIRECTION('',(0.,1.,-6.123233995737E-17));
#4685 = PCURVE('',#3898,#4686);
#4686 = DEFINITIONAL_REPRESENTATION('',(#4687),#4690);
#4687 = B_SPLINE_CURVE_WITH_KNOTS('',1,(#4688,#4689),.UNSPECIFIED.,.F.,
  .F.,(2,2),(3.14159265359,4.712388980385),.PIECEWISE_BEZIER_KNOTS.);
#4688 = CARTESIAN_POINT('',(0.,0.));
#4689 = CARTESIAN_POINT('',(-1.570796326795,0.));
#4690 = ( GEOMETRIC_REPRESENTATION_CONTEXT(2) 
PARAMETRIC_REPRESENTATION_CONTEXT() REPRESENTATION_CONTEXT('2D SPACE',''
  ) );
#4691 = PCURVE('',#4009,#4692);
#4692 = DEFINITIONAL_REPRESENTATION('',(#4693),#4696);
#4693 = B_SPLINE_CURVE_WITH_KNOTS('',1,(#4694,#4695),.UNSPECIFIED.,.F.,
  .F.,(2,2),(3.14159265359,4.712388980385),.PIECEWISE_BEZIER_KNOTS.);
#4694 = CARTESIAN_POINT('',(1.570796326795,3.14159265359));
#4695 = CARTESIAN_POINT('',(1.570796326795,4.712388980385));
#4696 = ( GEOMETRIC_REPRESENTATION_CONTEXT(2) 
PARAMETRIC_REPRESENTATION_CONTEXT() REPRESENTATION_CONTEXT('2D SPACE',''
  ) );
#4697 = ORIENTED_EDGE('',*,*,#4698,.T.);
#4698 = EDGE_CURVE('',#4677,#4579,#4699,.T.);
#4699 = SURFACE_CURVE('',#4700,(#4704,#4711),.PCURVE_S1.);
#4700 = LINE('',#4701,#4702);
#4701 = CARTESIAN_POINT('',(-50.,43.,14.999999981854));
#4702 = VECTOR('',#4703,1.);
#4703 = DIRECTION('',(0.,0.,1.));
#4704 = PCURVE('',#3898,#4705);
#4705 = DEFINITIONAL_REPRESENTATION('',(#4706),#4710);
#4706 = LINE('',#4707,#4708);
#4707 = CARTESIAN_POINT('',(-1.570796326795,0.));
#4708 = VECTOR('',#4709,1.);
#4709 = DIRECTION('',(-0.,1.));
#4710 = ( GEOMETRIC_REPRESENTATION_CONTEXT(2) 
PARAMETRIC_REPRESENTATION_CONTEXT() REPRESENTATION_CONTEXT('2D SPACE',''
  ) );
#4711 = PCURVE('',#4542,#4712);
#4712 = DEFINITIONAL_REPRESENTATION('',(#4713),#4717);
#4713 = LINE('',#4714,#4715);
#4714 = CARTESIAN_POINT('',(2.,-14.99999998185));
#4715 = VECTOR('',#4716,1.);
#4716 = DIRECTION('',(0.,-1.));
#4717 = ( GEOMETRIC_REPRESENTATION_CONTEXT(2) 
PARAMETRIC_REPRESENTATION_CONTEXT() REPRESENTATION_CONTEXT('2D SPACE',''
  ) );
#4718 = ORIENTED_EDGE('',*,*,#4578,.F.);
#4719 = ORIENTED_EDGE('',*,*,#3884,.F.);
#4720 = ADVANCED_FACE('',(#4721),#3932,.T.);
#4721 = FACE_BOUND('',#4722,.F.);
#4722 = EDGE_LOOP('',(#4723,#4724,#4747,#4767));
#4723 = ORIENTED_EDGE('',*,*,#4629,.T.);
#4724 = ORIENTED_EDGE('',*,*,#4725,.T.);
#4725 = EDGE_CURVE('',#4630,#4726,#4728,.T.);
#4726 = VERTEX_POINT('',#4727);
#4727 = CARTESIAN_POINT('',(-50.,-43.,14.999999981854));
#4728 = SURFACE_CURVE('',#4729,(#4733,#4740),.PCURVE_S1.);
#4729 = LINE('',#4730,#4731);
#4730 = CARTESIAN_POINT('',(-50.,-43.,34.999999981854));
#4731 = VECTOR('',#4732,1.);
#4732 = DIRECTION('',(0.,0.,-1.));
#4733 = PCURVE('',#3932,#4734);
#4734 = DEFINITIONAL_REPRESENTATION('',(#4735),#4739);
#4735 = LINE('',#4736,#4737);
#4736 = CARTESIAN_POINT('',(-1.570796326795,0.));
#4737 = VECTOR('',#4738,1.);
#4738 = DIRECTION('',(-0.,1.));
#4739 = ( GEOMETRIC_REPRESENTATION_CONTEXT(2) 
PARAMETRIC_REPRESENTATION_CONTEXT() REPRESENTATION_CONTEXT('2D SPACE',''
  ) );
#4740 = PCURVE('',#4542,#4741);
#4741 = DEFINITIONAL_REPRESENTATION('',(#4742),#4746);
#4742 = LINE('',#4743,#4744);
#4743 = CARTESIAN_POINT('',(88.,-34.99999998185));
#4744 = VECTOR('',#4745,1.);
#4745 = DIRECTION('',(0.,1.));
#4746 = ( GEOMETRIC_REPRESENTATION_CONTEXT(2) 
PARAMETRIC_REPRESENTATION_CONTEXT() REPRESENTATION_CONTEXT('2D SPACE',''
  ) );
#4747 = ORIENTED_EDGE('',*,*,#4748,.F.);
#4748 = EDGE_CURVE('',#3917,#4726,#4749,.T.);
#4749 = SURFACE_CURVE('',#4750,(#4755,#4761),.PCURVE_S1.);
#4750 = CIRCLE('',#4751,3.);
#4751 = AXIS2_PLACEMENT_3D('',#4752,#4753,#4754);
#4752 = CARTESIAN_POINT('',(-47.,-43.,14.999999981854));
#4753 = DIRECTION('',(0.,-0.,1.));
#4754 = DIRECTION('',(0.,1.,0.));
#4755 = PCURVE('',#3932,#4756);
#4756 = DEFINITIONAL_REPRESENTATION('',(#4757),#4760);
#4757 = B_SPLINE_CURVE_WITH_KNOTS('',1,(#4758,#4759),.UNSPECIFIED.,.F.,
  .F.,(2,2),(0.,1.570796326795),.PIECEWISE_BEZIER_KNOTS.);
#4758 = CARTESIAN_POINT('',(0.,20.));
#4759 = CARTESIAN_POINT('',(-1.570796326795,20.));
#4760 = ( GEOMETRIC_REPRESENTATION_CONTEXT(2) 
PARAMETRIC_REPRESENTATION_CONTEXT() REPRESENTATION_CONTEXT('2D SPACE',''
  ) );
#4761 = PCURVE('',#4064,#4762);
#4762 = DEFINITIONAL_REPRESENTATION('',(#4763),#4766);
#4763 = B_SPLINE_CURVE_WITH_KNOTS('',1,(#4764,#4765),.UNSPECIFIED.,.F.,
  .F.,(2,2),(0.,1.570796326795),.PIECEWISE_BEZIER_KNOTS.);
#4764 = CARTESIAN_POINT('',(0.,3.14159265359));
#4765 = CARTESIAN_POINT('',(0.,4.712388980385));
#4766 = ( GEOMETRIC_REPRESENTATION_CONTEXT(2) 
PARAMETRIC_REPRESENTATION_CONTEXT() REPRESENTATION_CONTEXT('2D SPACE',''
  ) );
#4767 = ORIENTED_EDGE('',*,*,#3916,.F.);
#4768 = ADVANCED_FACE('',(#4769),#4009,.T.);
#4769 = FACE_BOUND('',#4770,.T.);
#4770 = EDGE_LOOP('',(#4771,#4793,#4794,#4795));
#4771 = ORIENTED_EDGE('',*,*,#4772,.F.);
#4772 = EDGE_CURVE('',#3970,#4773,#4775,.T.);
#4773 = VERTEX_POINT('',#4774);
#4774 = CARTESIAN_POINT('',(-50.,30.,1.999999981854));
#4775 = SURFACE_CURVE('',#4776,(#4781,#4787),.PCURVE_S1.);
#4776 = CIRCLE('',#4777,3.);
#4777 = AXIS2_PLACEMENT_3D('',#4778,#4779,#4780);
#4778 = CARTESIAN_POINT('',(-47.,30.,1.999999981854));
#4779 = DIRECTION('',(-0.,-1.,0.));
#4780 = DIRECTION('',(0.,-0.,1.));
#4781 = PCURVE('',#4009,#4782);
#4782 = DEFINITIONAL_REPRESENTATION('',(#4783),#4786);
#4783 = B_SPLINE_CURVE_WITH_KNOTS('',1,(#4784,#4785),.UNSPECIFIED.,.F.,
  .F.,(2,2),(0.,1.570796326795),.PIECEWISE_BEZIER_KNOTS.);
#4784 = CARTESIAN_POINT('',(0.,3.14159265359));
#4785 = CARTESIAN_POINT('',(0.,4.712388980385));
#4786 = ( GEOMETRIC_REPRESENTATION_CONTEXT(2) 
PARAMETRIC_REPRESENTATION_CONTEXT() REPRESENTATION_CONTEXT('2D SPACE',''
  ) );
#4787 = PCURVE('',#4094,#4788);
#4788 = DEFINITIONAL_REPRESENTATION('',(#4789),#4792);
#4789 = B_SPLINE_CURVE_WITH_KNOTS('',1,(#4790,#4791),.UNSPECIFIED.,.F.,
  .F.,(2,2),(0.,1.570796326795),.PIECEWISE_BEZIER_KNOTS.);
#4790 = CARTESIAN_POINT('',(0.,60.));
#4791 = CARTESIAN_POINT('',(-1.570796326795,60.));
#4792 = ( GEOMETRIC_REPRESENTATION_CONTEXT(2) 
PARAMETRIC_REPRESENTATION_CONTEXT() REPRESENTATION_CONTEXT('2D SPACE',''
  ) );
#4793 = ORIENTED_EDGE('',*,*,#3994,.T.);
#4794 = ORIENTED_EDGE('',*,*,#4676,.T.);
#4795 = ORIENTED_EDGE('',*,*,#4796,.F.);
#4796 = EDGE_CURVE('',#4773,#4677,#4797,.T.);
#4797 = SURFACE_CURVE('',#4798,(#4803,#4810),.PCURVE_S1.);
#4798 = CIRCLE('',#4799,13.);
#4799 = AXIS2_PLACEMENT_3D('',#4800,#4801,#4802);
#4800 = CARTESIAN_POINT('',(-50.,30.,14.999999981854));
#4801 = DIRECTION('',(1.,0.,0.));
#4802 = DIRECTION('',(0.,0.,-1.));
#4803 = PCURVE('',#4009,#4804);
#4804 = DEFINITIONAL_REPRESENTATION('',(#4805),#4809);
#4805 = LINE('',#4806,#4807);
#4806 = CARTESIAN_POINT('',(0.,4.712388980385));
#4807 = VECTOR('',#4808,1.);
#4808 = DIRECTION('',(1.,0.));
#4809 = ( GEOMETRIC_REPRESENTATION_CONTEXT(2) 
PARAMETRIC_REPRESENTATION_CONTEXT() REPRESENTATION_CONTEXT('2D SPACE',''
  ) );
#4810 = PCURVE('',#4542,#4811);
#4811 = DEFINITIONAL_REPRESENTATION('',(#4812),#4816);
#4812 = CIRCLE('',#4813,13.);
#4813 = AXIS2_PLACEMENT_2D('',#4814,#4815);
#4814 = CARTESIAN_POINT('',(15.,-14.99999998185));
#4815 = DIRECTION('',(0.,1.));
#4816 = ( GEOMETRIC_REPRESENTATION_CONTEXT(2) 
PARAMETRIC_REPRESENTATION_CONTEXT() REPRESENTATION_CONTEXT('2D SPACE',''
  ) );
#4817 = ADVANCED_FACE('',(#4818),#4064,.T.);
#4818 = FACE_BOUND('',#4819,.T.);
#4819 = EDGE_LOOP('',(#4820,#4821,#4822,#4844));
#4820 = ORIENTED_EDGE('',*,*,#4748,.F.);
#4821 = ORIENTED_EDGE('',*,*,#4049,.T.);
#4822 = ORIENTED_EDGE('',*,*,#4823,.T.);
#4823 = EDGE_CURVE('',#4027,#4824,#4826,.T.);
#4824 = VERTEX_POINT('',#4825);
#4825 = CARTESIAN_POINT('',(-50.,-30.,1.999999981854));
#4826 = SURFACE_CURVE('',#4827,(#4832,#4838),.PCURVE_S1.);
#4827 = CIRCLE('',#4828,3.);
#4828 = AXIS2_PLACEMENT_3D('',#4829,#4830,#4831);
#4829 = CARTESIAN_POINT('',(-47.,-30.,1.999999981854));
#4830 = DIRECTION('',(0.,-1.,6.123233995737E-17));
#4831 = DIRECTION('',(0.,-6.123233995737E-17,-1.));
#4832 = PCURVE('',#4064,#4833);
#4833 = DEFINITIONAL_REPRESENTATION('',(#4834),#4837);
#4834 = B_SPLINE_CURVE_WITH_KNOTS('',1,(#4835,#4836),.UNSPECIFIED.,.F.,
  .F.,(2,2),(3.14159265359,4.712388980385),.PIECEWISE_BEZIER_KNOTS.);
#4835 = CARTESIAN_POINT('',(1.570796326795,3.14159265359));
#4836 = CARTESIAN_POINT('',(1.570796326795,4.712388980385));
#4837 = ( GEOMETRIC_REPRESENTATION_CONTEXT(2) 
PARAMETRIC_REPRESENTATION_CONTEXT() REPRESENTATION_CONTEXT('2D SPACE',''
  ) );
#4838 = PCURVE('',#4094,#4839);
#4839 = DEFINITIONAL_REPRESENTATION('',(#4840),#4843);
#4840 = B_SPLINE_CURVE_WITH_KNOTS('',1,(#4841,#4842),.UNSPECIFIED.,.F.,
  .F.,(2,2),(3.14159265359,4.712388980385),.PIECEWISE_BEZIER_KNOTS.);
#4841 = CARTESIAN_POINT('',(0.,0.));
#4842 = CARTESIAN_POINT('',(-1.570796326795,0.));
#4843 = ( GEOMETRIC_REPRESENTATION_CONTEXT(2) 
PARAMETRIC_REPRESENTATION_CONTEXT() REPRESENTATION_CONTEXT('2D SPACE',''
  ) );
#4844 = ORIENTED_EDGE('',*,*,#4845,.F.);
#4845 = EDGE_CURVE('',#4726,#4824,#4846,.T.);
#4846 = SURFACE_CURVE('',#4847,(#4852,#4859),.PCURVE_S1.);
#4847 = CIRCLE('',#4848,13.);
#4848 = AXIS2_PLACEMENT_3D('',#4849,#4850,#4851);
#4849 = CARTESIAN_POINT('',(-50.,-30.,14.999999981854));
#4850 = DIRECTION('',(1.,0.,0.));
#4851 = DIRECTION('',(0.,-1.,0.));
#4852 = PCURVE('',#4064,#4853);
#4853 = DEFINITIONAL_REPRESENTATION('',(#4854),#4858);
#4854 = LINE('',#4855,#4856);
#4855 = CARTESIAN_POINT('',(0.,4.712388980385));
#4856 = VECTOR('',#4857,1.);
#4857 = DIRECTION('',(1.,0.));
#4858 = ( GEOMETRIC_REPRESENTATION_CONTEXT(2) 
PARAMETRIC_REPRESENTATION_CONTEXT() REPRESENTATION_CONTEXT('2D SPACE',''
  ) );
#4859 = PCURVE('',#4542,#4860);
#4860 = DEFINITIONAL_REPRESENTATION('',(#4861),#4865);
#4861 = CIRCLE('',#4862,13.);
#4862 = AXIS2_PLACEMENT_2D('',#4863,#4864);
#4863 = CARTESIAN_POINT('',(75.,-14.99999998185));
#4864 = DIRECTION('',(1.,0.));
#4865 = ( GEOMETRIC_REPRESENTATION_CONTEXT(2) 
PARAMETRIC_REPRESENTATION_CONTEXT() REPRESENTATION_CONTEXT('2D SPACE',''
  ) );
#4866 = ADVANCED_FACE('',(#4867),#4094,.T.);
#4867 = FACE_BOUND('',#4868,.F.);
#4868 = EDGE_LOOP('',(#4869,#4870,#4891,#4892));
#4869 = ORIENTED_EDGE('',*,*,#4823,.T.);
#4870 = ORIENTED_EDGE('',*,*,#4871,.T.);
#4871 = EDGE_CURVE('',#4824,#4773,#4872,.T.);
#4872 = SURFACE_CURVE('',#4873,(#4877,#4884),.PCURVE_S1.);
#4873 = LINE('',#4874,#4875);
#4874 = CARTESIAN_POINT('',(-50.,-30.,1.999999981854));
#4875 = VECTOR('',#4876,1.);
#4876 = DIRECTION('',(0.,1.,0.));
#4877 = PCURVE('',#4094,#4878);
#4878 = DEFINITIONAL_REPRESENTATION('',(#4879),#4883);
#4879 = LINE('',#4880,#4881);
#4880 = CARTESIAN_POINT('',(-1.570796326795,0.));
#4881 = VECTOR('',#4882,1.);
#4882 = DIRECTION('',(-0.,1.));
#4883 = ( GEOMETRIC_REPRESENTATION_CONTEXT(2) 
PARAMETRIC_REPRESENTATION_CONTEXT() REPRESENTATION_CONTEXT('2D SPACE',''
  ) );
#4884 = PCURVE('',#4542,#4885);
#4885 = DEFINITIONAL_REPRESENTATION('',(#4886),#4890);
#4886 = LINE('',#4887,#4888);
#4887 = CARTESIAN_POINT('',(75.,-1.999999981854));
#4888 = VECTOR('',#4889,1.);
#4889 = DIRECTION('',(-1.,0.));
#4890 = ( GEOMETRIC_REPRESENTATION_CONTEXT(2) 
PARAMETRIC_REPRESENTATION_CONTEXT() REPRESENTATION_CONTEXT('2D SPACE',''
  ) );
#4891 = ORIENTED_EDGE('',*,*,#4772,.F.);
#4892 = ORIENTED_EDGE('',*,*,#4080,.F.);
#4893 = ADVANCED_FACE('',(#4894,#5124),#4170,.T.);
#4894 = FACE_BOUND('',#4895,.T.);
#4895 = EDGE_LOOP('',(#4896,#4926,#4955,#4983,#5012,#5040,#5069,#5097));
#4896 = ORIENTED_EDGE('',*,*,#4897,.T.);
#4897 = EDGE_CURVE('',#4898,#4900,#4902,.T.);
#4898 = VERTEX_POINT('',#4899);
#4899 = CARTESIAN_POINT('',(44.,30.,42.999999981854));
#4900 = VERTEX_POINT('',#4901);
#4901 = CARTESIAN_POINT('',(44.,-30.,42.999999981854));
#4902 = SURFACE_CURVE('',#4903,(#4907,#4914),.PCURVE_S1.);
#4903 = LINE('',#4904,#4905);
#4904 = CARTESIAN_POINT('',(44.,30.,42.999999981854));
#4905 = VECTOR('',#4906,1.);
#4906 = DIRECTION('',(0.,-1.,0.));
#4907 = PCURVE('',#4170,#4908);
#4908 = DEFINITIONAL_REPRESENTATION('',(#4909),#4913);
#4909 = LINE('',#4910,#4911);
#4910 = CARTESIAN_POINT('',(18.,-30.));
#4911 = VECTOR('',#4912,1.);
#4912 = DIRECTION('',(0.,1.));
#4913 = ( GEOMETRIC_REPRESENTATION_CONTEXT(2) 
PARAMETRIC_REPRESENTATION_CONTEXT() REPRESENTATION_CONTEXT('2D SPACE',''
  ) );
#4914 = PCURVE('',#4915,#4920);
#4915 = CYLINDRICAL_SURFACE('',#4916,2.);
#4916 = AXIS2_PLACEMENT_3D('',#4917,#4918,#4919);
#4917 = CARTESIAN_POINT('',(46.,30.,42.999999981854));
#4918 = DIRECTION('',(0.,-1.,0.));
#4919 = DIRECTION('',(-0.,0.,1.));
#4920 = DEFINITIONAL_REPRESENTATION('',(#4921),#4925);
#4921 = LINE('',#4922,#4923);
#4922 = CARTESIAN_POINT('',(1.570796326795,0.));
#4923 = VECTOR('',#4924,1.);
#4924 = DIRECTION('',(0.,1.));
#4925 = ( GEOMETRIC_REPRESENTATION_CONTEXT(2) 
PARAMETRIC_REPRESENTATION_CONTEXT() REPRESENTATION_CONTEXT('2D SPACE',''
  ) );
#4926 = ORIENTED_EDGE('',*,*,#4927,.T.);
#4927 = EDGE_CURVE('',#4900,#4928,#4930,.T.);
#4928 = VERTEX_POINT('',#4929);
#4929 = CARTESIAN_POINT('',(44.,-38.,34.999999981854));
#4930 = SURFACE_CURVE('',#4931,(#4936,#4943),.PCURVE_S1.);
#4931 = CIRCLE('',#4932,8.);
#4932 = AXIS2_PLACEMENT_3D('',#4933,#4934,#4935);
#4933 = CARTESIAN_POINT('',(44.,-30.,34.999999981854));
#4934 = DIRECTION('',(1.,0.,0.));
#4935 = DIRECTION('',(0.,-3.552713678801E-16,1.));
#4936 = PCURVE('',#4170,#4937);
#4937 = DEFINITIONAL_REPRESENTATION('',(#4938),#4942);
#4938 = CIRCLE('',#4939,8.);
#4939 = AXIS2_PLACEMENT_2D('',#4940,#4941);
#4940 = CARTESIAN_POINT('',(10.,30.));
#4941 = DIRECTION('',(1.,4.440892098501E-16));
#4942 = ( GEOMETRIC_REPRESENTATION_CONTEXT(2) 
PARAMETRIC_REPRESENTATION_CONTEXT() REPRESENTATION_CONTEXT('2D SPACE',''
  ) );
#4943 = PCURVE('',#4944,#4949);
#4944 = TOROIDAL_SURFACE('',#4945,8.,2.);
#4945 = AXIS2_PLACEMENT_3D('',#4946,#4947,#4948);
#4946 = CARTESIAN_POINT('',(46.,-30.,34.999999981854));
#4947 = DIRECTION('',(-1.,-0.,-0.));
#4948 = DIRECTION('',(0.,-3.552713678801E-16,1.));
#4949 = DEFINITIONAL_REPRESENTATION('',(#4950),#4954);
#4950 = LINE('',#4951,#4952);
#4951 = CARTESIAN_POINT('',(-0.,1.570796326795));
#4952 = VECTOR('',#4953,1.);
#4953 = DIRECTION('',(-1.,0.));
#4954 = ( GEOMETRIC_REPRESENTATION_CONTEXT(2) 
PARAMETRIC_REPRESENTATION_CONTEXT() REPRESENTATION_CONTEXT('2D SPACE',''
  ) );
#4955 = ORIENTED_EDGE('',*,*,#4956,.T.);
#4956 = EDGE_CURVE('',#4928,#4957,#4959,.T.);
#4957 = VERTEX_POINT('',#4958);
#4958 = CARTESIAN_POINT('',(44.,-38.,14.999999981854));
#4959 = SURFACE_CURVE('',#4960,(#4964,#4971),.PCURVE_S1.);
#4960 = LINE('',#4961,#4962);
#4961 = CARTESIAN_POINT('',(44.,-38.,34.999999981854));
#4962 = VECTOR('',#4963,1.);
#4963 = DIRECTION('',(0.,0.,-1.));
#4964 = PCURVE('',#4170,#4965);
#4965 = DEFINITIONAL_REPRESENTATION('',(#4966),#4970);
#4966 = LINE('',#4967,#4968);
#4967 = CARTESIAN_POINT('',(10.,38.));
#4968 = VECTOR('',#4969,1.);
#4969 = DIRECTION('',(-1.,0.));
#4970 = ( GEOMETRIC_REPRESENTATION_CONTEXT(2) 
PARAMETRIC_REPRESENTATION_CONTEXT() REPRESENTATION_CONTEXT('2D SPACE',''
  ) );
#4971 = PCURVE('',#4972,#4977);
#4972 = CYLINDRICAL_SURFACE('',#4973,2.);
#4973 = AXIS2_PLACEMENT_3D('',#4974,#4975,#4976);
#4974 = CARTESIAN_POINT('',(46.,-38.,34.999999981854));
#4975 = DIRECTION('',(0.,0.,-1.));
#4976 = DIRECTION('',(0.,-1.,-0.));
#4977 = DEFINITIONAL_REPRESENTATION('',(#4978),#4982);
#4978 = LINE('',#4979,#4980);
#4979 = CARTESIAN_POINT('',(1.570796326795,0.));
#4980 = VECTOR('',#4981,1.);
#4981 = DIRECTION('',(0.,1.));
#4982 = ( GEOMETRIC_REPRESENTATION_CONTEXT(2) 
PARAMETRIC_REPRESENTATION_CONTEXT() REPRESENTATION_CONTEXT('2D SPACE',''
  ) );
#4983 = ORIENTED_EDGE('',*,*,#4984,.T.);
#4984 = EDGE_CURVE('',#4957,#4985,#4987,.T.);
#4985 = VERTEX_POINT('',#4986);
#4986 = CARTESIAN_POINT('',(44.,-30.,6.999999981854));
#4987 = SURFACE_CURVE('',#4988,(#4993,#5000),.PCURVE_S1.);
#4988 = CIRCLE('',#4989,8.);
#4989 = AXIS2_PLACEMENT_3D('',#4990,#4991,#4992);
#4990 = CARTESIAN_POINT('',(44.,-30.,14.999999981854));
#4991 = DIRECTION('',(1.,0.,0.));
#4992 = DIRECTION('',(0.,-1.,-1.7763568394E-16));
#4993 = PCURVE('',#4170,#4994);
#4994 = DEFINITIONAL_REPRESENTATION('',(#4995),#4999);
#4995 = CIRCLE('',#4996,8.);
#4996 = AXIS2_PLACEMENT_2D('',#4997,#4998);
#4997 = CARTESIAN_POINT('',(-10.,30.));
#4998 = DIRECTION('',(-2.22044604925E-16,1.));
#4999 = ( GEOMETRIC_REPRESENTATION_CONTEXT(2) 
PARAMETRIC_REPRESENTATION_CONTEXT() REPRESENTATION_CONTEXT('2D SPACE',''
  ) );
#5000 = PCURVE('',#5001,#5006);
#5001 = TOROIDAL_SURFACE('',#5002,8.,2.);
#5002 = AXIS2_PLACEMENT_3D('',#5003,#5004,#5005);
#5003 = CARTESIAN_POINT('',(46.,-30.,14.999999981854));
#5004 = DIRECTION('',(-1.,-0.,-0.));
#5005 = DIRECTION('',(0.,-1.,-1.7763568394E-16));
#5006 = DEFINITIONAL_REPRESENTATION('',(#5007),#5011);
#5007 = LINE('',#5008,#5009);
#5008 = CARTESIAN_POINT('',(-0.,1.570796326795));
#5009 = VECTOR('',#5010,1.);
#5010 = DIRECTION('',(-1.,0.));
#5011 = ( GEOMETRIC_REPRESENTATION_CONTEXT(2) 
PARAMETRIC_REPRESENTATION_CONTEXT() REPRESENTATION_CONTEXT('2D SPACE',''
  ) );
#5012 = ORIENTED_EDGE('',*,*,#5013,.T.);
#5013 = EDGE_CURVE('',#4985,#5014,#5016,.T.);
#5014 = VERTEX_POINT('',#5015);
#5015 = CARTESIAN_POINT('',(44.,30.,6.999999981854));
#5016 = SURFACE_CURVE('',#5017,(#5021,#5028),.PCURVE_S1.);
#5017 = LINE('',#5018,#5019);
#5018 = CARTESIAN_POINT('',(44.,-30.,6.999999981854));
#5019 = VECTOR('',#5020,1.);
#5020 = DIRECTION('',(0.,1.,0.));
#5021 = PCURVE('',#4170,#5022);
#5022 = DEFINITIONAL_REPRESENTATION('',(#5023),#5027);
#5023 = LINE('',#5024,#5025);
#5024 = CARTESIAN_POINT('',(-18.,30.));
#5025 = VECTOR('',#5026,1.);
#5026 = DIRECTION('',(0.,-1.));
#5027 = ( GEOMETRIC_REPRESENTATION_CONTEXT(2) 
PARAMETRIC_REPRESENTATION_CONTEXT() REPRESENTATION_CONTEXT('2D SPACE',''
  ) );
#5028 = PCURVE('',#5029,#5034);
#5029 = CYLINDRICAL_SURFACE('',#5030,2.);
#5030 = AXIS2_PLACEMENT_3D('',#5031,#5032,#5033);
#5031 = CARTESIAN_POINT('',(46.,-30.,6.999999981854));
#5032 = DIRECTION('',(0.,1.,0.));
#5033 = DIRECTION('',(-0.,0.,-1.));
#5034 = DEFINITIONAL_REPRESENTATION('',(#5035),#5039);
#5035 = LINE('',#5036,#5037);
#5036 = CARTESIAN_POINT('',(1.570796326795,0.));
#5037 = VECTOR('',#5038,1.);
#5038 = DIRECTION('',(0.,1.));
#5039 = ( GEOMETRIC_REPRESENTATION_CONTEXT(2) 
PARAMETRIC_REPRESENTATION_CONTEXT() REPRESENTATION_CONTEXT('2D SPACE',''
  ) );
#5040 = ORIENTED_EDGE('',*,*,#5041,.T.);
#5041 = EDGE_CURVE('',#5014,#5042,#5044,.T.);
#5042 = VERTEX_POINT('',#5043);
#5043 = CARTESIAN_POINT('',(44.,38.,14.999999981854));
#5044 = SURFACE_CURVE('',#5045,(#5050,#5057),.PCURVE_S1.);
#5045 = CIRCLE('',#5046,8.);
#5046 = AXIS2_PLACEMENT_3D('',#5047,#5048,#5049);
#5047 = CARTESIAN_POINT('',(44.,30.,14.999999981854));
#5048 = DIRECTION('',(1.,0.,0.));
#5049 = DIRECTION('',(0.,0.,-1.));
#5050 = PCURVE('',#4170,#5051);
#5051 = DEFINITIONAL_REPRESENTATION('',(#5052),#5056);
#5052 = CIRCLE('',#5053,8.);
#5053 = AXIS2_PLACEMENT_2D('',#5054,#5055);
#5054 = CARTESIAN_POINT('',(-10.,-30.));
#5055 = DIRECTION('',(-1.,0.));
#5056 = ( GEOMETRIC_REPRESENTATION_CONTEXT(2) 
PARAMETRIC_REPRESENTATION_CONTEXT() REPRESENTATION_CONTEXT('2D SPACE',''
  ) );
#5057 = PCURVE('',#5058,#5063);
#5058 = TOROIDAL_SURFACE('',#5059,8.,2.);
#5059 = AXIS2_PLACEMENT_3D('',#5060,#5061,#5062);
#5060 = CARTESIAN_POINT('',(46.,30.,14.999999981854));
#5061 = DIRECTION('',(-1.,-0.,-0.));
#5062 = DIRECTION('',(0.,0.,-1.));
#5063 = DEFINITIONAL_REPRESENTATION('',(#5064),#5068);
#5064 = LINE('',#5065,#5066);
#5065 = CARTESIAN_POINT('',(-0.,1.570796326795));
#5066 = VECTOR('',#5067,1.);
#5067 = DIRECTION('',(-1.,0.));
#5068 = ( GEOMETRIC_REPRESENTATION_CONTEXT(2) 
PARAMETRIC_REPRESENTATION_CONTEXT() REPRESENTATION_CONTEXT('2D SPACE',''
  ) );
#5069 = ORIENTED_EDGE('',*,*,#5070,.T.);
#5070 = EDGE_CURVE('',#5042,#5071,#5073,.T.);
#5071 = VERTEX_POINT('',#5072);
#5072 = CARTESIAN_POINT('',(44.,38.,34.999999981854));
#5073 = SURFACE_CURVE('',#5074,(#5078,#5085),.PCURVE_S1.);
#5074 = LINE('',#5075,#5076);
#5075 = CARTESIAN_POINT('',(44.,38.,14.999999981854));
#5076 = VECTOR('',#5077,1.);
#5077 = DIRECTION('',(0.,0.,1.));
#5078 = PCURVE('',#4170,#5079);
#5079 = DEFINITIONAL_REPRESENTATION('',(#5080),#5084);
#5080 = LINE('',#5081,#5082);
#5081 = CARTESIAN_POINT('',(-10.,-38.));
#5082 = VECTOR('',#5083,1.);
#5083 = DIRECTION('',(1.,0.));
#5084 = ( GEOMETRIC_REPRESENTATION_CONTEXT(2) 
PARAMETRIC_REPRESENTATION_CONTEXT() REPRESENTATION_CONTEXT('2D SPACE',''
  ) );
#5085 = PCURVE('',#5086,#5091);
#5086 = CYLINDRICAL_SURFACE('',#5087,2.);
#5087 = AXIS2_PLACEMENT_3D('',#5088,#5089,#5090);
#5088 = CARTESIAN_POINT('',(46.,38.,14.999999981854));
#5089 = DIRECTION('',(0.,0.,1.));
#5090 = DIRECTION('',(-0.,1.,0.));
#5091 = DEFINITIONAL_REPRESENTATION('',(#5092),#5096);
#5092 = LINE('',#5093,#5094);
#5093 = CARTESIAN_POINT('',(1.570796326795,0.));
#5094 = VECTOR('',#5095,1.);
#5095 = DIRECTION('',(0.,1.));
#5096 = ( GEOMETRIC_REPRESENTATION_CONTEXT(2) 
PARAMETRIC_REPRESENTATION_CONTEXT() REPRESENTATION_CONTEXT('2D SPACE',''
  ) );
#5097 = ORIENTED_EDGE('',*,*,#5098,.T.);
#5098 = EDGE_CURVE('',#5071,#4898,#5099,.T.);
#5099 = SURFACE_CURVE('',#5100,(#5105,#5112),.PCURVE_S1.);
#5100 = CIRCLE('',#5101,8.);
#5101 = AXIS2_PLACEMENT_3D('',#5102,#5103,#5104);
#5102 = CARTESIAN_POINT('',(44.,30.,34.999999981854));
#5103 = DIRECTION('',(1.,0.,0.));
#5104 = DIRECTION('',(-0.,1.,0.));
#5105 = PCURVE('',#4170,#5106);
#5106 = DEFINITIONAL_REPRESENTATION('',(#5107),#5111);
#5107 = CIRCLE('',#5108,8.);
#5108 = AXIS2_PLACEMENT_2D('',#5109,#5110);
#5109 = CARTESIAN_POINT('',(10.,-30.));
#5110 = DIRECTION('',(0.,-1.));
#5111 = ( GEOMETRIC_REPRESENTATION_CONTEXT(2) 
PARAMETRIC_REPRESENTATION_CONTEXT() REPRESENTATION_CONTEXT('2D SPACE',''
  ) );
#5112 = PCURVE('',#5113,#5118);
#5113 = TOROIDAL_SURFACE('',#5114,8.,2.);
#5114 = AXIS2_PLACEMENT_3D('',#5115,#5116,#5117);
#5115 = CARTESIAN_POINT('',(46.,30.,34.999999981854));
#5116 = DIRECTION('',(-1.,-0.,-0.));
#5117 = DIRECTION('',(-0.,1.,0.));
#5118 = DEFINITIONAL_REPRESENTATION('',(#5119),#5123);
#5119 = LINE('',#5120,#5121);
#5120 = CARTESIAN_POINT('',(-0.,1.570796326795));
#5121 = VECTOR('',#5122,1.);
#5122 = DIRECTION('',(-1.,0.));
#5123 = ( GEOMETRIC_REPRESENTATION_CONTEXT(2) 
PARAMETRIC_REPRESENTATION_CONTEXT() REPRESENTATION_CONTEXT('2D SPACE',''
  ) );
#5124 = FACE_BOUND('',#5125,.T.);
#5125 = EDGE_LOOP('',(#5126,#5127,#5128,#5129,#5130,#5131,#5132,#5133));
#5126 = ORIENTED_EDGE('',*,*,#4156,.F.);
#5127 = ORIENTED_EDGE('',*,*,#4207,.F.);
#5128 = ORIENTED_EDGE('',*,*,#4307,.F.);
#5129 = ORIENTED_EDGE('',*,*,#4401,.F.);
#5130 = ORIENTED_EDGE('',*,*,#4480,.F.);
#5131 = ORIENTED_EDGE('',*,*,#4429,.F.);
#5132 = ORIENTED_EDGE('',*,*,#4355,.F.);
#5133 = ORIENTED_EDGE('',*,*,#4235,.F.);
#5134 = ADVANCED_FACE('',(#5135,#5365),#4542,.F.);
#5135 = FACE_BOUND('',#5136,.F.);
#5136 = EDGE_LOOP('',(#5137,#5167,#5196,#5224,#5253,#5281,#5310,#5338));
#5137 = ORIENTED_EDGE('',*,*,#5138,.T.);
#5138 = EDGE_CURVE('',#5139,#5141,#5143,.T.);
#5139 = VERTEX_POINT('',#5140);
#5140 = CARTESIAN_POINT('',(-50.,43.5,10.));
#5141 = VERTEX_POINT('',#5142);
#5142 = CARTESIAN_POINT('',(-50.,43.5,40.));
#5143 = SURFACE_CURVE('',#5144,(#5148,#5155),.PCURVE_S1.);
#5144 = LINE('',#5145,#5146);
#5145 = CARTESIAN_POINT('',(-50.,43.5,10.));
#5146 = VECTOR('',#5147,1.);
#5147 = DIRECTION('',(0.,0.,1.));
#5148 = PCURVE('',#4542,#5149);
#5149 = DEFINITIONAL_REPRESENTATION('',(#5150),#5154);
#5150 = LINE('',#5151,#5152);
#5151 = CARTESIAN_POINT('',(1.5,-10.));
#5152 = VECTOR('',#5153,1.);
#5153 = DIRECTION('',(0.,-1.));
#5154 = ( GEOMETRIC_REPRESENTATION_CONTEXT(2) 
PARAMETRIC_REPRESENTATION_CONTEXT() REPRESENTATION_CONTEXT('2D SPACE',''
  ) );
#5155 = PCURVE('',#5156,#5161);
#5156 = CYLINDRICAL_SURFACE('',#5157,1.5);
#5157 = AXIS2_PLACEMENT_3D('',#5158,#5159,#5160);
#5158 = CARTESIAN_POINT('',(-48.5,43.5,10.));
#5159 = DIRECTION('',(0.,0.,1.));
#5160 = DIRECTION('',(-1.,0.,0.));
#5161 = DEFINITIONAL_REPRESENTATION('',(#5162),#5166);
#5162 = LINE('',#5163,#5164);
#5163 = CARTESIAN_POINT('',(-0.,0.));
#5164 = VECTOR('',#5165,1.);
#5165 = DIRECTION('',(-0.,1.));
#5166 = ( GEOMETRIC_REPRESENTATION_CONTEXT(2) 
PARAMETRIC_REPRESENTATION_CONTEXT() REPRESENTATION_CONTEXT('2D SPACE',''
  ) );
#5167 = ORIENTED_EDGE('',*,*,#5168,.T.);
#5168 = EDGE_CURVE('',#5141,#5169,#5171,.T.);
#5169 = VERTEX_POINT('',#5170);
#5170 = CARTESIAN_POINT('',(-50.,35.,48.5));
#5171 = SURFACE_CURVE('',#5172,(#5177,#5184),.PCURVE_S1.);
#5172 = CIRCLE('',#5173,8.5);
#5173 = AXIS2_PLACEMENT_3D('',#5174,#5175,#5176);
#5174 = CARTESIAN_POINT('',(-50.,35.,40.));
#5175 = DIRECTION('',(1.,0.,0.));
#5176 = DIRECTION('',(-0.,1.,0.));
#5177 = PCURVE('',#4542,#5178);
#5178 = DEFINITIONAL_REPRESENTATION('',(#5179),#5183);
#5179 = CIRCLE('',#5180,8.5);
#5180 = AXIS2_PLACEMENT_2D('',#5181,#5182);
#5181 = CARTESIAN_POINT('',(10.,-40.));
#5182 = DIRECTION('',(-1.,0.));
#5183 = ( GEOMETRIC_REPRESENTATION_CONTEXT(2) 
PARAMETRIC_REPRESENTATION_CONTEXT() REPRESENTATION_CONTEXT('2D SPACE',''
  ) );
#5184 = PCURVE('',#5185,#5190);
#5185 = TOROIDAL_SURFACE('',#5186,8.5,1.5);
#5186 = AXIS2_PLACEMENT_3D('',#5187,#5188,#5189);
#5187 = CARTESIAN_POINT('',(-48.5,35.,40.));
#5188 = DIRECTION('',(1.,0.,0.));
#5189 = DIRECTION('',(-0.,1.,0.));
#5190 = DEFINITIONAL_REPRESENTATION('',(#5191),#5195);
#5191 = LINE('',#5192,#5193);
#5192 = CARTESIAN_POINT('',(0.,4.712388980385));
#5193 = VECTOR('',#5194,1.);
#5194 = DIRECTION('',(1.,0.));
#5195 = ( GEOMETRIC_REPRESENTATION_CONTEXT(2) 
PARAMETRIC_REPRESENTATION_CONTEXT() REPRESENTATION_CONTEXT('2D SPACE',''
  ) );
#5196 = ORIENTED_EDGE('',*,*,#5197,.T.);
#5197 = EDGE_CURVE('',#5169,#5198,#5200,.T.);
#5198 = VERTEX_POINT('',#5199);
#5199 = CARTESIAN_POINT('',(-50.,-35.,48.5));
#5200 = SURFACE_CURVE('',#5201,(#5205,#5212),.PCURVE_S1.);
#5201 = LINE('',#5202,#5203);
#5202 = CARTESIAN_POINT('',(-50.,35.,48.5));
#5203 = VECTOR('',#5204,1.);
#5204 = DIRECTION('',(0.,-1.,0.));
#5205 = PCURVE('',#4542,#5206);
#5206 = DEFINITIONAL_REPRESENTATION('',(#5207),#5211);
#5207 = LINE('',#5208,#5209);
#5208 = CARTESIAN_POINT('',(10.,-48.5));
#5209 = VECTOR('',#5210,1.);
#5210 = DIRECTION('',(1.,0.));
#5211 = ( GEOMETRIC_REPRESENTATION_CONTEXT(2) 
PARAMETRIC_REPRESENTATION_CONTEXT() REPRESENTATION_CONTEXT('2D SPACE',''
  ) );
#5212 = PCURVE('',#5213,#5218);
#5213 = CYLINDRICAL_SURFACE('',#5214,1.5);
#5214 = AXIS2_PLACEMENT_3D('',#5215,#5216,#5217);
#5215 = CARTESIAN_POINT('',(-48.5,35.,48.5));
#5216 = DIRECTION('',(0.,-1.,0.));
#5217 = DIRECTION('',(-1.,-0.,0.));
#5218 = DEFINITIONAL_REPRESENTATION('',(#5219),#5223);
#5219 = LINE('',#5220,#5221);
#5220 = CARTESIAN_POINT('',(-0.,0.));
#5221 = VECTOR('',#5222,1.);
#5222 = DIRECTION('',(-0.,1.));
#5223 = ( GEOMETRIC_REPRESENTATION_CONTEXT(2) 
PARAMETRIC_REPRESENTATION_CONTEXT() REPRESENTATION_CONTEXT('2D SPACE',''
  ) );
#5224 = ORIENTED_EDGE('',*,*,#5225,.T.);
#5225 = EDGE_CURVE('',#5198,#5226,#5228,.T.);
#5226 = VERTEX_POINT('',#5227);
#5227 = CARTESIAN_POINT('',(-50.,-43.5,40.));
#5228 = SURFACE_CURVE('',#5229,(#5234,#5241),.PCURVE_S1.);
#5229 = CIRCLE('',#5230,8.5);
#5230 = AXIS2_PLACEMENT_3D('',#5231,#5232,#5233);
#5231 = CARTESIAN_POINT('',(-50.,-35.,40.));
#5232 = DIRECTION('',(1.,0.,0.));
#5233 = DIRECTION('',(-0.,0.,1.));
#5234 = PCURVE('',#4542,#5235);
#5235 = DEFINITIONAL_REPRESENTATION('',(#5236),#5240);
#5236 = CIRCLE('',#5237,8.5);
#5237 = AXIS2_PLACEMENT_2D('',#5238,#5239);
#5238 = CARTESIAN_POINT('',(80.,-40.));
#5239 = DIRECTION('',(0.,-1.));
#5240 = ( GEOMETRIC_REPRESENTATION_CONTEXT(2) 
PARAMETRIC_REPRESENTATION_CONTEXT() REPRESENTATION_CONTEXT('2D SPACE',''
  ) );
#5241 = PCURVE('',#5242,#5247);
#5242 = TOROIDAL_SURFACE('',#5243,8.5,1.5);
#5243 = AXIS2_PLACEMENT_3D('',#5244,#5245,#5246);
#5244 = CARTESIAN_POINT('',(-48.5,-35.,40.));
#5245 = DIRECTION('',(1.,0.,0.));
#5246 = DIRECTION('',(-0.,0.,1.));
#5247 = DEFINITIONAL_REPRESENTATION('',(#5248),#5252);
#5248 = LINE('',#5249,#5250);
#5249 = CARTESIAN_POINT('',(0.,4.712388980385));
#5250 = VECTOR('',#5251,1.);
#5251 = DIRECTION('',(1.,0.));
#5252 = ( GEOMETRIC_REPRESENTATION_CONTEXT(2) 
PARAMETRIC_REPRESENTATION_CONTEXT() REPRESENTATION_CONTEXT('2D SPACE',''
  ) );
#5253 = ORIENTED_EDGE('',*,*,#5254,.T.);
#5254 = EDGE_CURVE('',#5226,#5255,#5257,.T.);
#5255 = VERTEX_POINT('',#5256);
#5256 = CARTESIAN_POINT('',(-50.,-43.5,10.));
#5257 = SURFACE_CURVE('',#5258,(#5262,#5269),.PCURVE_S1.);
#5258 = LINE('',#5259,#5260);
#5259 = CARTESIAN_POINT('',(-50.,-43.5,40.));
#5260 = VECTOR('',#5261,1.);
#5261 = DIRECTION('',(-0.,-0.,-1.));
#5262 = PCURVE('',#4542,#5263);
#5263 = DEFINITIONAL_REPRESENTATION('',(#5264),#5268);
#5264 = LINE('',#5265,#5266);
#5265 = CARTESIAN_POINT('',(88.5,-40.));
#5266 = VECTOR('',#5267,1.);
#5267 = DIRECTION('',(0.,1.));
#5268 = ( GEOMETRIC_REPRESENTATION_CONTEXT(2) 
PARAMETRIC_REPRESENTATION_CONTEXT() REPRESENTATION_CONTEXT('2D SPACE',''
  ) );
#5269 = PCURVE('',#5270,#5275);
#5270 = CYLINDRICAL_SURFACE('',#5271,1.5);
#5271 = AXIS2_PLACEMENT_3D('',#5272,#5273,#5274);
#5272 = CARTESIAN_POINT('',(-48.5,-43.5,40.));
#5273 = DIRECTION('',(-0.,-0.,-1.));
#5274 = DIRECTION('',(-1.,0.,0.));
#5275 = DEFINITIONAL_REPRESENTATION('',(#5276),#5280);
#5276 = LINE('',#5277,#5278);
#5277 = CARTESIAN_POINT('',(-0.,0.));
#5278 = VECTOR('',#5279,1.);
#5279 = DIRECTION('',(-0.,1.));
#5280 = ( GEOMETRIC_REPRESENTATION_CONTEXT(2) 
PARAMETRIC_REPRESENTATION_CONTEXT() REPRESENTATION_CONTEXT('2D SPACE',''
  ) );
#5281 = ORIENTED_EDGE('',*,*,#5282,.T.);
#5282 = EDGE_CURVE('',#5255,#5283,#5285,.T.);
#5283 = VERTEX_POINT('',#5284);
#5284 = CARTESIAN_POINT('',(-50.,-35.,1.5));
#5285 = SURFACE_CURVE('',#5286,(#5291,#5298),.PCURVE_S1.);
#5286 = CIRCLE('',#5287,8.5);
#5287 = AXIS2_PLACEMENT_3D('',#5288,#5289,#5290);
#5288 = CARTESIAN_POINT('',(-50.,-35.,10.));
#5289 = DIRECTION('',(1.,0.,0.));
#5290 = DIRECTION('',(0.,-1.,-1.7763568394E-16));
#5291 = PCURVE('',#4542,#5292);
#5292 = DEFINITIONAL_REPRESENTATION('',(#5293),#5297);
#5293 = CIRCLE('',#5294,8.5);
#5294 = AXIS2_PLACEMENT_2D('',#5295,#5296);
#5295 = CARTESIAN_POINT('',(80.,-10.));
#5296 = DIRECTION('',(1.,2.089831575765E-16));
#5297 = ( GEOMETRIC_REPRESENTATION_CONTEXT(2) 
PARAMETRIC_REPRESENTATION_CONTEXT() REPRESENTATION_CONTEXT('2D SPACE',''
  ) );
#5298 = PCURVE('',#5299,#5304);
#5299 = TOROIDAL_SURFACE('',#5300,8.5,1.5);
#5300 = AXIS2_PLACEMENT_3D('',#5301,#5302,#5303);
#5301 = CARTESIAN_POINT('',(-48.5,-35.,10.));
#5302 = DIRECTION('',(1.,0.,0.));
#5303 = DIRECTION('',(0.,-1.,-1.7763568394E-16));
#5304 = DEFINITIONAL_REPRESENTATION('',(#5305),#5309);
#5305 = LINE('',#5306,#5307);
#5306 = CARTESIAN_POINT('',(0.,4.712388980385));
#5307 = VECTOR('',#5308,1.);
#5308 = DIRECTION('',(1.,0.));
#5309 = ( GEOMETRIC_REPRESENTATION_CONTEXT(2) 
PARAMETRIC_REPRESENTATION_CONTEXT() REPRESENTATION_CONTEXT('2D SPACE',''
  ) );
#5310 = ORIENTED_EDGE('',*,*,#5311,.T.);
#5311 = EDGE_CURVE('',#5283,#5312,#5314,.T.);
#5312 = VERTEX_POINT('',#5313);
#5313 = CARTESIAN_POINT('',(-50.,35.,1.5));
#5314 = SURFACE_CURVE('',#5315,(#5319,#5326),.PCURVE_S1.);
#5315 = LINE('',#5316,#5317);
#5316 = CARTESIAN_POINT('',(-50.,-35.,1.5));
#5317 = VECTOR('',#5318,1.);
#5318 = DIRECTION('',(-0.,1.,-0.));
#5319 = PCURVE('',#4542,#5320);
#5320 = DEFINITIONAL_REPRESENTATION('',(#5321),#5325);
#5321 = LINE('',#5322,#5323);
#5322 = CARTESIAN_POINT('',(80.,-1.5));
#5323 = VECTOR('',#5324,1.);
#5324 = DIRECTION('',(-1.,0.));
#5325 = ( GEOMETRIC_REPRESENTATION_CONTEXT(2) 
PARAMETRIC_REPRESENTATION_CONTEXT() REPRESENTATION_CONTEXT('2D SPACE',''
  ) );
#5326 = PCURVE('',#5327,#5332);
#5327 = CYLINDRICAL_SURFACE('',#5328,1.5);
#5328 = AXIS2_PLACEMENT_3D('',#5329,#5330,#5331);
#5329 = CARTESIAN_POINT('',(-48.5,-35.,1.5));
#5330 = DIRECTION('',(-0.,1.,-0.));
#5331 = DIRECTION('',(-1.,-0.,-0.));
#5332 = DEFINITIONAL_REPRESENTATION('',(#5333),#5337);
#5333 = LINE('',#5334,#5335);
#5334 = CARTESIAN_POINT('',(-0.,0.));
#5335 = VECTOR('',#5336,1.);
#5336 = DIRECTION('',(-0.,1.));
#5337 = ( GEOMETRIC_REPRESENTATION_CONTEXT(2) 
PARAMETRIC_REPRESENTATION_CONTEXT() REPRESENTATION_CONTEXT('2D SPACE',''
  ) );
#5338 = ORIENTED_EDGE('',*,*,#5339,.T.);
#5339 = EDGE_CURVE('',#5312,#5139,#5340,.T.);
#5340 = SURFACE_CURVE('',#5341,(#5346,#5353),.PCURVE_S1.);
#5341 = CIRCLE('',#5342,8.5);
#5342 = AXIS2_PLACEMENT_3D('',#5343,#5344,#5345);
#5343 = CARTESIAN_POINT('',(-50.,35.,10.));
#5344 = DIRECTION('',(1.,0.,0.));
#5345 = DIRECTION('',(0.,0.,-1.));
#5346 = PCURVE('',#4542,#5347);
#5347 = DEFINITIONAL_REPRESENTATION('',(#5348),#5352);
#5348 = CIRCLE('',#5349,8.5);
#5349 = AXIS2_PLACEMENT_2D('',#5350,#5351);
#5350 = CARTESIAN_POINT('',(10.,-10.));
#5351 = DIRECTION('',(0.,1.));
#5352 = ( GEOMETRIC_REPRESENTATION_CONTEXT(2) 
PARAMETRIC_REPRESENTATION_CONTEXT() REPRESENTATION_CONTEXT('2D SPACE',''
  ) );
#5353 = PCURVE('',#5354,#5359);
#5354 = TOROIDAL_SURFACE('',#5355,8.5,1.5);
#5355 = AXIS2_PLACEMENT_3D('',#5356,#5357,#5358);
#5356 = CARTESIAN_POINT('',(-48.5,35.,10.));
#5357 = DIRECTION('',(1.,0.,0.));
#5358 = DIRECTION('',(0.,0.,-1.));
#5359 = DEFINITIONAL_REPRESENTATION('',(#5360),#5364);
#5360 = LINE('',#5361,#5362);
#5361 = CARTESIAN_POINT('',(0.,4.712388980385));
#5362 = VECTOR('',#5363,1.);
#5363 = DIRECTION('',(1.,0.));
#5364 = ( GEOMETRIC_REPRESENTATION_CONTEXT(2) 
PARAMETRIC_REPRESENTATION_CONTEXT() REPRESENTATION_CONTEXT('2D SPACE',''
  ) );
#5365 = FACE_BOUND('',#5366,.F.);
#5366 = EDGE_LOOP('',(#5367,#5368,#5369,#5370,#5371,#5372,#5373,#5374));
#5367 = ORIENTED_EDGE('',*,*,#4526,.F.);
#5368 = ORIENTED_EDGE('',*,*,#4602,.F.);
#5369 = ORIENTED_EDGE('',*,*,#4698,.F.);
#5370 = ORIENTED_EDGE('',*,*,#4796,.F.);
#5371 = ORIENTED_EDGE('',*,*,#4871,.F.);
#5372 = ORIENTED_EDGE('',*,*,#4845,.F.);
#5373 = ORIENTED_EDGE('',*,*,#4725,.F.);
#5374 = ORIENTED_EDGE('',*,*,#4651,.F.);
#5375 = ADVANCED_FACE('',(#5376),#4915,.F.);
#5376 = FACE_BOUND('',#5377,.F.);
#5377 = EDGE_LOOP('',(#5378,#5400,#5401,#5423));
#5378 = ORIENTED_EDGE('',*,*,#5379,.T.);
#5379 = EDGE_CURVE('',#5380,#4898,#5382,.T.);
#5380 = VERTEX_POINT('',#5381);
#5381 = CARTESIAN_POINT('',(46.,30.,44.999999981854));
#5382 = SURFACE_CURVE('',#5383,(#5388,#5394),.PCURVE_S1.);
#5383 = CIRCLE('',#5384,2.);
#5384 = AXIS2_PLACEMENT_3D('',#5385,#5386,#5387);
#5385 = CARTESIAN_POINT('',(46.,30.,42.999999981854));
#5386 = DIRECTION('',(0.,-1.,0.));
#5387 = DIRECTION('',(-0.,0.,1.));
#5388 = PCURVE('',#4915,#5389);
#5389 = DEFINITIONAL_REPRESENTATION('',(#5390),#5393);
#5390 = B_SPLINE_CURVE_WITH_KNOTS('',1,(#5391,#5392),.UNSPECIFIED.,.F.,
  .F.,(2,2),(0.,1.570796326795),.PIECEWISE_BEZIER_KNOTS.);
#5391 = CARTESIAN_POINT('',(0.,0.));
#5392 = CARTESIAN_POINT('',(1.570796326795,0.));
#5393 = ( GEOMETRIC_REPRESENTATION_CONTEXT(2) 
PARAMETRIC_REPRESENTATION_CONTEXT() REPRESENTATION_CONTEXT('2D SPACE',''
  ) );
#5394 = PCURVE('',#5113,#5395);
#5395 = DEFINITIONAL_REPRESENTATION('',(#5396),#5399);
#5396 = B_SPLINE_CURVE_WITH_KNOTS('',1,(#5397,#5398),.UNSPECIFIED.,.F.,
  .F.,(2,2),(0.,1.570796326795),.PIECEWISE_BEZIER_KNOTS.);
#5397 = CARTESIAN_POINT('',(-1.570796326795,0.));
#5398 = CARTESIAN_POINT('',(-1.570796326795,1.570796326795));
#5399 = ( GEOMETRIC_REPRESENTATION_CONTEXT(2) 
PARAMETRIC_REPRESENTATION_CONTEXT() REPRESENTATION_CONTEXT('2D SPACE',''
  ) );
#5400 = ORIENTED_EDGE('',*,*,#4897,.T.);
#5401 = ORIENTED_EDGE('',*,*,#5402,.F.);
#5402 = EDGE_CURVE('',#5403,#4900,#5405,.T.);
#5403 = VERTEX_POINT('',#5404);
#5404 = CARTESIAN_POINT('',(46.,-30.,44.999999981854));
#5405 = SURFACE_CURVE('',#5406,(#5411,#5417),.PCURVE_S1.);
#5406 = CIRCLE('',#5407,2.);
#5407 = AXIS2_PLACEMENT_3D('',#5408,#5409,#5410);
#5408 = CARTESIAN_POINT('',(46.,-30.,42.999999981854));
#5409 = DIRECTION('',(0.,-1.,0.));
#5410 = DIRECTION('',(-0.,0.,1.));
#5411 = PCURVE('',#4915,#5412);
#5412 = DEFINITIONAL_REPRESENTATION('',(#5413),#5416);
#5413 = B_SPLINE_CURVE_WITH_KNOTS('',1,(#5414,#5415),.UNSPECIFIED.,.F.,
  .F.,(2,2),(0.,1.570796326795),.PIECEWISE_BEZIER_KNOTS.);
#5414 = CARTESIAN_POINT('',(0.,60.));
#5415 = CARTESIAN_POINT('',(1.570796326795,60.));
#5416 = ( GEOMETRIC_REPRESENTATION_CONTEXT(2) 
PARAMETRIC_REPRESENTATION_CONTEXT() REPRESENTATION_CONTEXT('2D SPACE',''
  ) );
#5417 = PCURVE('',#4944,#5418);
#5418 = DEFINITIONAL_REPRESENTATION('',(#5419),#5422);
#5419 = B_SPLINE_CURVE_WITH_KNOTS('',1,(#5420,#5421),.UNSPECIFIED.,.F.,
  .F.,(2,2),(0.,1.570796326795),.PIECEWISE_BEZIER_KNOTS.);
#5420 = CARTESIAN_POINT('',(2.22044604925E-16,0.));
#5421 = CARTESIAN_POINT('',(2.22044604925E-16,1.570796326795));
#5422 = ( GEOMETRIC_REPRESENTATION_CONTEXT(2) 
PARAMETRIC_REPRESENTATION_CONTEXT() REPRESENTATION_CONTEXT('2D SPACE',''
  ) );
#5423 = ORIENTED_EDGE('',*,*,#5424,.F.);
#5424 = EDGE_CURVE('',#5380,#5403,#5425,.T.);
#5425 = SURFACE_CURVE('',#5426,(#5430,#5437),.PCURVE_S1.);
#5426 = LINE('',#5427,#5428);
#5427 = CARTESIAN_POINT('',(46.,30.,44.999999981854));
#5428 = VECTOR('',#5429,1.);
#5429 = DIRECTION('',(0.,-1.,0.));
#5430 = PCURVE('',#4915,#5431);
#5431 = DEFINITIONAL_REPRESENTATION('',(#5432),#5436);
#5432 = LINE('',#5433,#5434);
#5433 = CARTESIAN_POINT('',(0.,0.));
#5434 = VECTOR('',#5435,1.);
#5435 = DIRECTION('',(0.,1.));
#5436 = ( GEOMETRIC_REPRESENTATION_CONTEXT(2) 
PARAMETRIC_REPRESENTATION_CONTEXT() REPRESENTATION_CONTEXT('2D SPACE',''
  ) );
#5437 = PCURVE('',#5438,#5443);
#5438 = PLANE('',#5439);
#5439 = AXIS2_PLACEMENT_3D('',#5440,#5441,#5442);
#5440 = CARTESIAN_POINT('',(44.,40.,44.999999981854));
#5441 = DIRECTION('',(0.,0.,-1.));
#5442 = DIRECTION('',(0.,-1.,0.));
#5443 = DEFINITIONAL_REPRESENTATION('',(#5444),#5448);
#5444 = LINE('',#5445,#5446);
#5445 = CARTESIAN_POINT('',(10.,-2.));
#5446 = VECTOR('',#5447,1.);
#5447 = DIRECTION('',(1.,0.));
#5448 = ( GEOMETRIC_REPRESENTATION_CONTEXT(2) 
PARAMETRIC_REPRESENTATION_CONTEXT() REPRESENTATION_CONTEXT('2D SPACE',''
  ) );
#5449 = ADVANCED_FACE('',(#5450),#5113,.F.);
#5450 = FACE_BOUND('',#5451,.T.);
#5451 = EDGE_LOOP('',(#5452,#5474,#5501,#5502));
#5452 = ORIENTED_EDGE('',*,*,#5453,.F.);
#5453 = EDGE_CURVE('',#5454,#5071,#5456,.T.);
#5454 = VERTEX_POINT('',#5455);
#5455 = CARTESIAN_POINT('',(46.,40.,34.999999981854));
#5456 = SURFACE_CURVE('',#5457,(#5462,#5468),.PCURVE_S1.);
#5457 = CIRCLE('',#5458,2.);
#5458 = AXIS2_PLACEMENT_3D('',#5459,#5460,#5461);
#5459 = CARTESIAN_POINT('',(46.,38.,34.999999981854));
#5460 = DIRECTION('',(0.,0.,1.));
#5461 = DIRECTION('',(-0.,1.,0.));
#5462 = PCURVE('',#5113,#5463);
#5463 = DEFINITIONAL_REPRESENTATION('',(#5464),#5467);
#5464 = B_SPLINE_CURVE_WITH_KNOTS('',1,(#5465,#5466),.UNSPECIFIED.,.F.,
  .F.,(2,2),(0.,1.570796326795),.PIECEWISE_BEZIER_KNOTS.);
#5465 = CARTESIAN_POINT('',(0.,0.));
#5466 = CARTESIAN_POINT('',(0.,1.570796326795));
#5467 = ( GEOMETRIC_REPRESENTATION_CONTEXT(2) 
PARAMETRIC_REPRESENTATION_CONTEXT() REPRESENTATION_CONTEXT('2D SPACE',''
  ) );
#5468 = PCURVE('',#5086,#5469);
#5469 = DEFINITIONAL_REPRESENTATION('',(#5470),#5473);
#5470 = B_SPLINE_CURVE_WITH_KNOTS('',1,(#5471,#5472),.UNSPECIFIED.,.F.,
  .F.,(2,2),(0.,1.570796326795),.PIECEWISE_BEZIER_KNOTS.);
#5471 = CARTESIAN_POINT('',(0.,20.));
#5472 = CARTESIAN_POINT('',(1.570796326795,20.));
#5473 = ( GEOMETRIC_REPRESENTATION_CONTEXT(2) 
PARAMETRIC_REPRESENTATION_CONTEXT() REPRESENTATION_CONTEXT('2D SPACE',''
  ) );
#5474 = ORIENTED_EDGE('',*,*,#5475,.T.);
#5475 = EDGE_CURVE('',#5454,#5380,#5476,.T.);
#5476 = SURFACE_CURVE('',#5477,(#5482,#5489),.PCURVE_S1.);
#5477 = CIRCLE('',#5478,10.);
#5478 = AXIS2_PLACEMENT_3D('',#5479,#5480,#5481);
#5479 = CARTESIAN_POINT('',(46.,30.,34.999999981854));
#5480 = DIRECTION('',(1.,0.,0.));
#5481 = DIRECTION('',(-0.,1.,0.));
#5482 = PCURVE('',#5113,#5483);
#5483 = DEFINITIONAL_REPRESENTATION('',(#5484),#5488);
#5484 = LINE('',#5485,#5486);
#5485 = CARTESIAN_POINT('',(-0.,0.));
#5486 = VECTOR('',#5487,1.);
#5487 = DIRECTION('',(-1.,0.));
#5488 = ( GEOMETRIC_REPRESENTATION_CONTEXT(2) 
PARAMETRIC_REPRESENTATION_CONTEXT() REPRESENTATION_CONTEXT('2D SPACE',''
  ) );
#5489 = PCURVE('',#5490,#5495);
#5490 = CYLINDRICAL_SURFACE('',#5491,10.);
#5491 = AXIS2_PLACEMENT_3D('',#5492,#5493,#5494);
#5492 = CARTESIAN_POINT('',(44.,30.,34.999999981854));
#5493 = DIRECTION('',(1.,0.,0.));
#5494 = DIRECTION('',(-0.,1.,0.));
#5495 = DEFINITIONAL_REPRESENTATION('',(#5496),#5500);
#5496 = LINE('',#5497,#5498);
#5497 = CARTESIAN_POINT('',(0.,2.));
#5498 = VECTOR('',#5499,1.);
#5499 = DIRECTION('',(1.,0.));
#5500 = ( GEOMETRIC_REPRESENTATION_CONTEXT(2) 
PARAMETRIC_REPRESENTATION_CONTEXT() REPRESENTATION_CONTEXT('2D SPACE',''
  ) );
#5501 = ORIENTED_EDGE('',*,*,#5379,.T.);
#5502 = ORIENTED_EDGE('',*,*,#5098,.F.);
#5503 = ADVANCED_FACE('',(#5504),#4944,.F.);
#5504 = FACE_BOUND('',#5505,.T.);
#5505 = EDGE_LOOP('',(#5506,#5507,#5536,#5556));
#5506 = ORIENTED_EDGE('',*,*,#5402,.F.);
#5507 = ORIENTED_EDGE('',*,*,#5508,.T.);
#5508 = EDGE_CURVE('',#5403,#5509,#5511,.T.);
#5509 = VERTEX_POINT('',#5510);
#5510 = CARTESIAN_POINT('',(46.,-40.,34.999999981854));
#5511 = SURFACE_CURVE('',#5512,(#5517,#5524),.PCURVE_S1.);
#5512 = CIRCLE('',#5513,10.);
#5513 = AXIS2_PLACEMENT_3D('',#5514,#5515,#5516);
#5514 = CARTESIAN_POINT('',(46.,-30.,34.999999981854));
#5515 = DIRECTION('',(1.,0.,0.));
#5516 = DIRECTION('',(0.,-3.552713678801E-16,1.));
#5517 = PCURVE('',#4944,#5518);
#5518 = DEFINITIONAL_REPRESENTATION('',(#5519),#5523);
#5519 = LINE('',#5520,#5521);
#5520 = CARTESIAN_POINT('',(-0.,0.));
#5521 = VECTOR('',#5522,1.);
#5522 = DIRECTION('',(-1.,0.));
#5523 = ( GEOMETRIC_REPRESENTATION_CONTEXT(2) 
PARAMETRIC_REPRESENTATION_CONTEXT() REPRESENTATION_CONTEXT('2D SPACE',''
  ) );
#5524 = PCURVE('',#5525,#5530);
#5525 = CYLINDRICAL_SURFACE('',#5526,10.);
#5526 = AXIS2_PLACEMENT_3D('',#5527,#5528,#5529);
#5527 = CARTESIAN_POINT('',(44.,-30.,34.999999981854));
#5528 = DIRECTION('',(1.,0.,0.));
#5529 = DIRECTION('',(0.,-1.,0.));
#5530 = DEFINITIONAL_REPRESENTATION('',(#5531),#5535);
#5531 = LINE('',#5532,#5533);
#5532 = CARTESIAN_POINT('',(-1.570796326795,2.));
#5533 = VECTOR('',#5534,1.);
#5534 = DIRECTION('',(1.,-0.));
#5535 = ( GEOMETRIC_REPRESENTATION_CONTEXT(2) 
PARAMETRIC_REPRESENTATION_CONTEXT() REPRESENTATION_CONTEXT('2D SPACE',''
  ) );
#5536 = ORIENTED_EDGE('',*,*,#5537,.T.);
#5537 = EDGE_CURVE('',#5509,#4928,#5538,.T.);
#5538 = SURFACE_CURVE('',#5539,(#5544,#5550),.PCURVE_S1.);
#5539 = CIRCLE('',#5540,2.);
#5540 = AXIS2_PLACEMENT_3D('',#5541,#5542,#5543);
#5541 = CARTESIAN_POINT('',(46.,-38.,34.999999981854));
#5542 = DIRECTION('',(0.,7.199442299765E-17,-1.));
#5543 = DIRECTION('',(0.,-1.,-7.199442299765E-17));
#5544 = PCURVE('',#4944,#5545);
#5545 = DEFINITIONAL_REPRESENTATION('',(#5546),#5549);
#5546 = B_SPLINE_CURVE_WITH_KNOTS('',1,(#5547,#5548),.UNSPECIFIED.,.F.,
  .F.,(2,2),(0.,1.570796326795),.PIECEWISE_BEZIER_KNOTS.);
#5547 = CARTESIAN_POINT('',(-1.570796326795,0.));
#5548 = CARTESIAN_POINT('',(-1.570796326795,1.570796326795));
#5549 = ( GEOMETRIC_REPRESENTATION_CONTEXT(2) 
PARAMETRIC_REPRESENTATION_CONTEXT() REPRESENTATION_CONTEXT('2D SPACE',''
  ) );
#5550 = PCURVE('',#4972,#5551);
#5551 = DEFINITIONAL_REPRESENTATION('',(#5552),#5555);
#5552 = B_SPLINE_CURVE_WITH_KNOTS('',1,(#5553,#5554),.UNSPECIFIED.,.F.,
  .F.,(2,2),(0.,1.570796326795),.PIECEWISE_BEZIER_KNOTS.);
#5553 = CARTESIAN_POINT('',(0.,0.));
#5554 = CARTESIAN_POINT('',(1.570796326795,0.));
#5555 = ( GEOMETRIC_REPRESENTATION_CONTEXT(2) 
PARAMETRIC_REPRESENTATION_CONTEXT() REPRESENTATION_CONTEXT('2D SPACE',''
  ) );
#5556 = ORIENTED_EDGE('',*,*,#4927,.F.);
#5557 = ADVANCED_FACE('',(#5558),#5086,.F.);
#5558 = FACE_BOUND('',#5559,.F.);
#5559 = EDGE_LOOP('',(#5560,#5582,#5583,#5584));
#5560 = ORIENTED_EDGE('',*,*,#5561,.T.);
#5561 = EDGE_CURVE('',#5562,#5042,#5564,.T.);
#5562 = VERTEX_POINT('',#5563);
#5563 = CARTESIAN_POINT('',(46.,40.,14.999999981854));
#5564 = SURFACE_CURVE('',#5565,(#5570,#5576),.PCURVE_S1.);
#5565 = CIRCLE('',#5566,2.);
#5566 = AXIS2_PLACEMENT_3D('',#5567,#5568,#5569);
#5567 = CARTESIAN_POINT('',(46.,38.,14.999999981854));
#5568 = DIRECTION('',(0.,6.123233995737E-17,1.));
#5569 = DIRECTION('',(0.,1.,-6.123233995737E-17));
#5570 = PCURVE('',#5086,#5571);
#5571 = DEFINITIONAL_REPRESENTATION('',(#5572),#5575);
#5572 = B_SPLINE_CURVE_WITH_KNOTS('',1,(#5573,#5574),.UNSPECIFIED.,.F.,
  .F.,(2,2),(0.,1.570796326795),.PIECEWISE_BEZIER_KNOTS.);
#5573 = CARTESIAN_POINT('',(0.,0.));
#5574 = CARTESIAN_POINT('',(1.570796326795,0.));
#5575 = ( GEOMETRIC_REPRESENTATION_CONTEXT(2) 
PARAMETRIC_REPRESENTATION_CONTEXT() REPRESENTATION_CONTEXT('2D SPACE',''
  ) );
#5576 = PCURVE('',#5058,#5577);
#5577 = DEFINITIONAL_REPRESENTATION('',(#5578),#5581);
#5578 = B_SPLINE_CURVE_WITH_KNOTS('',1,(#5579,#5580),.UNSPECIFIED.,.F.,
  .F.,(2,2),(0.,1.570796326795),.PIECEWISE_BEZIER_KNOTS.);
#5579 = CARTESIAN_POINT('',(-1.570796326795,0.));
#5580 = CARTESIAN_POINT('',(-1.570796326795,1.570796326795));
#5581 = ( GEOMETRIC_REPRESENTATION_CONTEXT(2) 
PARAMETRIC_REPRESENTATION_CONTEXT() REPRESENTATION_CONTEXT('2D SPACE',''
  ) );
#5582 = ORIENTED_EDGE('',*,*,#5070,.T.);
#5583 = ORIENTED_EDGE('',*,*,#5453,.F.);
#5584 = ORIENTED_EDGE('',*,*,#5585,.F.);
#5585 = EDGE_CURVE('',#5562,#5454,#5586,.T.);
#5586 = SURFACE_CURVE('',#5587,(#5591,#5598),.PCURVE_S1.);
#5587 = LINE('',#5588,#5589);
#5588 = CARTESIAN_POINT('',(46.,40.,14.999999981854));
#5589 = VECTOR('',#5590,1.);
#5590 = DIRECTION('',(0.,0.,1.));
#5591 = PCURVE('',#5086,#5592);
#5592 = DEFINITIONAL_REPRESENTATION('',(#5593),#5597);
#5593 = LINE('',#5594,#5595);
#5594 = CARTESIAN_POINT('',(0.,0.));
#5595 = VECTOR('',#5596,1.);
#5596 = DIRECTION('',(0.,1.));
#5597 = ( GEOMETRIC_REPRESENTATION_CONTEXT(2) 
PARAMETRIC_REPRESENTATION_CONTEXT() REPRESENTATION_CONTEXT('2D SPACE',''
  ) );
#5598 = PCURVE('',#5599,#5604);
#5599 = PLANE('',#5600);
#5600 = AXIS2_PLACEMENT_3D('',#5601,#5602,#5603);
#5601 = CARTESIAN_POINT('',(44.,40.,4.999999981854));
#5602 = DIRECTION('',(0.,-1.,0.));
#5603 = DIRECTION('',(0.,0.,1.));
#5604 = DEFINITIONAL_REPRESENTATION('',(#5605),#5609);
#5605 = LINE('',#5606,#5607);
#5606 = CARTESIAN_POINT('',(10.,-2.));
#5607 = VECTOR('',#5608,1.);
#5608 = DIRECTION('',(1.,0.));
#5609 = ( GEOMETRIC_REPRESENTATION_CONTEXT(2) 
PARAMETRIC_REPRESENTATION_CONTEXT() REPRESENTATION_CONTEXT('2D SPACE',''
  ) );
#5610 = ADVANCED_FACE('',(#5611),#4972,.F.);
#5611 = FACE_BOUND('',#5612,.F.);
#5612 = EDGE_LOOP('',(#5613,#5614,#5615,#5637));
#5613 = ORIENTED_EDGE('',*,*,#5537,.T.);
#5614 = ORIENTED_EDGE('',*,*,#4956,.T.);
#5615 = ORIENTED_EDGE('',*,*,#5616,.F.);
#5616 = EDGE_CURVE('',#5617,#4957,#5619,.T.);
#5617 = VERTEX_POINT('',#5618);
#5618 = CARTESIAN_POINT('',(46.,-40.,14.999999981854));
#5619 = SURFACE_CURVE('',#5620,(#5625,#5631),.PCURVE_S1.);
#5620 = CIRCLE('',#5621,2.);
#5621 = AXIS2_PLACEMENT_3D('',#5622,#5623,#5624);
#5622 = CARTESIAN_POINT('',(46.,-38.,14.999999981854));
#5623 = DIRECTION('',(0.,0.,-1.));
#5624 = DIRECTION('',(0.,-1.,0.));
#5625 = PCURVE('',#4972,#5626);
#5626 = DEFINITIONAL_REPRESENTATION('',(#5627),#5630);
#5627 = B_SPLINE_CURVE_WITH_KNOTS('',1,(#5628,#5629),.UNSPECIFIED.,.F.,
  .F.,(2,2),(0.,1.570796326795),.PIECEWISE_BEZIER_KNOTS.);
#5628 = CARTESIAN_POINT('',(0.,20.));
#5629 = CARTESIAN_POINT('',(1.570796326795,20.));
#5630 = ( GEOMETRIC_REPRESENTATION_CONTEXT(2) 
PARAMETRIC_REPRESENTATION_CONTEXT() REPRESENTATION_CONTEXT('2D SPACE',''
  ) );
#5631 = PCURVE('',#5001,#5632);
#5632 = DEFINITIONAL_REPRESENTATION('',(#5633),#5636);
#5633 = B_SPLINE_CURVE_WITH_KNOTS('',1,(#5634,#5635),.UNSPECIFIED.,.F.,
  .F.,(2,2),(0.,1.570796326795),.PIECEWISE_BEZIER_KNOTS.);
#5634 = CARTESIAN_POINT('',(2.22044604925E-16,0.));
#5635 = CARTESIAN_POINT('',(2.22044604925E-16,1.570796326795));
#5636 = ( GEOMETRIC_REPRESENTATION_CONTEXT(2) 
PARAMETRIC_REPRESENTATION_CONTEXT() REPRESENTATION_CONTEXT('2D SPACE',''
  ) );
#5637 = ORIENTED_EDGE('',*,*,#5638,.F.);
#5638 = EDGE_CURVE('',#5509,#5617,#5639,.T.);
#5639 = SURFACE_CURVE('',#5640,(#5644,#5651),.PCURVE_S1.);
#5640 = LINE('',#5641,#5642);
#5641 = CARTESIAN_POINT('',(46.,-40.,34.999999981854));
#5642 = VECTOR('',#5643,1.);
#5643 = DIRECTION('',(0.,0.,-1.));
#5644 = PCURVE('',#4972,#5645);
#5645 = DEFINITIONAL_REPRESENTATION('',(#5646),#5650);
#5646 = LINE('',#5647,#5648);
#5647 = CARTESIAN_POINT('',(0.,0.));
#5648 = VECTOR('',#5649,1.);
#5649 = DIRECTION('',(0.,1.));
#5650 = ( GEOMETRIC_REPRESENTATION_CONTEXT(2) 
PARAMETRIC_REPRESENTATION_CONTEXT() REPRESENTATION_CONTEXT('2D SPACE',''
  ) );
#5651 = PCURVE('',#5652,#5657);
#5652 = PLANE('',#5653);
#5653 = AXIS2_PLACEMENT_3D('',#5654,#5655,#5656);
#5654 = CARTESIAN_POINT('',(44.,-40.,44.999999981854));
#5655 = DIRECTION('',(-0.,1.,0.));
#5656 = DIRECTION('',(0.,0.,-1.));
#5657 = DEFINITIONAL_REPRESENTATION('',(#5658),#5662);
#5658 = LINE('',#5659,#5660);
#5659 = CARTESIAN_POINT('',(10.,-2.));
#5660 = VECTOR('',#5661,1.);
#5661 = DIRECTION('',(1.,0.));
#5662 = ( GEOMETRIC_REPRESENTATION_CONTEXT(2) 
PARAMETRIC_REPRESENTATION_CONTEXT() REPRESENTATION_CONTEXT('2D SPACE',''
  ) );
#5663 = ADVANCED_FACE('',(#5664),#5058,.F.);
#5664 = FACE_BOUND('',#5665,.T.);
#5665 = EDGE_LOOP('',(#5666,#5688,#5715,#5716));
#5666 = ORIENTED_EDGE('',*,*,#5667,.F.);
#5667 = EDGE_CURVE('',#5668,#5014,#5670,.T.);
#5668 = VERTEX_POINT('',#5669);
#5669 = CARTESIAN_POINT('',(46.,30.,4.999999981854));
#5670 = SURFACE_CURVE('',#5671,(#5676,#5682),.PCURVE_S1.);
#5671 = CIRCLE('',#5672,2.);
#5672 = AXIS2_PLACEMENT_3D('',#5673,#5674,#5675);
#5673 = CARTESIAN_POINT('',(46.,30.,6.999999981854));
#5674 = DIRECTION('',(0.,1.,0.));
#5675 = DIRECTION('',(-0.,0.,-1.));
#5676 = PCURVE('',#5058,#5677);
#5677 = DEFINITIONAL_REPRESENTATION('',(#5678),#5681);
#5678 = B_SPLINE_CURVE_WITH_KNOTS('',1,(#5679,#5680),.UNSPECIFIED.,.F.,
  .F.,(2,2),(0.,1.570796326795),.PIECEWISE_BEZIER_KNOTS.);
#5679 = CARTESIAN_POINT('',(0.,0.));
#5680 = CARTESIAN_POINT('',(0.,1.570796326795));
#5681 = ( GEOMETRIC_REPRESENTATION_CONTEXT(2) 
PARAMETRIC_REPRESENTATION_CONTEXT() REPRESENTATION_CONTEXT('2D SPACE',''
  ) );
#5682 = PCURVE('',#5029,#5683);
#5683 = DEFINITIONAL_REPRESENTATION('',(#5684),#5687);
#5684 = B_SPLINE_CURVE_WITH_KNOTS('',1,(#5685,#5686),.UNSPECIFIED.,.F.,
  .F.,(2,2),(0.,1.570796326795),.PIECEWISE_BEZIER_KNOTS.);
#5685 = CARTESIAN_POINT('',(0.,60.));
#5686 = CARTESIAN_POINT('',(1.570796326795,60.));
#5687 = ( GEOMETRIC_REPRESENTATION_CONTEXT(2) 
PARAMETRIC_REPRESENTATION_CONTEXT() REPRESENTATION_CONTEXT('2D SPACE',''
  ) );
#5688 = ORIENTED_EDGE('',*,*,#5689,.T.);
#5689 = EDGE_CURVE('',#5668,#5562,#5690,.T.);
#5690 = SURFACE_CURVE('',#5691,(#5696,#5703),.PCURVE_S1.);
#5691 = CIRCLE('',#5692,10.);
#5692 = AXIS2_PLACEMENT_3D('',#5693,#5694,#5695);
#5693 = CARTESIAN_POINT('',(46.,30.,14.999999981854));
#5694 = DIRECTION('',(1.,0.,0.));
#5695 = DIRECTION('',(0.,0.,-1.));
#5696 = PCURVE('',#5058,#5697);
#5697 = DEFINITIONAL_REPRESENTATION('',(#5698),#5702);
#5698 = LINE('',#5699,#5700);
#5699 = CARTESIAN_POINT('',(-0.,0.));
#5700 = VECTOR('',#5701,1.);
#5701 = DIRECTION('',(-1.,0.));
#5702 = ( GEOMETRIC_REPRESENTATION_CONTEXT(2) 
PARAMETRIC_REPRESENTATION_CONTEXT() REPRESENTATION_CONTEXT('2D SPACE',''
  ) );
#5703 = PCURVE('',#5704,#5709);
#5704 = CYLINDRICAL_SURFACE('',#5705,10.);
#5705 = AXIS2_PLACEMENT_3D('',#5706,#5707,#5708);
#5706 = CARTESIAN_POINT('',(44.,30.,14.999999981854));
#5707 = DIRECTION('',(1.,0.,0.));
#5708 = DIRECTION('',(-0.,1.,0.));
#5709 = DEFINITIONAL_REPRESENTATION('',(#5710),#5714);
#5710 = LINE('',#5711,#5712);
#5711 = CARTESIAN_POINT('',(-1.570796326795,2.));
#5712 = VECTOR('',#5713,1.);
#5713 = DIRECTION('',(1.,-0.));
#5714 = ( GEOMETRIC_REPRESENTATION_CONTEXT(2) 
PARAMETRIC_REPRESENTATION_CONTEXT() REPRESENTATION_CONTEXT('2D SPACE',''
  ) );
#5715 = ORIENTED_EDGE('',*,*,#5561,.T.);
#5716 = ORIENTED_EDGE('',*,*,#5041,.F.);
#5717 = ADVANCED_FACE('',(#5718),#5001,.F.);
#5718 = FACE_BOUND('',#5719,.T.);
#5719 = EDGE_LOOP('',(#5720,#5721,#5750,#5770));
#5720 = ORIENTED_EDGE('',*,*,#5616,.F.);
#5721 = ORIENTED_EDGE('',*,*,#5722,.T.);
#5722 = EDGE_CURVE('',#5617,#5723,#5725,.T.);
#5723 = VERTEX_POINT('',#5724);
#5724 = CARTESIAN_POINT('',(46.,-30.,4.999999981854));
#5725 = SURFACE_CURVE('',#5726,(#5731,#5738),.PCURVE_S1.);
#5726 = CIRCLE('',#5727,10.);
#5727 = AXIS2_PLACEMENT_3D('',#5728,#5729,#5730);
#5728 = CARTESIAN_POINT('',(46.,-30.,14.999999981854));
#5729 = DIRECTION('',(1.,0.,0.));
#5730 = DIRECTION('',(0.,-1.,-1.7763568394E-16));
#5731 = PCURVE('',#5001,#5732);
#5732 = DEFINITIONAL_REPRESENTATION('',(#5733),#5737);
#5733 = LINE('',#5734,#5735);
#5734 = CARTESIAN_POINT('',(-0.,0.));
#5735 = VECTOR('',#5736,1.);
#5736 = DIRECTION('',(-1.,0.));
#5737 = ( GEOMETRIC_REPRESENTATION_CONTEXT(2) 
PARAMETRIC_REPRESENTATION_CONTEXT() REPRESENTATION_CONTEXT('2D SPACE',''
  ) );
#5738 = PCURVE('',#5739,#5744);
#5739 = CYLINDRICAL_SURFACE('',#5740,10.);
#5740 = AXIS2_PLACEMENT_3D('',#5741,#5742,#5743);
#5741 = CARTESIAN_POINT('',(44.,-30.,14.999999981854));
#5742 = DIRECTION('',(1.,0.,0.));
#5743 = DIRECTION('',(0.,0.,-1.));
#5744 = DEFINITIONAL_REPRESENTATION('',(#5745),#5749);
#5745 = LINE('',#5746,#5747);
#5746 = CARTESIAN_POINT('',(-1.570796326795,2.));
#5747 = VECTOR('',#5748,1.);
#5748 = DIRECTION('',(1.,-0.));
#5749 = ( GEOMETRIC_REPRESENTATION_CONTEXT(2) 
PARAMETRIC_REPRESENTATION_CONTEXT() REPRESENTATION_CONTEXT('2D SPACE',''
  ) );
#5750 = ORIENTED_EDGE('',*,*,#5751,.T.);
#5751 = EDGE_CURVE('',#5723,#4985,#5752,.T.);
#5752 = SURFACE_CURVE('',#5753,(#5758,#5764),.PCURVE_S1.);
#5753 = CIRCLE('',#5754,2.);
#5754 = AXIS2_PLACEMENT_3D('',#5755,#5756,#5757);
#5755 = CARTESIAN_POINT('',(46.,-30.,6.999999981854));
#5756 = DIRECTION('',(0.,1.,-1.056412609424E-16));
#5757 = DIRECTION('',(0.,-1.056412609424E-16,-1.));
#5758 = PCURVE('',#5001,#5759);
#5759 = DEFINITIONAL_REPRESENTATION('',(#5760),#5763);
#5760 = B_SPLINE_CURVE_WITH_KNOTS('',1,(#5761,#5762),.UNSPECIFIED.,.F.,
  .F.,(2,2),(0.,1.570796326795),.PIECEWISE_BEZIER_KNOTS.);
#5761 = CARTESIAN_POINT('',(-1.570796326795,0.));
#5762 = CARTESIAN_POINT('',(-1.570796326795,1.570796326795));
#5763 = ( GEOMETRIC_REPRESENTATION_CONTEXT(2) 
PARAMETRIC_REPRESENTATION_CONTEXT() REPRESENTATION_CONTEXT('2D SPACE',''
  ) );
#5764 = PCURVE('',#5029,#5765);
#5765 = DEFINITIONAL_REPRESENTATION('',(#5766),#5769);
#5766 = B_SPLINE_CURVE_WITH_KNOTS('',1,(#5767,#5768),.UNSPECIFIED.,.F.,
  .F.,(2,2),(0.,1.570796326795),.PIECEWISE_BEZIER_KNOTS.);
#5767 = CARTESIAN_POINT('',(0.,0.));
#5768 = CARTESIAN_POINT('',(1.570796326795,0.));
#5769 = ( GEOMETRIC_REPRESENTATION_CONTEXT(2) 
PARAMETRIC_REPRESENTATION_CONTEXT() REPRESENTATION_CONTEXT('2D SPACE',''
  ) );
#5770 = ORIENTED_EDGE('',*,*,#4984,.F.);
#5771 = ADVANCED_FACE('',(#5772),#5029,.F.);
#5772 = FACE_BOUND('',#5773,.F.);
#5773 = EDGE_LOOP('',(#5774,#5775,#5776,#5777));
#5774 = ORIENTED_EDGE('',*,*,#5751,.T.);
#5775 = ORIENTED_EDGE('',*,*,#5013,.T.);
#5776 = ORIENTED_EDGE('',*,*,#5667,.F.);
#5777 = ORIENTED_EDGE('',*,*,#5778,.F.);
#5778 = EDGE_CURVE('',#5723,#5668,#5779,.T.);
#5779 = SURFACE_CURVE('',#5780,(#5784,#5791),.PCURVE_S1.);
#5780 = LINE('',#5781,#5782);
#5781 = CARTESIAN_POINT('',(46.,-30.,4.999999981854));
#5782 = VECTOR('',#5783,1.);
#5783 = DIRECTION('',(0.,1.,0.));
#5784 = PCURVE('',#5029,#5785);
#5785 = DEFINITIONAL_REPRESENTATION('',(#5786),#5790);
#5786 = LINE('',#5787,#5788);
#5787 = CARTESIAN_POINT('',(0.,0.));
#5788 = VECTOR('',#5789,1.);
#5789 = DIRECTION('',(0.,1.));
#5790 = ( GEOMETRIC_REPRESENTATION_CONTEXT(2) 
PARAMETRIC_REPRESENTATION_CONTEXT() REPRESENTATION_CONTEXT('2D SPACE',''
  ) );
#5791 = PCURVE('',#5792,#5797);
#5792 = PLANE('',#5793);
#5793 = AXIS2_PLACEMENT_3D('',#5794,#5795,#5796);
#5794 = CARTESIAN_POINT('',(44.,-40.,4.999999981854));
#5795 = DIRECTION('',(0.,0.,1.));
#5796 = DIRECTION('',(0.,1.,0.));
#5797 = DEFINITIONAL_REPRESENTATION('',(#5798),#5802);
#5798 = LINE('',#5799,#5800);
#5799 = CARTESIAN_POINT('',(10.,-2.));
#5800 = VECTOR('',#5801,1.);
#5801 = DIRECTION('',(1.,0.));
#5802 = ( GEOMETRIC_REPRESENTATION_CONTEXT(2) 
PARAMETRIC_REPRESENTATION_CONTEXT() REPRESENTATION_CONTEXT('2D SPACE',''
  ) );
#5803 = ADVANCED_FACE('',(#5804),#5156,.T.);
#5804 = FACE_BOUND('',#5805,.F.);
#5805 = EDGE_LOOP('',(#5806,#5828,#5856,#5876));
#5806 = ORIENTED_EDGE('',*,*,#5807,.T.);
#5807 = EDGE_CURVE('',#5139,#5808,#5810,.T.);
#5808 = VERTEX_POINT('',#5809);
#5809 = CARTESIAN_POINT('',(-48.5,45.,10.));
#5810 = SURFACE_CURVE('',#5811,(#5816,#5822),.PCURVE_S1.);
#5811 = CIRCLE('',#5812,1.5);
#5812 = AXIS2_PLACEMENT_3D('',#5813,#5814,#5815);
#5813 = CARTESIAN_POINT('',(-48.5,43.5,10.));
#5814 = DIRECTION('',(-0.,0.,-1.));
#5815 = DIRECTION('',(-1.,0.,0.));
#5816 = PCURVE('',#5156,#5817);
#5817 = DEFINITIONAL_REPRESENTATION('',(#5818),#5821);
#5818 = B_SPLINE_CURVE_WITH_KNOTS('',1,(#5819,#5820),.UNSPECIFIED.,.F.,
  .F.,(2,2),(0.,1.570796326795),.PIECEWISE_BEZIER_KNOTS.);
#5819 = CARTESIAN_POINT('',(0.,0.));
#5820 = CARTESIAN_POINT('',(-1.570796326795,0.));
#5821 = ( GEOMETRIC_REPRESENTATION_CONTEXT(2) 
PARAMETRIC_REPRESENTATION_CONTEXT() REPRESENTATION_CONTEXT('2D SPACE',''
  ) );
#5822 = PCURVE('',#5354,#5823);
#5823 = DEFINITIONAL_REPRESENTATION('',(#5824),#5827);
#5824 = B_SPLINE_CURVE_WITH_KNOTS('',1,(#5825,#5826),.UNSPECIFIED.,.F.,
  .F.,(2,2),(0.,1.570796326795),.PIECEWISE_BEZIER_KNOTS.);
#5825 = CARTESIAN_POINT('',(1.570796326795,4.712388980385));
#5826 = CARTESIAN_POINT('',(1.570796326795,6.28318530718));
#5827 = ( GEOMETRIC_REPRESENTATION_CONTEXT(2) 
PARAMETRIC_REPRESENTATION_CONTEXT() REPRESENTATION_CONTEXT('2D SPACE',''
  ) );
#5828 = ORIENTED_EDGE('',*,*,#5829,.T.);
#5829 = EDGE_CURVE('',#5808,#5830,#5832,.T.);
#5830 = VERTEX_POINT('',#5831);
#5831 = CARTESIAN_POINT('',(-48.5,45.,40.));
#5832 = SURFACE_CURVE('',#5833,(#5837,#5844),.PCURVE_S1.);
#5833 = LINE('',#5834,#5835);
#5834 = CARTESIAN_POINT('',(-48.5,45.,10.));
#5835 = VECTOR('',#5836,1.);
#5836 = DIRECTION('',(0.,0.,1.));
#5837 = PCURVE('',#5156,#5838);
#5838 = DEFINITIONAL_REPRESENTATION('',(#5839),#5843);
#5839 = LINE('',#5840,#5841);
#5840 = CARTESIAN_POINT('',(-1.570796326795,0.));
#5841 = VECTOR('',#5842,1.);
#5842 = DIRECTION('',(-0.,1.));
#5843 = ( GEOMETRIC_REPRESENTATION_CONTEXT(2) 
PARAMETRIC_REPRESENTATION_CONTEXT() REPRESENTATION_CONTEXT('2D SPACE',''
  ) );
#5844 = PCURVE('',#5845,#5850);
#5845 = PLANE('',#5846);
#5846 = AXIS2_PLACEMENT_3D('',#5847,#5848,#5849);
#5847 = CARTESIAN_POINT('',(50.,45.,0.));
#5848 = DIRECTION('',(0.,-1.,0.));
#5849 = DIRECTION('',(-1.,0.,0.));
#5850 = DEFINITIONAL_REPRESENTATION('',(#5851),#5855);
#5851 = LINE('',#5852,#5853);
#5852 = CARTESIAN_POINT('',(98.5,-10.));
#5853 = VECTOR('',#5854,1.);
#5854 = DIRECTION('',(0.,-1.));
#5855 = ( GEOMETRIC_REPRESENTATION_CONTEXT(2) 
PARAMETRIC_REPRESENTATION_CONTEXT() REPRESENTATION_CONTEXT('2D SPACE',''
  ) );
#5856 = ORIENTED_EDGE('',*,*,#5857,.F.);
#5857 = EDGE_CURVE('',#5141,#5830,#5858,.T.);
#5858 = SURFACE_CURVE('',#5859,(#5864,#5870),.PCURVE_S1.);
#5859 = CIRCLE('',#5860,1.5);
#5860 = AXIS2_PLACEMENT_3D('',#5861,#5862,#5863);
#5861 = CARTESIAN_POINT('',(-48.5,43.5,40.));
#5862 = DIRECTION('',(-0.,0.,-1.));
#5863 = DIRECTION('',(-1.,0.,0.));
#5864 = PCURVE('',#5156,#5865);
#5865 = DEFINITIONAL_REPRESENTATION('',(#5866),#5869);
#5866 = B_SPLINE_CURVE_WITH_KNOTS('',1,(#5867,#5868),.UNSPECIFIED.,.F.,
  .F.,(2,2),(0.,1.570796326795),.PIECEWISE_BEZIER_KNOTS.);
#5867 = CARTESIAN_POINT('',(0.,30.));
#5868 = CARTESIAN_POINT('',(-1.570796326795,30.));
#5869 = ( GEOMETRIC_REPRESENTATION_CONTEXT(2) 
PARAMETRIC_REPRESENTATION_CONTEXT() REPRESENTATION_CONTEXT('2D SPACE',''
  ) );
#5870 = PCURVE('',#5185,#5871);
#5871 = DEFINITIONAL_REPRESENTATION('',(#5872),#5875);
#5872 = B_SPLINE_CURVE_WITH_KNOTS('',1,(#5873,#5874),.UNSPECIFIED.,.F.,
  .F.,(2,2),(0.,1.570796326795),.PIECEWISE_BEZIER_KNOTS.);
#5873 = CARTESIAN_POINT('',(0.,4.712388980385));
#5874 = CARTESIAN_POINT('',(0.,6.28318530718));
#5875 = ( GEOMETRIC_REPRESENTATION_CONTEXT(2) 
PARAMETRIC_REPRESENTATION_CONTEXT() REPRESENTATION_CONTEXT('2D SPACE',''
  ) );
#5876 = ORIENTED_EDGE('',*,*,#5138,.F.);
#5877 = ADVANCED_FACE('',(#5878),#5354,.T.);
#5878 = FACE_BOUND('',#5879,.T.);
#5879 = EDGE_LOOP('',(#5880,#5902,#5903,#5904));
#5880 = ORIENTED_EDGE('',*,*,#5881,.F.);
#5881 = EDGE_CURVE('',#5312,#5882,#5884,.T.);
#5882 = VERTEX_POINT('',#5883);
#5883 = CARTESIAN_POINT('',(-48.5,35.,-2.22044604925E-16));
#5884 = SURFACE_CURVE('',#5885,(#5890,#5896),.PCURVE_S1.);
#5885 = CIRCLE('',#5886,1.5);
#5886 = AXIS2_PLACEMENT_3D('',#5887,#5888,#5889);
#5887 = CARTESIAN_POINT('',(-48.5,35.,1.5));
#5888 = DIRECTION('',(0.,-1.,0.));
#5889 = DIRECTION('',(-1.,-0.,0.));
#5890 = PCURVE('',#5354,#5891);
#5891 = DEFINITIONAL_REPRESENTATION('',(#5892),#5895);
#5892 = B_SPLINE_CURVE_WITH_KNOTS('',1,(#5893,#5894),.UNSPECIFIED.,.F.,
  .F.,(2,2),(0.,1.570796326795),.PIECEWISE_BEZIER_KNOTS.);
#5893 = CARTESIAN_POINT('',(0.,4.712388980385));
#5894 = CARTESIAN_POINT('',(0.,6.28318530718));
#5895 = ( GEOMETRIC_REPRESENTATION_CONTEXT(2) 
PARAMETRIC_REPRESENTATION_CONTEXT() REPRESENTATION_CONTEXT('2D SPACE',''
  ) );
#5896 = PCURVE('',#5327,#5897);
#5897 = DEFINITIONAL_REPRESENTATION('',(#5898),#5901);
#5898 = B_SPLINE_CURVE_WITH_KNOTS('',1,(#5899,#5900),.UNSPECIFIED.,.F.,
  .F.,(2,2),(0.,1.570796326795),.PIECEWISE_BEZIER_KNOTS.);
#5899 = CARTESIAN_POINT('',(0.,70.));
#5900 = CARTESIAN_POINT('',(-1.570796326795,70.));
#5901 = ( GEOMETRIC_REPRESENTATION_CONTEXT(2) 
PARAMETRIC_REPRESENTATION_CONTEXT() REPRESENTATION_CONTEXT('2D SPACE',''
  ) );
#5902 = ORIENTED_EDGE('',*,*,#5339,.T.);
#5903 = ORIENTED_EDGE('',*,*,#5807,.T.);
#5904 = ORIENTED_EDGE('',*,*,#5905,.F.);
#5905 = EDGE_CURVE('',#5882,#5808,#5906,.T.);
#5906 = SURFACE_CURVE('',#5907,(#5912,#5919),.PCURVE_S1.);
#5907 = CIRCLE('',#5908,10.);
#5908 = AXIS2_PLACEMENT_3D('',#5909,#5910,#5911);
#5909 = CARTESIAN_POINT('',(-48.5,35.,10.));
#5910 = DIRECTION('',(1.,0.,0.));
#5911 = DIRECTION('',(0.,0.,-1.));
#5912 = PCURVE('',#5354,#5913);
#5913 = DEFINITIONAL_REPRESENTATION('',(#5914),#5918);
#5914 = LINE('',#5915,#5916);
#5915 = CARTESIAN_POINT('',(0.,6.28318530718));
#5916 = VECTOR('',#5917,1.);
#5917 = DIRECTION('',(1.,0.));
#5918 = ( GEOMETRIC_REPRESENTATION_CONTEXT(2) 
PARAMETRIC_REPRESENTATION_CONTEXT() REPRESENTATION_CONTEXT('2D SPACE',''
  ) );
#5919 = PCURVE('',#5920,#5925);
#5920 = CYLINDRICAL_SURFACE('',#5921,10.);
#5921 = AXIS2_PLACEMENT_3D('',#5922,#5923,#5924);
#5922 = CARTESIAN_POINT('',(50.,35.,10.));
#5923 = DIRECTION('',(-1.,0.,0.));
#5924 = DIRECTION('',(0.,1.,-0.));
#5925 = DEFINITIONAL_REPRESENTATION('',(#5926),#5930);
#5926 = LINE('',#5927,#5928);
#5927 = CARTESIAN_POINT('',(1.570796326795,98.5));
#5928 = VECTOR('',#5929,1.);
#5929 = DIRECTION('',(-1.,-0.));
#5930 = ( GEOMETRIC_REPRESENTATION_CONTEXT(2) 
PARAMETRIC_REPRESENTATION_CONTEXT() REPRESENTATION_CONTEXT('2D SPACE',''
  ) );
#5931 = ADVANCED_FACE('',(#5932),#5185,.T.);
#5932 = FACE_BOUND('',#5933,.T.);
#5933 = EDGE_LOOP('',(#5934,#5935,#5936,#5958));
#5934 = ORIENTED_EDGE('',*,*,#5857,.F.);
#5935 = ORIENTED_EDGE('',*,*,#5168,.T.);
#5936 = ORIENTED_EDGE('',*,*,#5937,.T.);
#5937 = EDGE_CURVE('',#5169,#5938,#5940,.T.);
#5938 = VERTEX_POINT('',#5939);
#5939 = CARTESIAN_POINT('',(-48.5,35.,50.));
#5940 = SURFACE_CURVE('',#5941,(#5946,#5952),.PCURVE_S1.);
#5941 = CIRCLE('',#5942,1.5);
#5942 = AXIS2_PLACEMENT_3D('',#5943,#5944,#5945);
#5943 = CARTESIAN_POINT('',(-48.5,35.,48.5));
#5944 = DIRECTION('',(0.,1.,-6.123233995737E-17));
#5945 = DIRECTION('',(0.,6.123233995737E-17,1.));
#5946 = PCURVE('',#5185,#5947);
#5947 = DEFINITIONAL_REPRESENTATION('',(#5948),#5951);
#5948 = B_SPLINE_CURVE_WITH_KNOTS('',1,(#5949,#5950),.UNSPECIFIED.,.F.,
  .F.,(2,2),(4.712388980385,6.28318530718),.PIECEWISE_BEZIER_KNOTS.);
#5949 = CARTESIAN_POINT('',(1.570796326795,4.712388980385));
#5950 = CARTESIAN_POINT('',(1.570796326795,6.28318530718));
#5951 = ( GEOMETRIC_REPRESENTATION_CONTEXT(2) 
PARAMETRIC_REPRESENTATION_CONTEXT() REPRESENTATION_CONTEXT('2D SPACE',''
  ) );
#5952 = PCURVE('',#5213,#5953);
#5953 = DEFINITIONAL_REPRESENTATION('',(#5954),#5957);
#5954 = B_SPLINE_CURVE_WITH_KNOTS('',1,(#5955,#5956),.UNSPECIFIED.,.F.,
  .F.,(2,2),(4.712388980385,6.28318530718),.PIECEWISE_BEZIER_KNOTS.);
#5955 = CARTESIAN_POINT('',(0.,0.));
#5956 = CARTESIAN_POINT('',(-1.570796326795,0.));
#5957 = ( GEOMETRIC_REPRESENTATION_CONTEXT(2) 
PARAMETRIC_REPRESENTATION_CONTEXT() REPRESENTATION_CONTEXT('2D SPACE',''
  ) );
#5958 = ORIENTED_EDGE('',*,*,#5959,.F.);
#5959 = EDGE_CURVE('',#5830,#5938,#5960,.T.);
#5960 = SURFACE_CURVE('',#5961,(#5966,#5973),.PCURVE_S1.);
#5961 = CIRCLE('',#5962,10.);
#5962 = AXIS2_PLACEMENT_3D('',#5963,#5964,#5965);
#5963 = CARTESIAN_POINT('',(-48.5,35.,40.));
#5964 = DIRECTION('',(1.,0.,0.));
#5965 = DIRECTION('',(-0.,1.,0.));
#5966 = PCURVE('',#5185,#5967);
#5967 = DEFINITIONAL_REPRESENTATION('',(#5968),#5972);
#5968 = LINE('',#5969,#5970);
#5969 = CARTESIAN_POINT('',(0.,6.28318530718));
#5970 = VECTOR('',#5971,1.);
#5971 = DIRECTION('',(1.,0.));
#5972 = ( GEOMETRIC_REPRESENTATION_CONTEXT(2) 
PARAMETRIC_REPRESENTATION_CONTEXT() REPRESENTATION_CONTEXT('2D SPACE',''
  ) );
#5973 = PCURVE('',#5974,#5979);
#5974 = CYLINDRICAL_SURFACE('',#5975,10.);
#5975 = AXIS2_PLACEMENT_3D('',#5976,#5977,#5978);
#5976 = CARTESIAN_POINT('',(50.,35.,40.));
#5977 = DIRECTION('',(-1.,0.,0.));
#5978 = DIRECTION('',(0.,1.,-0.));
#5979 = DEFINITIONAL_REPRESENTATION('',(#5980),#5984);
#5980 = LINE('',#5981,#5982);
#5981 = CARTESIAN_POINT('',(-0.,98.5));
#5982 = VECTOR('',#5983,1.);
#5983 = DIRECTION('',(-1.,0.));
#5984 = ( GEOMETRIC_REPRESENTATION_CONTEXT(2) 
PARAMETRIC_REPRESENTATION_CONTEXT() REPRESENTATION_CONTEXT('2D SPACE',''
  ) );
#5985 = ADVANCED_FACE('',(#5986),#5327,.T.);
#5986 = FACE_BOUND('',#5987,.F.);
#5987 = EDGE_LOOP('',(#5988,#6010,#6036,#6037));
#5988 = ORIENTED_EDGE('',*,*,#5989,.T.);
#5989 = EDGE_CURVE('',#5283,#5990,#5992,.T.);
#5990 = VERTEX_POINT('',#5991);
#5991 = CARTESIAN_POINT('',(-48.5,-35.,-1.7763568394E-15));
#5992 = SURFACE_CURVE('',#5993,(#5998,#6004),.PCURVE_S1.);
#5993 = CIRCLE('',#5994,1.5);
#5994 = AXIS2_PLACEMENT_3D('',#5995,#5996,#5997);
#5995 = CARTESIAN_POINT('',(-48.5,-35.,1.5));
#5996 = DIRECTION('',(0.,-1.,1.056412609424E-16));
#5997 = DIRECTION('',(0.,-1.056412609424E-16,-1.));
#5998 = PCURVE('',#5327,#5999);
#5999 = DEFINITIONAL_REPRESENTATION('',(#6000),#6003);
#6000 = B_SPLINE_CURVE_WITH_KNOTS('',1,(#6001,#6002),.UNSPECIFIED.,.F.,
  .F.,(2,2),(4.712388980385,6.28318530718),.PIECEWISE_BEZIER_KNOTS.);
#6001 = CARTESIAN_POINT('',(0.,0.));
#6002 = CARTESIAN_POINT('',(-1.570796326795,0.));
#6003 = ( GEOMETRIC_REPRESENTATION_CONTEXT(2) 
PARAMETRIC_REPRESENTATION_CONTEXT() REPRESENTATION_CONTEXT('2D SPACE',''
  ) );
#6004 = PCURVE('',#5299,#6005);
#6005 = DEFINITIONAL_REPRESENTATION('',(#6006),#6009);
#6006 = B_SPLINE_CURVE_WITH_KNOTS('',1,(#6007,#6008),.UNSPECIFIED.,.F.,
  .F.,(2,2),(4.712388980385,6.28318530718),.PIECEWISE_BEZIER_KNOTS.);
#6007 = CARTESIAN_POINT('',(1.570796326795,4.712388980385));
#6008 = CARTESIAN_POINT('',(1.570796326795,6.28318530718));
#6009 = ( GEOMETRIC_REPRESENTATION_CONTEXT(2) 
PARAMETRIC_REPRESENTATION_CONTEXT() REPRESENTATION_CONTEXT('2D SPACE',''
  ) );
#6010 = ORIENTED_EDGE('',*,*,#6011,.T.);
#6011 = EDGE_CURVE('',#5990,#5882,#6012,.T.);
#6012 = SURFACE_CURVE('',#6013,(#6017,#6024),.PCURVE_S1.);
#6013 = LINE('',#6014,#6015);
#6014 = CARTESIAN_POINT('',(-48.5,-35.,-2.22044604925E-16));
#6015 = VECTOR('',#6016,1.);
#6016 = DIRECTION('',(-0.,1.,-0.));
#6017 = PCURVE('',#5327,#6018);
#6018 = DEFINITIONAL_REPRESENTATION('',(#6019),#6023);
#6019 = LINE('',#6020,#6021);
#6020 = CARTESIAN_POINT('',(-1.570796326795,0.));
#6021 = VECTOR('',#6022,1.);
#6022 = DIRECTION('',(-0.,1.));
#6023 = ( GEOMETRIC_REPRESENTATION_CONTEXT(2) 
PARAMETRIC_REPRESENTATION_CONTEXT() REPRESENTATION_CONTEXT('2D SPACE',''
  ) );
#6024 = PCURVE('',#6025,#6030);
#6025 = PLANE('',#6026);
#6026 = AXIS2_PLACEMENT_3D('',#6027,#6028,#6029);
#6027 = CARTESIAN_POINT('',(0.,0.,0.));
#6028 = DIRECTION('',(0.,0.,1.));
#6029 = DIRECTION('',(1.,0.,-0.));
#6030 = DEFINITIONAL_REPRESENTATION('',(#6031),#6035);
#6031 = LINE('',#6032,#6033);
#6032 = CARTESIAN_POINT('',(-48.5,-35.));
#6033 = VECTOR('',#6034,1.);
#6034 = DIRECTION('',(0.,1.));
#6035 = ( GEOMETRIC_REPRESENTATION_CONTEXT(2) 
PARAMETRIC_REPRESENTATION_CONTEXT() REPRESENTATION_CONTEXT('2D SPACE',''
  ) );
#6036 = ORIENTED_EDGE('',*,*,#5881,.F.);
#6037 = ORIENTED_EDGE('',*,*,#5311,.F.);
#6038 = ADVANCED_FACE('',(#6039),#5213,.T.);
#6039 = FACE_BOUND('',#6040,.F.);
#6040 = EDGE_LOOP('',(#6041,#6042,#6070,#6090));
#6041 = ORIENTED_EDGE('',*,*,#5937,.T.);
#6042 = ORIENTED_EDGE('',*,*,#6043,.T.);
#6043 = EDGE_CURVE('',#5938,#6044,#6046,.T.);
#6044 = VERTEX_POINT('',#6045);
#6045 = CARTESIAN_POINT('',(-48.5,-35.,50.));
#6046 = SURFACE_CURVE('',#6047,(#6051,#6058),.PCURVE_S1.);
#6047 = LINE('',#6048,#6049);
#6048 = CARTESIAN_POINT('',(-48.5,35.,50.));
#6049 = VECTOR('',#6050,1.);
#6050 = DIRECTION('',(0.,-1.,0.));
#6051 = PCURVE('',#5213,#6052);
#6052 = DEFINITIONAL_REPRESENTATION('',(#6053),#6057);
#6053 = LINE('',#6054,#6055);
#6054 = CARTESIAN_POINT('',(-1.570796326795,0.));
#6055 = VECTOR('',#6056,1.);
#6056 = DIRECTION('',(-0.,1.));
#6057 = ( GEOMETRIC_REPRESENTATION_CONTEXT(2) 
PARAMETRIC_REPRESENTATION_CONTEXT() REPRESENTATION_CONTEXT('2D SPACE',''
  ) );
#6058 = PCURVE('',#6059,#6064);
#6059 = PLANE('',#6060);
#6060 = AXIS2_PLACEMENT_3D('',#6061,#6062,#6063);
#6061 = CARTESIAN_POINT('',(0.,0.,50.));
#6062 = DIRECTION('',(0.,0.,1.));
#6063 = DIRECTION('',(1.,0.,-0.));
#6064 = DEFINITIONAL_REPRESENTATION('',(#6065),#6069);
#6065 = LINE('',#6066,#6067);
#6066 = CARTESIAN_POINT('',(-48.5,35.));
#6067 = VECTOR('',#6068,1.);
#6068 = DIRECTION('',(0.,-1.));
#6069 = ( GEOMETRIC_REPRESENTATION_CONTEXT(2) 
PARAMETRIC_REPRESENTATION_CONTEXT() REPRESENTATION_CONTEXT('2D SPACE',''
  ) );
#6070 = ORIENTED_EDGE('',*,*,#6071,.F.);
#6071 = EDGE_CURVE('',#5198,#6044,#6072,.T.);
#6072 = SURFACE_CURVE('',#6073,(#6078,#6084),.PCURVE_S1.);
#6073 = CIRCLE('',#6074,1.5);
#6074 = AXIS2_PLACEMENT_3D('',#6075,#6076,#6077);
#6075 = CARTESIAN_POINT('',(-48.5,-35.,48.5));
#6076 = DIRECTION('',(-0.,1.,0.));
#6077 = DIRECTION('',(-1.,-0.,0.));
#6078 = PCURVE('',#5213,#6079);
#6079 = DEFINITIONAL_REPRESENTATION('',(#6080),#6083);
#6080 = B_SPLINE_CURVE_WITH_KNOTS('',1,(#6081,#6082),.UNSPECIFIED.,.F.,
  .F.,(2,2),(0.,1.570796326795),.PIECEWISE_BEZIER_KNOTS.);
#6081 = CARTESIAN_POINT('',(0.,70.));
#6082 = CARTESIAN_POINT('',(-1.570796326795,70.));
#6083 = ( GEOMETRIC_REPRESENTATION_CONTEXT(2) 
PARAMETRIC_REPRESENTATION_CONTEXT() REPRESENTATION_CONTEXT('2D SPACE',''
  ) );
#6084 = PCURVE('',#5242,#6085);
#6085 = DEFINITIONAL_REPRESENTATION('',(#6086),#6089);
#6086 = B_SPLINE_CURVE_WITH_KNOTS('',1,(#6087,#6088),.UNSPECIFIED.,.F.,
  .F.,(2,2),(0.,1.570796326795),.PIECEWISE_BEZIER_KNOTS.);
#6087 = CARTESIAN_POINT('',(0.,4.712388980385));
#6088 = CARTESIAN_POINT('',(0.,6.28318530718));
#6089 = ( GEOMETRIC_REPRESENTATION_CONTEXT(2) 
PARAMETRIC_REPRESENTATION_CONTEXT() REPRESENTATION_CONTEXT('2D SPACE',''
  ) );
#6090 = ORIENTED_EDGE('',*,*,#5197,.F.);
#6091 = ADVANCED_FACE('',(#6092),#5299,.T.);
#6092 = FACE_BOUND('',#6093,.T.);
#6093 = EDGE_LOOP('',(#6094,#6116,#6117,#6118));
#6094 = ORIENTED_EDGE('',*,*,#6095,.F.);
#6095 = EDGE_CURVE('',#5255,#6096,#6098,.T.);
#6096 = VERTEX_POINT('',#6097);
#6097 = CARTESIAN_POINT('',(-48.5,-45.,10.));
#6098 = SURFACE_CURVE('',#6099,(#6104,#6110),.PCURVE_S1.);
#6099 = CIRCLE('',#6100,1.5);
#6100 = AXIS2_PLACEMENT_3D('',#6101,#6102,#6103);
#6101 = CARTESIAN_POINT('',(-48.5,-43.5,10.));
#6102 = DIRECTION('',(0.,0.,1.));
#6103 = DIRECTION('',(-1.,0.,0.));
#6104 = PCURVE('',#5299,#6105);
#6105 = DEFINITIONAL_REPRESENTATION('',(#6106),#6109);
#6106 = B_SPLINE_CURVE_WITH_KNOTS('',1,(#6107,#6108),.UNSPECIFIED.,.F.,
  .F.,(2,2),(0.,1.570796326795),.PIECEWISE_BEZIER_KNOTS.);
#6107 = CARTESIAN_POINT('',(-2.22044604925E-16,4.712388980385));
#6108 = CARTESIAN_POINT('',(-2.22044604925E-16,6.28318530718));
#6109 = ( GEOMETRIC_REPRESENTATION_CONTEXT(2) 
PARAMETRIC_REPRESENTATION_CONTEXT() REPRESENTATION_CONTEXT('2D SPACE',''
  ) );
#6110 = PCURVE('',#5270,#6111);
#6111 = DEFINITIONAL_REPRESENTATION('',(#6112),#6115);
#6112 = B_SPLINE_CURVE_WITH_KNOTS('',1,(#6113,#6114),.UNSPECIFIED.,.F.,
  .F.,(2,2),(0.,1.570796326795),.PIECEWISE_BEZIER_KNOTS.);
#6113 = CARTESIAN_POINT('',(0.,30.));
#6114 = CARTESIAN_POINT('',(-1.570796326795,30.));
#6115 = ( GEOMETRIC_REPRESENTATION_CONTEXT(2) 
PARAMETRIC_REPRESENTATION_CONTEXT() REPRESENTATION_CONTEXT('2D SPACE',''
  ) );
#6116 = ORIENTED_EDGE('',*,*,#5282,.T.);
#6117 = ORIENTED_EDGE('',*,*,#5989,.T.);
#6118 = ORIENTED_EDGE('',*,*,#6119,.F.);
#6119 = EDGE_CURVE('',#6096,#5990,#6120,.T.);
#6120 = SURFACE_CURVE('',#6121,(#6126,#6133),.PCURVE_S1.);
#6121 = CIRCLE('',#6122,10.);
#6122 = AXIS2_PLACEMENT_3D('',#6123,#6124,#6125);
#6123 = CARTESIAN_POINT('',(-48.5,-35.,10.));
#6124 = DIRECTION('',(1.,0.,0.));
#6125 = DIRECTION('',(0.,-1.,-1.7763568394E-16));
#6126 = PCURVE('',#5299,#6127);
#6127 = DEFINITIONAL_REPRESENTATION('',(#6128),#6132);
#6128 = LINE('',#6129,#6130);
#6129 = CARTESIAN_POINT('',(0.,6.28318530718));
#6130 = VECTOR('',#6131,1.);
#6131 = DIRECTION('',(1.,0.));
#6132 = ( GEOMETRIC_REPRESENTATION_CONTEXT(2) 
PARAMETRIC_REPRESENTATION_CONTEXT() REPRESENTATION_CONTEXT('2D SPACE',''
  ) );
#6133 = PCURVE('',#6134,#6139);
#6134 = CYLINDRICAL_SURFACE('',#6135,10.);
#6135 = AXIS2_PLACEMENT_3D('',#6136,#6137,#6138);
#6136 = CARTESIAN_POINT('',(-50.,-35.,10.));
#6137 = DIRECTION('',(1.,0.,0.));
#6138 = DIRECTION('',(0.,0.,-1.));
#6139 = DEFINITIONAL_REPRESENTATION('',(#6140),#6144);
#6140 = LINE('',#6141,#6142);
#6141 = CARTESIAN_POINT('',(-1.570796326795,1.5));
#6142 = VECTOR('',#6143,1.);
#6143 = DIRECTION('',(1.,-0.));
#6144 = ( GEOMETRIC_REPRESENTATION_CONTEXT(2) 
PARAMETRIC_REPRESENTATION_CONTEXT() REPRESENTATION_CONTEXT('2D SPACE',''
  ) );
#6145 = ADVANCED_FACE('',(#6146),#5242,.T.);
#6146 = FACE_BOUND('',#6147,.T.);
#6147 = EDGE_LOOP('',(#6148,#6149,#6150,#6172));
#6148 = ORIENTED_EDGE('',*,*,#6071,.F.);
#6149 = ORIENTED_EDGE('',*,*,#5225,.T.);
#6150 = ORIENTED_EDGE('',*,*,#6151,.T.);
#6151 = EDGE_CURVE('',#5226,#6152,#6154,.T.);
#6152 = VERTEX_POINT('',#6153);
#6153 = CARTESIAN_POINT('',(-48.5,-45.,40.));
#6154 = SURFACE_CURVE('',#6155,(#6160,#6166),.PCURVE_S1.);
#6155 = CIRCLE('',#6156,1.5);
#6156 = AXIS2_PLACEMENT_3D('',#6157,#6158,#6159);
#6157 = CARTESIAN_POINT('',(-48.5,-43.5,40.));
#6158 = DIRECTION('',(-0.,6.123233995737E-17,1.));
#6159 = DIRECTION('',(0.,-1.,6.123233995737E-17));
#6160 = PCURVE('',#5242,#6161);
#6161 = DEFINITIONAL_REPRESENTATION('',(#6162),#6165);
#6162 = B_SPLINE_CURVE_WITH_KNOTS('',1,(#6163,#6164),.UNSPECIFIED.,.F.,
  .F.,(2,2),(4.712388980385,6.28318530718),.PIECEWISE_BEZIER_KNOTS.);
#6163 = CARTESIAN_POINT('',(1.570796326795,4.712388980385));
#6164 = CARTESIAN_POINT('',(1.570796326795,6.28318530718));
#6165 = ( GEOMETRIC_REPRESENTATION_CONTEXT(2) 
PARAMETRIC_REPRESENTATION_CONTEXT() REPRESENTATION_CONTEXT('2D SPACE',''
  ) );
#6166 = PCURVE('',#5270,#6167);
#6167 = DEFINITIONAL_REPRESENTATION('',(#6168),#6171);
#6168 = B_SPLINE_CURVE_WITH_KNOTS('',1,(#6169,#6170),.UNSPECIFIED.,.F.,
  .F.,(2,2),(4.712388980385,6.28318530718),.PIECEWISE_BEZIER_KNOTS.);
#6169 = CARTESIAN_POINT('',(0.,0.));
#6170 = CARTESIAN_POINT('',(-1.570796326795,0.));
#6171 = ( GEOMETRIC_REPRESENTATION_CONTEXT(2) 
PARAMETRIC_REPRESENTATION_CONTEXT() REPRESENTATION_CONTEXT('2D SPACE',''
  ) );
#6172 = ORIENTED_EDGE('',*,*,#6173,.F.);
#6173 = EDGE_CURVE('',#6044,#6152,#6174,.T.);
#6174 = SURFACE_CURVE('',#6175,(#6180,#6187),.PCURVE_S1.);
#6175 = CIRCLE('',#6176,10.);
#6176 = AXIS2_PLACEMENT_3D('',#6177,#6178,#6179);
#6177 = CARTESIAN_POINT('',(-48.5,-35.,40.));
#6178 = DIRECTION('',(1.,0.,0.));
#6179 = DIRECTION('',(-0.,0.,1.));
#6180 = PCURVE('',#5242,#6181);
#6181 = DEFINITIONAL_REPRESENTATION('',(#6182),#6186);
#6182 = LINE('',#6183,#6184);
#6183 = CARTESIAN_POINT('',(0.,6.28318530718));
#6184 = VECTOR('',#6185,1.);
#6185 = DIRECTION('',(1.,0.));
#6186 = ( GEOMETRIC_REPRESENTATION_CONTEXT(2) 
PARAMETRIC_REPRESENTATION_CONTEXT() REPRESENTATION_CONTEXT('2D SPACE',''
  ) );
#6187 = PCURVE('',#6188,#6193);
#6188 = CYLINDRICAL_SURFACE('',#6189,10.);
#6189 = AXIS2_PLACEMENT_3D('',#6190,#6191,#6192);
#6190 = CARTESIAN_POINT('',(-50.,-35.,40.));
#6191 = DIRECTION('',(1.,0.,0.));
#6192 = DIRECTION('',(0.,0.,1.));
#6193 = DEFINITIONAL_REPRESENTATION('',(#6194),#6198);
#6194 = LINE('',#6195,#6196);
#6195 = CARTESIAN_POINT('',(0.,1.5));
#6196 = VECTOR('',#6197,1.);
#6197 = DIRECTION('',(1.,0.));
#6198 = ( GEOMETRIC_REPRESENTATION_CONTEXT(2) 
PARAMETRIC_REPRESENTATION_CONTEXT() REPRESENTATION_CONTEXT('2D SPACE',''
  ) );
#6199 = ADVANCED_FACE('',(#6200),#5270,.T.);
#6200 = FACE_BOUND('',#6201,.F.);
#6201 = EDGE_LOOP('',(#6202,#6203,#6229,#6230));
#6202 = ORIENTED_EDGE('',*,*,#6151,.T.);
#6203 = ORIENTED_EDGE('',*,*,#6204,.T.);
#6204 = EDGE_CURVE('',#6152,#6096,#6205,.T.);
#6205 = SURFACE_CURVE('',#6206,(#6210,#6217),.PCURVE_S1.);
#6206 = LINE('',#6207,#6208);
#6207 = CARTESIAN_POINT('',(-48.5,-45.,40.));
#6208 = VECTOR('',#6209,1.);
#6209 = DIRECTION('',(-0.,-0.,-1.));
#6210 = PCURVE('',#5270,#6211);
#6211 = DEFINITIONAL_REPRESENTATION('',(#6212),#6216);
#6212 = LINE('',#6213,#6214);
#6213 = CARTESIAN_POINT('',(-1.570796326795,0.));
#6214 = VECTOR('',#6215,1.);
#6215 = DIRECTION('',(-0.,1.));
#6216 = ( GEOMETRIC_REPRESENTATION_CONTEXT(2) 
PARAMETRIC_REPRESENTATION_CONTEXT() REPRESENTATION_CONTEXT('2D SPACE',''
  ) );
#6217 = PCURVE('',#6218,#6223);
#6218 = PLANE('',#6219);
#6219 = AXIS2_PLACEMENT_3D('',#6220,#6221,#6222);
#6220 = CARTESIAN_POINT('',(-50.,-45.,0.));
#6221 = DIRECTION('',(0.,1.,0.));
#6222 = DIRECTION('',(1.,0.,0.));
#6223 = DEFINITIONAL_REPRESENTATION('',(#6224),#6228);
#6224 = LINE('',#6225,#6226);
#6225 = CARTESIAN_POINT('',(1.5,-40.));
#6226 = VECTOR('',#6227,1.);
#6227 = DIRECTION('',(-0.,1.));
#6228 = ( GEOMETRIC_REPRESENTATION_CONTEXT(2) 
PARAMETRIC_REPRESENTATION_CONTEXT() REPRESENTATION_CONTEXT('2D SPACE',''
  ) );
#6229 = ORIENTED_EDGE('',*,*,#6095,.F.);
#6230 = ORIENTED_EDGE('',*,*,#5254,.F.);
#6231 = ADVANCED_FACE('',(#6232),#5438,.T.);
#6232 = FACE_BOUND('',#6233,.T.);
#6233 = EDGE_LOOP('',(#6234,#6257,#6285,#6306));
#6234 = ORIENTED_EDGE('',*,*,#6235,.T.);
#6235 = EDGE_CURVE('',#5380,#6236,#6238,.T.);
#6236 = VERTEX_POINT('',#6237);
#6237 = CARTESIAN_POINT('',(47.,30.,44.999999981854));
#6238 = SURFACE_CURVE('',#6239,(#6243,#6250),.PCURVE_S1.);
#6239 = LINE('',#6240,#6241);
#6240 = CARTESIAN_POINT('',(44.,30.,44.999999981854));
#6241 = VECTOR('',#6242,1.);
#6242 = DIRECTION('',(1.,0.,0.));
#6243 = PCURVE('',#5438,#6244);
#6244 = DEFINITIONAL_REPRESENTATION('',(#6245),#6249);
#6245 = LINE('',#6246,#6247);
#6246 = CARTESIAN_POINT('',(10.,0.));
#6247 = VECTOR('',#6248,1.);
#6248 = DIRECTION('',(0.,-1.));
#6249 = ( GEOMETRIC_REPRESENTATION_CONTEXT(2) 
PARAMETRIC_REPRESENTATION_CONTEXT() REPRESENTATION_CONTEXT('2D SPACE',''
  ) );
#6250 = PCURVE('',#5490,#6251);
#6251 = DEFINITIONAL_REPRESENTATION('',(#6252),#6256);
#6252 = LINE('',#6253,#6254);
#6253 = CARTESIAN_POINT('',(1.570796326795,0.));
#6254 = VECTOR('',#6255,1.);
#6255 = DIRECTION('',(0.,1.));
#6256 = ( GEOMETRIC_REPRESENTATION_CONTEXT(2) 
PARAMETRIC_REPRESENTATION_CONTEXT() REPRESENTATION_CONTEXT('2D SPACE',''
  ) );
#6257 = ORIENTED_EDGE('',*,*,#6258,.T.);
#6258 = EDGE_CURVE('',#6236,#6259,#6261,.T.);
#6259 = VERTEX_POINT('',#6260);
#6260 = CARTESIAN_POINT('',(47.,-30.,44.999999981854));
#6261 = SURFACE_CURVE('',#6262,(#6266,#6273),.PCURVE_S1.);
#6262 = LINE('',#6263,#6264);
#6263 = CARTESIAN_POINT('',(47.,30.,44.999999981854));
#6264 = VECTOR('',#6265,1.);
#6265 = DIRECTION('',(0.,-1.,0.));
#6266 = PCURVE('',#5438,#6267);
#6267 = DEFINITIONAL_REPRESENTATION('',(#6268),#6272);
#6268 = LINE('',#6269,#6270);
#6269 = CARTESIAN_POINT('',(10.,-3.));
#6270 = VECTOR('',#6271,1.);
#6271 = DIRECTION('',(1.,0.));
#6272 = ( GEOMETRIC_REPRESENTATION_CONTEXT(2) 
PARAMETRIC_REPRESENTATION_CONTEXT() REPRESENTATION_CONTEXT('2D SPACE',''
  ) );
#6273 = PCURVE('',#6274,#6279);
#6274 = CYLINDRICAL_SURFACE('',#6275,3.);
#6275 = AXIS2_PLACEMENT_3D('',#6276,#6277,#6278);
#6276 = CARTESIAN_POINT('',(47.,30.,47.999999981854));
#6277 = DIRECTION('',(0.,-1.,0.));
#6278 = DIRECTION('',(0.,0.,-1.));
#6279 = DEFINITIONAL_REPRESENTATION('',(#6280),#6284);
#6280 = LINE('',#6281,#6282);
#6281 = CARTESIAN_POINT('',(0.,0.));
#6282 = VECTOR('',#6283,1.);
#6283 = DIRECTION('',(0.,1.));
#6284 = ( GEOMETRIC_REPRESENTATION_CONTEXT(2) 
PARAMETRIC_REPRESENTATION_CONTEXT() REPRESENTATION_CONTEXT('2D SPACE',''
  ) );
#6285 = ORIENTED_EDGE('',*,*,#6286,.F.);
#6286 = EDGE_CURVE('',#5403,#6259,#6287,.T.);
#6287 = SURFACE_CURVE('',#6288,(#6292,#6299),.PCURVE_S1.);
#6288 = LINE('',#6289,#6290);
#6289 = CARTESIAN_POINT('',(44.,-30.,44.999999981854));
#6290 = VECTOR('',#6291,1.);
#6291 = DIRECTION('',(1.,0.,0.));
#6292 = PCURVE('',#5438,#6293);
#6293 = DEFINITIONAL_REPRESENTATION('',(#6294),#6298);
#6294 = LINE('',#6295,#6296);
#6295 = CARTESIAN_POINT('',(70.,0.));
#6296 = VECTOR('',#6297,1.);
#6297 = DIRECTION('',(0.,-1.));
#6298 = ( GEOMETRIC_REPRESENTATION_CONTEXT(2) 
PARAMETRIC_REPRESENTATION_CONTEXT() REPRESENTATION_CONTEXT('2D SPACE',''
  ) );
#6299 = PCURVE('',#5525,#6300);
#6300 = DEFINITIONAL_REPRESENTATION('',(#6301),#6305);
#6301 = LINE('',#6302,#6303);
#6302 = CARTESIAN_POINT('',(-1.570796326795,0.));
#6303 = VECTOR('',#6304,1.);
#6304 = DIRECTION('',(-0.,1.));
#6305 = ( GEOMETRIC_REPRESENTATION_CONTEXT(2) 
PARAMETRIC_REPRESENTATION_CONTEXT() REPRESENTATION_CONTEXT('2D SPACE',''
  ) );
#6306 = ORIENTED_EDGE('',*,*,#5424,.F.);
#6307 = ADVANCED_FACE('',(#6308),#5490,.F.);
#6308 = FACE_BOUND('',#6309,.F.);
#6309 = EDGE_LOOP('',(#6310,#6333,#6334,#6335));
#6310 = ORIENTED_EDGE('',*,*,#6311,.F.);
#6311 = EDGE_CURVE('',#5454,#6312,#6314,.T.);
#6312 = VERTEX_POINT('',#6313);
#6313 = CARTESIAN_POINT('',(47.,40.,34.999999981854));
#6314 = SURFACE_CURVE('',#6315,(#6319,#6326),.PCURVE_S1.);
#6315 = LINE('',#6316,#6317);
#6316 = CARTESIAN_POINT('',(44.,40.,34.999999981854));
#6317 = VECTOR('',#6318,1.);
#6318 = DIRECTION('',(1.,0.,0.));
#6319 = PCURVE('',#5490,#6320);
#6320 = DEFINITIONAL_REPRESENTATION('',(#6321),#6325);
#6321 = LINE('',#6322,#6323);
#6322 = CARTESIAN_POINT('',(0.,0.));
#6323 = VECTOR('',#6324,1.);
#6324 = DIRECTION('',(0.,1.));
#6325 = ( GEOMETRIC_REPRESENTATION_CONTEXT(2) 
PARAMETRIC_REPRESENTATION_CONTEXT() REPRESENTATION_CONTEXT('2D SPACE',''
  ) );
#6326 = PCURVE('',#5599,#6327);
#6327 = DEFINITIONAL_REPRESENTATION('',(#6328),#6332);
#6328 = LINE('',#6329,#6330);
#6329 = CARTESIAN_POINT('',(30.,0.));
#6330 = VECTOR('',#6331,1.);
#6331 = DIRECTION('',(0.,-1.));
#6332 = ( GEOMETRIC_REPRESENTATION_CONTEXT(2) 
PARAMETRIC_REPRESENTATION_CONTEXT() REPRESENTATION_CONTEXT('2D SPACE',''
  ) );
#6333 = ORIENTED_EDGE('',*,*,#5475,.T.);
#6334 = ORIENTED_EDGE('',*,*,#6235,.T.);
#6335 = ORIENTED_EDGE('',*,*,#6336,.F.);
#6336 = EDGE_CURVE('',#6312,#6236,#6337,.T.);
#6337 = SURFACE_CURVE('',#6338,(#6343,#6350),.PCURVE_S1.);
#6338 = CIRCLE('',#6339,10.);
#6339 = AXIS2_PLACEMENT_3D('',#6340,#6341,#6342);
#6340 = CARTESIAN_POINT('',(47.,30.,34.999999981854));
#6341 = DIRECTION('',(1.,0.,-0.));
#6342 = DIRECTION('',(0.,1.,0.));
#6343 = PCURVE('',#5490,#6344);
#6344 = DEFINITIONAL_REPRESENTATION('',(#6345),#6349);
#6345 = LINE('',#6346,#6347);
#6346 = CARTESIAN_POINT('',(0.,3.));
#6347 = VECTOR('',#6348,1.);
#6348 = DIRECTION('',(1.,0.));
#6349 = ( GEOMETRIC_REPRESENTATION_CONTEXT(2) 
PARAMETRIC_REPRESENTATION_CONTEXT() REPRESENTATION_CONTEXT('2D SPACE',''
  ) );
#6350 = PCURVE('',#6351,#6356);
#6351 = TOROIDAL_SURFACE('',#6352,13.,3.);
#6352 = AXIS2_PLACEMENT_3D('',#6353,#6354,#6355);
#6353 = CARTESIAN_POINT('',(47.,30.,34.999999981854));
#6354 = DIRECTION('',(-1.,0.,0.));
#6355 = DIRECTION('',(0.,1.,0.));
#6356 = DEFINITIONAL_REPRESENTATION('',(#6357),#6361);
#6357 = LINE('',#6358,#6359);
#6358 = CARTESIAN_POINT('',(-0.,3.14159265359));
#6359 = VECTOR('',#6360,1.);
#6360 = DIRECTION('',(-1.,0.));
#6361 = ( GEOMETRIC_REPRESENTATION_CONTEXT(2) 
PARAMETRIC_REPRESENTATION_CONTEXT() REPRESENTATION_CONTEXT('2D SPACE',''
  ) );
#6362 = ADVANCED_FACE('',(#6363),#5525,.F.);
#6363 = FACE_BOUND('',#6364,.T.);
#6364 = EDGE_LOOP('',(#6365,#6388,#6389,#6390));
#6365 = ORIENTED_EDGE('',*,*,#6366,.F.);
#6366 = EDGE_CURVE('',#5509,#6367,#6369,.T.);
#6367 = VERTEX_POINT('',#6368);
#6368 = CARTESIAN_POINT('',(47.,-40.,34.999999981854));
#6369 = SURFACE_CURVE('',#6370,(#6374,#6381),.PCURVE_S1.);
#6370 = LINE('',#6371,#6372);
#6371 = CARTESIAN_POINT('',(44.,-40.,34.999999981854));
#6372 = VECTOR('',#6373,1.);
#6373 = DIRECTION('',(1.,0.,0.));
#6374 = PCURVE('',#5525,#6375);
#6375 = DEFINITIONAL_REPRESENTATION('',(#6376),#6380);
#6376 = LINE('',#6377,#6378);
#6377 = CARTESIAN_POINT('',(-0.,0.));
#6378 = VECTOR('',#6379,1.);
#6379 = DIRECTION('',(-0.,1.));
#6380 = ( GEOMETRIC_REPRESENTATION_CONTEXT(2) 
PARAMETRIC_REPRESENTATION_CONTEXT() REPRESENTATION_CONTEXT('2D SPACE',''
  ) );
#6381 = PCURVE('',#5652,#6382);
#6382 = DEFINITIONAL_REPRESENTATION('',(#6383),#6387);
#6383 = LINE('',#6384,#6385);
#6384 = CARTESIAN_POINT('',(10.,0.));
#6385 = VECTOR('',#6386,1.);
#6386 = DIRECTION('',(0.,-1.));
#6387 = ( GEOMETRIC_REPRESENTATION_CONTEXT(2) 
PARAMETRIC_REPRESENTATION_CONTEXT() REPRESENTATION_CONTEXT('2D SPACE',''
  ) );
#6388 = ORIENTED_EDGE('',*,*,#5508,.F.);
#6389 = ORIENTED_EDGE('',*,*,#6286,.T.);
#6390 = ORIENTED_EDGE('',*,*,#6391,.T.);
#6391 = EDGE_CURVE('',#6259,#6367,#6392,.T.);
#6392 = SURFACE_CURVE('',#6393,(#6398,#6405),.PCURVE_S1.);
#6393 = CIRCLE('',#6394,10.);
#6394 = AXIS2_PLACEMENT_3D('',#6395,#6396,#6397);
#6395 = CARTESIAN_POINT('',(47.,-30.,34.999999981854));
#6396 = DIRECTION('',(1.,0.,-0.));
#6397 = DIRECTION('',(0.,-3.552713678801E-16,1.));
#6398 = PCURVE('',#5525,#6399);
#6399 = DEFINITIONAL_REPRESENTATION('',(#6400),#6404);
#6400 = LINE('',#6401,#6402);
#6401 = CARTESIAN_POINT('',(-1.570796326795,3.));
#6402 = VECTOR('',#6403,1.);
#6403 = DIRECTION('',(1.,-0.));
#6404 = ( GEOMETRIC_REPRESENTATION_CONTEXT(2) 
PARAMETRIC_REPRESENTATION_CONTEXT() REPRESENTATION_CONTEXT('2D SPACE',''
  ) );
#6405 = PCURVE('',#6406,#6411);
#6406 = TOROIDAL_SURFACE('',#6407,13.,3.);
#6407 = AXIS2_PLACEMENT_3D('',#6408,#6409,#6410);
#6408 = CARTESIAN_POINT('',(47.,-30.,34.999999981854));
#6409 = DIRECTION('',(-1.,0.,0.));
#6410 = DIRECTION('',(0.,-3.552713678801E-16,1.));
#6411 = DEFINITIONAL_REPRESENTATION('',(#6412),#6416);
#6412 = LINE('',#6413,#6414);
#6413 = CARTESIAN_POINT('',(-0.,3.14159265359));
#6414 = VECTOR('',#6415,1.);
#6415 = DIRECTION('',(-1.,0.));
#6416 = ( GEOMETRIC_REPRESENTATION_CONTEXT(2) 
PARAMETRIC_REPRESENTATION_CONTEXT() REPRESENTATION_CONTEXT('2D SPACE',''
  ) );
#6417 = ADVANCED_FACE('',(#6418),#5599,.T.);
#6418 = FACE_BOUND('',#6419,.T.);
#6419 = EDGE_LOOP('',(#6420,#6443,#6469,#6470));
#6420 = ORIENTED_EDGE('',*,*,#6421,.T.);
#6421 = EDGE_CURVE('',#5562,#6422,#6424,.T.);
#6422 = VERTEX_POINT('',#6423);
#6423 = CARTESIAN_POINT('',(47.,40.,14.999999981854));
#6424 = SURFACE_CURVE('',#6425,(#6429,#6436),.PCURVE_S1.);
#6425 = LINE('',#6426,#6427);
#6426 = CARTESIAN_POINT('',(44.,40.,14.999999981854));
#6427 = VECTOR('',#6428,1.);
#6428 = DIRECTION('',(1.,0.,0.));
#6429 = PCURVE('',#5599,#6430);
#6430 = DEFINITIONAL_REPRESENTATION('',(#6431),#6435);
#6431 = LINE('',#6432,#6433);
#6432 = CARTESIAN_POINT('',(10.,0.));
#6433 = VECTOR('',#6434,1.);
#6434 = DIRECTION('',(0.,-1.));
#6435 = ( GEOMETRIC_REPRESENTATION_CONTEXT(2) 
PARAMETRIC_REPRESENTATION_CONTEXT() REPRESENTATION_CONTEXT('2D SPACE',''
  ) );
#6436 = PCURVE('',#5704,#6437);
#6437 = DEFINITIONAL_REPRESENTATION('',(#6438),#6442);
#6438 = LINE('',#6439,#6440);
#6439 = CARTESIAN_POINT('',(-0.,0.));
#6440 = VECTOR('',#6441,1.);
#6441 = DIRECTION('',(-0.,1.));
#6442 = ( GEOMETRIC_REPRESENTATION_CONTEXT(2) 
PARAMETRIC_REPRESENTATION_CONTEXT() REPRESENTATION_CONTEXT('2D SPACE',''
  ) );
#6443 = ORIENTED_EDGE('',*,*,#6444,.T.);
#6444 = EDGE_CURVE('',#6422,#6312,#6445,.T.);
#6445 = SURFACE_CURVE('',#6446,(#6450,#6457),.PCURVE_S1.);
#6446 = LINE('',#6447,#6448);
#6447 = CARTESIAN_POINT('',(47.,40.,14.999999981854));
#6448 = VECTOR('',#6449,1.);
#6449 = DIRECTION('',(0.,0.,1.));
#6450 = PCURVE('',#5599,#6451);
#6451 = DEFINITIONAL_REPRESENTATION('',(#6452),#6456);
#6452 = LINE('',#6453,#6454);
#6453 = CARTESIAN_POINT('',(10.,-3.));
#6454 = VECTOR('',#6455,1.);
#6455 = DIRECTION('',(1.,0.));
#6456 = ( GEOMETRIC_REPRESENTATION_CONTEXT(2) 
PARAMETRIC_REPRESENTATION_CONTEXT() REPRESENTATION_CONTEXT('2D SPACE',''
  ) );
#6457 = PCURVE('',#6458,#6463);
#6458 = CYLINDRICAL_SURFACE('',#6459,3.);
#6459 = AXIS2_PLACEMENT_3D('',#6460,#6461,#6462);
#6460 = CARTESIAN_POINT('',(47.,43.,14.999999981854));
#6461 = DIRECTION('',(0.,0.,1.));
#6462 = DIRECTION('',(0.,-1.,0.));
#6463 = DEFINITIONAL_REPRESENTATION('',(#6464),#6468);
#6464 = LINE('',#6465,#6466);
#6465 = CARTESIAN_POINT('',(0.,0.));
#6466 = VECTOR('',#6467,1.);
#6467 = DIRECTION('',(0.,1.));
#6468 = ( GEOMETRIC_REPRESENTATION_CONTEXT(2) 
PARAMETRIC_REPRESENTATION_CONTEXT() REPRESENTATION_CONTEXT('2D SPACE',''
  ) );
#6469 = ORIENTED_EDGE('',*,*,#6311,.F.);
#6470 = ORIENTED_EDGE('',*,*,#5585,.F.);
#6471 = ADVANCED_FACE('',(#6472),#5652,.T.);
#6472 = FACE_BOUND('',#6473,.T.);
#6473 = EDGE_LOOP('',(#6474,#6475,#6503,#6524));
#6474 = ORIENTED_EDGE('',*,*,#6366,.T.);
#6475 = ORIENTED_EDGE('',*,*,#6476,.T.);
#6476 = EDGE_CURVE('',#6367,#6477,#6479,.T.);
#6477 = VERTEX_POINT('',#6478);
#6478 = CARTESIAN_POINT('',(47.,-40.,14.999999981854));
#6479 = SURFACE_CURVE('',#6480,(#6484,#6491),.PCURVE_S1.);
#6480 = LINE('',#6481,#6482);
#6481 = CARTESIAN_POINT('',(47.,-40.,34.999999981854));
#6482 = VECTOR('',#6483,1.);
#6483 = DIRECTION('',(0.,0.,-1.));
#6484 = PCURVE('',#5652,#6485);
#6485 = DEFINITIONAL_REPRESENTATION('',(#6486),#6490);
#6486 = LINE('',#6487,#6488);
#6487 = CARTESIAN_POINT('',(10.,-3.));
#6488 = VECTOR('',#6489,1.);
#6489 = DIRECTION('',(1.,0.));
#6490 = ( GEOMETRIC_REPRESENTATION_CONTEXT(2) 
PARAMETRIC_REPRESENTATION_CONTEXT() REPRESENTATION_CONTEXT('2D SPACE',''
  ) );
#6491 = PCURVE('',#6492,#6497);
#6492 = CYLINDRICAL_SURFACE('',#6493,3.);
#6493 = AXIS2_PLACEMENT_3D('',#6494,#6495,#6496);
#6494 = CARTESIAN_POINT('',(47.,-43.,34.999999981854));
#6495 = DIRECTION('',(0.,0.,-1.));
#6496 = DIRECTION('',(0.,1.,0.));
#6497 = DEFINITIONAL_REPRESENTATION('',(#6498),#6502);
#6498 = LINE('',#6499,#6500);
#6499 = CARTESIAN_POINT('',(0.,0.));
#6500 = VECTOR('',#6501,1.);
#6501 = DIRECTION('',(0.,1.));
#6502 = ( GEOMETRIC_REPRESENTATION_CONTEXT(2) 
PARAMETRIC_REPRESENTATION_CONTEXT() REPRESENTATION_CONTEXT('2D SPACE',''
  ) );
#6503 = ORIENTED_EDGE('',*,*,#6504,.F.);
#6504 = EDGE_CURVE('',#5617,#6477,#6505,.T.);
#6505 = SURFACE_CURVE('',#6506,(#6510,#6517),.PCURVE_S1.);
#6506 = LINE('',#6507,#6508);
#6507 = CARTESIAN_POINT('',(44.,-40.,14.999999981854));
#6508 = VECTOR('',#6509,1.);
#6509 = DIRECTION('',(1.,0.,0.));
#6510 = PCURVE('',#5652,#6511);
#6511 = DEFINITIONAL_REPRESENTATION('',(#6512),#6516);
#6512 = LINE('',#6513,#6514);
#6513 = CARTESIAN_POINT('',(30.,0.));
#6514 = VECTOR('',#6515,1.);
#6515 = DIRECTION('',(0.,-1.));
#6516 = ( GEOMETRIC_REPRESENTATION_CONTEXT(2) 
PARAMETRIC_REPRESENTATION_CONTEXT() REPRESENTATION_CONTEXT('2D SPACE',''
  ) );
#6517 = PCURVE('',#5739,#6518);
#6518 = DEFINITIONAL_REPRESENTATION('',(#6519),#6523);
#6519 = LINE('',#6520,#6521);
#6520 = CARTESIAN_POINT('',(-1.570796326795,0.));
#6521 = VECTOR('',#6522,1.);
#6522 = DIRECTION('',(-0.,1.));
#6523 = ( GEOMETRIC_REPRESENTATION_CONTEXT(2) 
PARAMETRIC_REPRESENTATION_CONTEXT() REPRESENTATION_CONTEXT('2D SPACE',''
  ) );
#6524 = ORIENTED_EDGE('',*,*,#5638,.F.);
#6525 = ADVANCED_FACE('',(#6526),#5704,.F.);
#6526 = FACE_BOUND('',#6527,.T.);
#6527 = EDGE_LOOP('',(#6528,#6529,#6530,#6553));
#6528 = ORIENTED_EDGE('',*,*,#6421,.F.);
#6529 = ORIENTED_EDGE('',*,*,#5689,.F.);
#6530 = ORIENTED_EDGE('',*,*,#6531,.T.);
#6531 = EDGE_CURVE('',#5668,#6532,#6534,.T.);
#6532 = VERTEX_POINT('',#6533);
#6533 = CARTESIAN_POINT('',(47.,30.,4.999999981854));
#6534 = SURFACE_CURVE('',#6535,(#6539,#6546),.PCURVE_S1.);
#6535 = LINE('',#6536,#6537);
#6536 = CARTESIAN_POINT('',(44.,30.,4.999999981854));
#6537 = VECTOR('',#6538,1.);
#6538 = DIRECTION('',(1.,0.,0.));
#6539 = PCURVE('',#5704,#6540);
#6540 = DEFINITIONAL_REPRESENTATION('',(#6541),#6545);
#6541 = LINE('',#6542,#6543);
#6542 = CARTESIAN_POINT('',(-1.570796326795,0.));
#6543 = VECTOR('',#6544,1.);
#6544 = DIRECTION('',(-0.,1.));
#6545 = ( GEOMETRIC_REPRESENTATION_CONTEXT(2) 
PARAMETRIC_REPRESENTATION_CONTEXT() REPRESENTATION_CONTEXT('2D SPACE',''
  ) );
#6546 = PCURVE('',#5792,#6547);
#6547 = DEFINITIONAL_REPRESENTATION('',(#6548),#6552);
#6548 = LINE('',#6549,#6550);
#6549 = CARTESIAN_POINT('',(70.,0.));
#6550 = VECTOR('',#6551,1.);
#6551 = DIRECTION('',(0.,-1.));
#6552 = ( GEOMETRIC_REPRESENTATION_CONTEXT(2) 
PARAMETRIC_REPRESENTATION_CONTEXT() REPRESENTATION_CONTEXT('2D SPACE',''
  ) );
#6553 = ORIENTED_EDGE('',*,*,#6554,.T.);
#6554 = EDGE_CURVE('',#6532,#6422,#6555,.T.);
#6555 = SURFACE_CURVE('',#6556,(#6561,#6568),.PCURVE_S1.);
#6556 = CIRCLE('',#6557,10.);
#6557 = AXIS2_PLACEMENT_3D('',#6558,#6559,#6560);
#6558 = CARTESIAN_POINT('',(47.,30.,14.999999981854));
#6559 = DIRECTION('',(1.,-0.,0.));
#6560 = DIRECTION('',(0.,0.,-1.));
#6561 = PCURVE('',#5704,#6562);
#6562 = DEFINITIONAL_REPRESENTATION('',(#6563),#6567);
#6563 = LINE('',#6564,#6565);
#6564 = CARTESIAN_POINT('',(-1.570796326795,3.));
#6565 = VECTOR('',#6566,1.);
#6566 = DIRECTION('',(1.,-0.));
#6567 = ( GEOMETRIC_REPRESENTATION_CONTEXT(2) 
PARAMETRIC_REPRESENTATION_CONTEXT() REPRESENTATION_CONTEXT('2D SPACE',''
  ) );
#6568 = PCURVE('',#6569,#6574);
#6569 = TOROIDAL_SURFACE('',#6570,13.,3.);
#6570 = AXIS2_PLACEMENT_3D('',#6571,#6572,#6573);
#6571 = CARTESIAN_POINT('',(47.,30.,14.999999981854));
#6572 = DIRECTION('',(-1.,0.,0.));
#6573 = DIRECTION('',(0.,0.,-1.));
#6574 = DEFINITIONAL_REPRESENTATION('',(#6575),#6579);
#6575 = LINE('',#6576,#6577);
#6576 = CARTESIAN_POINT('',(-0.,3.14159265359));
#6577 = VECTOR('',#6578,1.);
#6578 = DIRECTION('',(-1.,0.));
#6579 = ( GEOMETRIC_REPRESENTATION_CONTEXT(2) 
PARAMETRIC_REPRESENTATION_CONTEXT() REPRESENTATION_CONTEXT('2D SPACE',''
  ) );
#6580 = ADVANCED_FACE('',(#6581),#5739,.F.);
#6581 = FACE_BOUND('',#6582,.T.);
#6582 = EDGE_LOOP('',(#6583,#6606,#6607,#6608));
#6583 = ORIENTED_EDGE('',*,*,#6584,.F.);
#6584 = EDGE_CURVE('',#5723,#6585,#6587,.T.);
#6585 = VERTEX_POINT('',#6586);
#6586 = CARTESIAN_POINT('',(47.,-30.,4.999999981854));
#6587 = SURFACE_CURVE('',#6588,(#6592,#6599),.PCURVE_S1.);
#6588 = LINE('',#6589,#6590);
#6589 = CARTESIAN_POINT('',(44.,-30.,4.999999981854));
#6590 = VECTOR('',#6591,1.);
#6591 = DIRECTION('',(1.,0.,0.));
#6592 = PCURVE('',#5739,#6593);
#6593 = DEFINITIONAL_REPRESENTATION('',(#6594),#6598);
#6594 = LINE('',#6595,#6596);
#6595 = CARTESIAN_POINT('',(-0.,0.));
#6596 = VECTOR('',#6597,1.);
#6597 = DIRECTION('',(-0.,1.));
#6598 = ( GEOMETRIC_REPRESENTATION_CONTEXT(2) 
PARAMETRIC_REPRESENTATION_CONTEXT() REPRESENTATION_CONTEXT('2D SPACE',''
  ) );
#6599 = PCURVE('',#5792,#6600);
#6600 = DEFINITIONAL_REPRESENTATION('',(#6601),#6605);
#6601 = LINE('',#6602,#6603);
#6602 = CARTESIAN_POINT('',(10.,0.));
#6603 = VECTOR('',#6604,1.);
#6604 = DIRECTION('',(0.,-1.));
#6605 = ( GEOMETRIC_REPRESENTATION_CONTEXT(2) 
PARAMETRIC_REPRESENTATION_CONTEXT() REPRESENTATION_CONTEXT('2D SPACE',''
  ) );
#6606 = ORIENTED_EDGE('',*,*,#5722,.F.);
#6607 = ORIENTED_EDGE('',*,*,#6504,.T.);
#6608 = ORIENTED_EDGE('',*,*,#6609,.T.);
#6609 = EDGE_CURVE('',#6477,#6585,#6610,.T.);
#6610 = SURFACE_CURVE('',#6611,(#6616,#6623),.PCURVE_S1.);
#6611 = CIRCLE('',#6612,10.);
#6612 = AXIS2_PLACEMENT_3D('',#6613,#6614,#6615);
#6613 = CARTESIAN_POINT('',(47.,-30.,14.999999981854));
#6614 = DIRECTION('',(1.,-0.,0.));
#6615 = DIRECTION('',(-0.,-1.,-1.7763568394E-16));
#6616 = PCURVE('',#5739,#6617);
#6617 = DEFINITIONAL_REPRESENTATION('',(#6618),#6622);
#6618 = LINE('',#6619,#6620);
#6619 = CARTESIAN_POINT('',(-1.570796326795,3.));
#6620 = VECTOR('',#6621,1.);
#6621 = DIRECTION('',(1.,-0.));
#6622 = ( GEOMETRIC_REPRESENTATION_CONTEXT(2) 
PARAMETRIC_REPRESENTATION_CONTEXT() REPRESENTATION_CONTEXT('2D SPACE',''
  ) );
#6623 = PCURVE('',#6624,#6629);
#6624 = TOROIDAL_SURFACE('',#6625,13.,3.);
#6625 = AXIS2_PLACEMENT_3D('',#6626,#6627,#6628);
#6626 = CARTESIAN_POINT('',(47.,-30.,14.999999981854));
#6627 = DIRECTION('',(-1.,0.,0.));
#6628 = DIRECTION('',(-0.,-1.,-1.7763568394E-16));
#6629 = DEFINITIONAL_REPRESENTATION('',(#6630),#6634);
#6630 = LINE('',#6631,#6632);
#6631 = CARTESIAN_POINT('',(-0.,3.14159265359));
#6632 = VECTOR('',#6633,1.);
#6633 = DIRECTION('',(-1.,0.));
#6634 = ( GEOMETRIC_REPRESENTATION_CONTEXT(2) 
PARAMETRIC_REPRESENTATION_CONTEXT() REPRESENTATION_CONTEXT('2D SPACE',''
  ) );
#6635 = ADVANCED_FACE('',(#6636),#5792,.T.);
#6636 = FACE_BOUND('',#6637,.T.);
#6637 = EDGE_LOOP('',(#6638,#6639,#6665,#6666));
#6638 = ORIENTED_EDGE('',*,*,#6584,.T.);
#6639 = ORIENTED_EDGE('',*,*,#6640,.T.);
#6640 = EDGE_CURVE('',#6585,#6532,#6641,.T.);
#6641 = SURFACE_CURVE('',#6642,(#6646,#6653),.PCURVE_S1.);
#6642 = LINE('',#6643,#6644);
#6643 = CARTESIAN_POINT('',(47.,-30.,4.999999981854));
#6644 = VECTOR('',#6645,1.);
#6645 = DIRECTION('',(0.,1.,0.));
#6646 = PCURVE('',#5792,#6647);
#6647 = DEFINITIONAL_REPRESENTATION('',(#6648),#6652);
#6648 = LINE('',#6649,#6650);
#6649 = CARTESIAN_POINT('',(10.,-3.));
#6650 = VECTOR('',#6651,1.);
#6651 = DIRECTION('',(1.,0.));
#6652 = ( GEOMETRIC_REPRESENTATION_CONTEXT(2) 
PARAMETRIC_REPRESENTATION_CONTEXT() REPRESENTATION_CONTEXT('2D SPACE',''
  ) );
#6653 = PCURVE('',#6654,#6659);
#6654 = CYLINDRICAL_SURFACE('',#6655,3.);
#6655 = AXIS2_PLACEMENT_3D('',#6656,#6657,#6658);
#6656 = CARTESIAN_POINT('',(47.,-30.,1.999999981854));
#6657 = DIRECTION('',(0.,1.,0.));
#6658 = DIRECTION('',(0.,-0.,1.));
#6659 = DEFINITIONAL_REPRESENTATION('',(#6660),#6664);
#6660 = LINE('',#6661,#6662);
#6661 = CARTESIAN_POINT('',(0.,0.));
#6662 = VECTOR('',#6663,1.);
#6663 = DIRECTION('',(0.,1.));
#6664 = ( GEOMETRIC_REPRESENTATION_CONTEXT(2) 
PARAMETRIC_REPRESENTATION_CONTEXT() REPRESENTATION_CONTEXT('2D SPACE',''
  ) );
#6665 = ORIENTED_EDGE('',*,*,#6531,.F.);
#6666 = ORIENTED_EDGE('',*,*,#5778,.F.);
#6667 = ADVANCED_FACE('',(#6668),#5845,.F.);
#6668 = FACE_BOUND('',#6669,.F.);
#6669 = EDGE_LOOP('',(#6670,#6693,#6721,#6742));
#6670 = ORIENTED_EDGE('',*,*,#6671,.F.);
#6671 = EDGE_CURVE('',#6672,#5808,#6674,.T.);
#6672 = VERTEX_POINT('',#6673);
#6673 = CARTESIAN_POINT('',(48.5,45.,10.));
#6674 = SURFACE_CURVE('',#6675,(#6679,#6686),.PCURVE_S1.);
#6675 = LINE('',#6676,#6677);
#6676 = CARTESIAN_POINT('',(50.,45.,10.));
#6677 = VECTOR('',#6678,1.);
#6678 = DIRECTION('',(-1.,0.,0.));
#6679 = PCURVE('',#5845,#6680);
#6680 = DEFINITIONAL_REPRESENTATION('',(#6681),#6685);
#6681 = LINE('',#6682,#6683);
#6682 = CARTESIAN_POINT('',(0.,-10.));
#6683 = VECTOR('',#6684,1.);
#6684 = DIRECTION('',(1.,0.));
#6685 = ( GEOMETRIC_REPRESENTATION_CONTEXT(2) 
PARAMETRIC_REPRESENTATION_CONTEXT() REPRESENTATION_CONTEXT('2D SPACE',''
  ) );
#6686 = PCURVE('',#5920,#6687);
#6687 = DEFINITIONAL_REPRESENTATION('',(#6688),#6692);
#6688 = LINE('',#6689,#6690);
#6689 = CARTESIAN_POINT('',(0.,0.));
#6690 = VECTOR('',#6691,1.);
#6691 = DIRECTION('',(0.,1.));
#6692 = ( GEOMETRIC_REPRESENTATION_CONTEXT(2) 
PARAMETRIC_REPRESENTATION_CONTEXT() REPRESENTATION_CONTEXT('2D SPACE',''
  ) );
#6693 = ORIENTED_EDGE('',*,*,#6694,.T.);
#6694 = EDGE_CURVE('',#6672,#6695,#6697,.T.);
#6695 = VERTEX_POINT('',#6696);
#6696 = CARTESIAN_POINT('',(48.5,45.,40.));
#6697 = SURFACE_CURVE('',#6698,(#6702,#6709),.PCURVE_S1.);
#6698 = LINE('',#6699,#6700);
#6699 = CARTESIAN_POINT('',(48.5,45.,10.));
#6700 = VECTOR('',#6701,1.);
#6701 = DIRECTION('',(0.,0.,1.));
#6702 = PCURVE('',#5845,#6703);
#6703 = DEFINITIONAL_REPRESENTATION('',(#6704),#6708);
#6704 = LINE('',#6705,#6706);
#6705 = CARTESIAN_POINT('',(1.5,-10.));
#6706 = VECTOR('',#6707,1.);
#6707 = DIRECTION('',(0.,-1.));
#6708 = ( GEOMETRIC_REPRESENTATION_CONTEXT(2) 
PARAMETRIC_REPRESENTATION_CONTEXT() REPRESENTATION_CONTEXT('2D SPACE',''
  ) );
#6709 = PCURVE('',#6710,#6715);
#6710 = CYLINDRICAL_SURFACE('',#6711,1.5);
#6711 = AXIS2_PLACEMENT_3D('',#6712,#6713,#6714);
#6712 = CARTESIAN_POINT('',(48.5,43.5,10.));
#6713 = DIRECTION('',(0.,0.,1.));
#6714 = DIRECTION('',(-0.,1.,0.));
#6715 = DEFINITIONAL_REPRESENTATION('',(#6716),#6720);
#6716 = LINE('',#6717,#6718);
#6717 = CARTESIAN_POINT('',(-0.,0.));
#6718 = VECTOR('',#6719,1.);
#6719 = DIRECTION('',(-0.,1.));
#6720 = ( GEOMETRIC_REPRESENTATION_CONTEXT(2) 
PARAMETRIC_REPRESENTATION_CONTEXT() REPRESENTATION_CONTEXT('2D SPACE',''
  ) );
#6721 = ORIENTED_EDGE('',*,*,#6722,.T.);
#6722 = EDGE_CURVE('',#6695,#5830,#6723,.T.);
#6723 = SURFACE_CURVE('',#6724,(#6728,#6735),.PCURVE_S1.);
#6724 = LINE('',#6725,#6726);
#6725 = CARTESIAN_POINT('',(50.,45.,40.));
#6726 = VECTOR('',#6727,1.);
#6727 = DIRECTION('',(-1.,0.,0.));
#6728 = PCURVE('',#5845,#6729);
#6729 = DEFINITIONAL_REPRESENTATION('',(#6730),#6734);
#6730 = LINE('',#6731,#6732);
#6731 = CARTESIAN_POINT('',(0.,-40.));
#6732 = VECTOR('',#6733,1.);
#6733 = DIRECTION('',(1.,0.));
#6734 = ( GEOMETRIC_REPRESENTATION_CONTEXT(2) 
PARAMETRIC_REPRESENTATION_CONTEXT() REPRESENTATION_CONTEXT('2D SPACE',''
  ) );
#6735 = PCURVE('',#5974,#6736);
#6736 = DEFINITIONAL_REPRESENTATION('',(#6737),#6741);
#6737 = LINE('',#6738,#6739);
#6738 = CARTESIAN_POINT('',(-0.,0.));
#6739 = VECTOR('',#6740,1.);
#6740 = DIRECTION('',(-0.,1.));
#6741 = ( GEOMETRIC_REPRESENTATION_CONTEXT(2) 
PARAMETRIC_REPRESENTATION_CONTEXT() REPRESENTATION_CONTEXT('2D SPACE',''
  ) );
#6742 = ORIENTED_EDGE('',*,*,#5829,.F.);
#6743 = ADVANCED_FACE('',(#6744),#5920,.T.);
#6744 = FACE_BOUND('',#6745,.T.);
#6745 = EDGE_LOOP('',(#6746,#6747,#6776,#6797));
#6746 = ORIENTED_EDGE('',*,*,#6671,.F.);
#6747 = ORIENTED_EDGE('',*,*,#6748,.F.);
#6748 = EDGE_CURVE('',#6749,#6672,#6751,.T.);
#6749 = VERTEX_POINT('',#6750);
#6750 = CARTESIAN_POINT('',(48.5,35.,-2.22044604925E-16));
#6751 = SURFACE_CURVE('',#6752,(#6757,#6764),.PCURVE_S1.);
#6752 = CIRCLE('',#6753,10.);
#6753 = AXIS2_PLACEMENT_3D('',#6754,#6755,#6756);
#6754 = CARTESIAN_POINT('',(48.5,35.,10.));
#6755 = DIRECTION('',(1.,-0.,0.));
#6756 = DIRECTION('',(0.,0.,-1.));
#6757 = PCURVE('',#5920,#6758);
#6758 = DEFINITIONAL_REPRESENTATION('',(#6759),#6763);
#6759 = LINE('',#6760,#6761);
#6760 = CARTESIAN_POINT('',(1.570796326795,1.5));
#6761 = VECTOR('',#6762,1.);
#6762 = DIRECTION('',(-1.,-0.));
#6763 = ( GEOMETRIC_REPRESENTATION_CONTEXT(2) 
PARAMETRIC_REPRESENTATION_CONTEXT() REPRESENTATION_CONTEXT('2D SPACE',''
  ) );
#6764 = PCURVE('',#6765,#6770);
#6765 = TOROIDAL_SURFACE('',#6766,8.5,1.5);
#6766 = AXIS2_PLACEMENT_3D('',#6767,#6768,#6769);
#6767 = CARTESIAN_POINT('',(48.5,35.,10.));
#6768 = DIRECTION('',(1.,-0.,-0.));
#6769 = DIRECTION('',(0.,0.,-1.));
#6770 = DEFINITIONAL_REPRESENTATION('',(#6771),#6775);
#6771 = LINE('',#6772,#6773);
#6772 = CARTESIAN_POINT('',(0.,0.));
#6773 = VECTOR('',#6774,1.);
#6774 = DIRECTION('',(1.,0.));
#6775 = ( GEOMETRIC_REPRESENTATION_CONTEXT(2) 
PARAMETRIC_REPRESENTATION_CONTEXT() REPRESENTATION_CONTEXT('2D SPACE',''
  ) );
#6776 = ORIENTED_EDGE('',*,*,#6777,.T.);
#6777 = EDGE_CURVE('',#6749,#5882,#6778,.T.);
#6778 = SURFACE_CURVE('',#6779,(#6783,#6790),.PCURVE_S1.);
#6779 = LINE('',#6780,#6781);
#6780 = CARTESIAN_POINT('',(50.,35.,-1.7763568394E-15));
#6781 = VECTOR('',#6782,1.);
#6782 = DIRECTION('',(-1.,0.,0.));
#6783 = PCURVE('',#5920,#6784);
#6784 = DEFINITIONAL_REPRESENTATION('',(#6785),#6789);
#6785 = LINE('',#6786,#6787);
#6786 = CARTESIAN_POINT('',(1.570796326795,0.));
#6787 = VECTOR('',#6788,1.);
#6788 = DIRECTION('',(0.,1.));
#6789 = ( GEOMETRIC_REPRESENTATION_CONTEXT(2) 
PARAMETRIC_REPRESENTATION_CONTEXT() REPRESENTATION_CONTEXT('2D SPACE',''
  ) );
#6790 = PCURVE('',#6025,#6791);
#6791 = DEFINITIONAL_REPRESENTATION('',(#6792),#6796);
#6792 = LINE('',#6793,#6794);
#6793 = CARTESIAN_POINT('',(50.,35.));
#6794 = VECTOR('',#6795,1.);
#6795 = DIRECTION('',(-1.,0.));
#6796 = ( GEOMETRIC_REPRESENTATION_CONTEXT(2) 
PARAMETRIC_REPRESENTATION_CONTEXT() REPRESENTATION_CONTEXT('2D SPACE',''
  ) );
#6797 = ORIENTED_EDGE('',*,*,#5905,.T.);
#6798 = ADVANCED_FACE('',(#6799),#5974,.T.);
#6799 = FACE_BOUND('',#6800,.F.);
#6800 = EDGE_LOOP('',(#6801,#6802,#6831,#6852));
#6801 = ORIENTED_EDGE('',*,*,#6722,.F.);
#6802 = ORIENTED_EDGE('',*,*,#6803,.T.);
#6803 = EDGE_CURVE('',#6695,#6804,#6806,.T.);
#6804 = VERTEX_POINT('',#6805);
#6805 = CARTESIAN_POINT('',(48.5,35.,50.));
#6806 = SURFACE_CURVE('',#6807,(#6812,#6819),.PCURVE_S1.);
#6807 = CIRCLE('',#6808,10.);
#6808 = AXIS2_PLACEMENT_3D('',#6809,#6810,#6811);
#6809 = CARTESIAN_POINT('',(48.5,35.,40.));
#6810 = DIRECTION('',(1.,0.,-0.));
#6811 = DIRECTION('',(0.,1.,0.));
#6812 = PCURVE('',#5974,#6813);
#6813 = DEFINITIONAL_REPRESENTATION('',(#6814),#6818);
#6814 = LINE('',#6815,#6816);
#6815 = CARTESIAN_POINT('',(-0.,1.5));
#6816 = VECTOR('',#6817,1.);
#6817 = DIRECTION('',(-1.,0.));
#6818 = ( GEOMETRIC_REPRESENTATION_CONTEXT(2) 
PARAMETRIC_REPRESENTATION_CONTEXT() REPRESENTATION_CONTEXT('2D SPACE',''
  ) );
#6819 = PCURVE('',#6820,#6825);
#6820 = TOROIDAL_SURFACE('',#6821,8.5,1.5);
#6821 = AXIS2_PLACEMENT_3D('',#6822,#6823,#6824);
#6822 = CARTESIAN_POINT('',(48.5,35.,40.));
#6823 = DIRECTION('',(1.,-0.,-0.));
#6824 = DIRECTION('',(0.,1.,0.));
#6825 = DEFINITIONAL_REPRESENTATION('',(#6826),#6830);
#6826 = LINE('',#6827,#6828);
#6827 = CARTESIAN_POINT('',(0.,0.));
#6828 = VECTOR('',#6829,1.);
#6829 = DIRECTION('',(1.,0.));
#6830 = ( GEOMETRIC_REPRESENTATION_CONTEXT(2) 
PARAMETRIC_REPRESENTATION_CONTEXT() REPRESENTATION_CONTEXT('2D SPACE',''
  ) );
#6831 = ORIENTED_EDGE('',*,*,#6832,.T.);
#6832 = EDGE_CURVE('',#6804,#5938,#6833,.T.);
#6833 = SURFACE_CURVE('',#6834,(#6838,#6845),.PCURVE_S1.);
#6834 = LINE('',#6835,#6836);
#6835 = CARTESIAN_POINT('',(50.,35.,50.));
#6836 = VECTOR('',#6837,1.);
#6837 = DIRECTION('',(-1.,0.,0.));
#6838 = PCURVE('',#5974,#6839);
#6839 = DEFINITIONAL_REPRESENTATION('',(#6840),#6844);
#6840 = LINE('',#6841,#6842);
#6841 = CARTESIAN_POINT('',(-1.570796326795,0.));
#6842 = VECTOR('',#6843,1.);
#6843 = DIRECTION('',(-0.,1.));
#6844 = ( GEOMETRIC_REPRESENTATION_CONTEXT(2) 
PARAMETRIC_REPRESENTATION_CONTEXT() REPRESENTATION_CONTEXT('2D SPACE',''
  ) );
#6845 = PCURVE('',#6059,#6846);
#6846 = DEFINITIONAL_REPRESENTATION('',(#6847),#6851);
#6847 = LINE('',#6848,#6849);
#6848 = CARTESIAN_POINT('',(50.,35.));
#6849 = VECTOR('',#6850,1.);
#6850 = DIRECTION('',(-1.,0.));
#6851 = ( GEOMETRIC_REPRESENTATION_CONTEXT(2) 
PARAMETRIC_REPRESENTATION_CONTEXT() REPRESENTATION_CONTEXT('2D SPACE',''
  ) );
#6852 = ORIENTED_EDGE('',*,*,#5959,.F.);
#6853 = ADVANCED_FACE('',(#6854),#6025,.F.);
#6854 = FACE_BOUND('',#6855,.F.);
#6855 = EDGE_LOOP('',(#6856,#6857,#6858,#6881));
#6856 = ORIENTED_EDGE('',*,*,#6777,.T.);
#6857 = ORIENTED_EDGE('',*,*,#6011,.F.);
#6858 = ORIENTED_EDGE('',*,*,#6859,.T.);
#6859 = EDGE_CURVE('',#5990,#6860,#6862,.T.);
#6860 = VERTEX_POINT('',#6861);
#6861 = CARTESIAN_POINT('',(48.5,-35.,-1.7763568394E-15));
#6862 = SURFACE_CURVE('',#6863,(#6867,#6874),.PCURVE_S1.);
#6863 = LINE('',#6864,#6865);
#6864 = CARTESIAN_POINT('',(-50.,-35.,-1.7763568394E-15));
#6865 = VECTOR('',#6866,1.);
#6866 = DIRECTION('',(1.,0.,0.));
#6867 = PCURVE('',#6025,#6868);
#6868 = DEFINITIONAL_REPRESENTATION('',(#6869),#6873);
#6869 = LINE('',#6870,#6871);
#6870 = CARTESIAN_POINT('',(-50.,-35.));
#6871 = VECTOR('',#6872,1.);
#6872 = DIRECTION('',(1.,0.));
#6873 = ( GEOMETRIC_REPRESENTATION_CONTEXT(2) 
PARAMETRIC_REPRESENTATION_CONTEXT() REPRESENTATION_CONTEXT('2D SPACE',''
  ) );
#6874 = PCURVE('',#6134,#6875);
#6875 = DEFINITIONAL_REPRESENTATION('',(#6876),#6880);
#6876 = LINE('',#6877,#6878);
#6877 = CARTESIAN_POINT('',(-0.,0.));
#6878 = VECTOR('',#6879,1.);
#6879 = DIRECTION('',(-0.,1.));
#6880 = ( GEOMETRIC_REPRESENTATION_CONTEXT(2) 
PARAMETRIC_REPRESENTATION_CONTEXT() REPRESENTATION_CONTEXT('2D SPACE',''
  ) );
#6881 = ORIENTED_EDGE('',*,*,#6882,.T.);
#6882 = EDGE_CURVE('',#6860,#6749,#6883,.T.);
#6883 = SURFACE_CURVE('',#6884,(#6888,#6895),.PCURVE_S1.);
#6884 = LINE('',#6885,#6886);
#6885 = CARTESIAN_POINT('',(48.5,-35.,-2.22044604925E-16));
#6886 = VECTOR('',#6887,1.);
#6887 = DIRECTION('',(0.,1.,0.));
#6888 = PCURVE('',#6025,#6889);
#6889 = DEFINITIONAL_REPRESENTATION('',(#6890),#6894);
#6890 = LINE('',#6891,#6892);
#6891 = CARTESIAN_POINT('',(48.5,-35.));
#6892 = VECTOR('',#6893,1.);
#6893 = DIRECTION('',(0.,1.));
#6894 = ( GEOMETRIC_REPRESENTATION_CONTEXT(2) 
PARAMETRIC_REPRESENTATION_CONTEXT() REPRESENTATION_CONTEXT('2D SPACE',''
  ) );
#6895 = PCURVE('',#6896,#6901);
#6896 = CYLINDRICAL_SURFACE('',#6897,1.5);
#6897 = AXIS2_PLACEMENT_3D('',#6898,#6899,#6900);
#6898 = CARTESIAN_POINT('',(48.5,-35.,1.5));
#6899 = DIRECTION('',(0.,1.,0.));
#6900 = DIRECTION('',(0.,0.,-1.));
#6901 = DEFINITIONAL_REPRESENTATION('',(#6902),#6906);
#6902 = LINE('',#6903,#6904);
#6903 = CARTESIAN_POINT('',(-0.,0.));
#6904 = VECTOR('',#6905,1.);
#6905 = DIRECTION('',(-0.,1.));
#6906 = ( GEOMETRIC_REPRESENTATION_CONTEXT(2) 
PARAMETRIC_REPRESENTATION_CONTEXT() REPRESENTATION_CONTEXT('2D SPACE',''
  ) );
#6907 = ADVANCED_FACE('',(#6908),#6059,.T.);
#6908 = FACE_BOUND('',#6909,.T.);
#6909 = EDGE_LOOP('',(#6910,#6911,#6912,#6935));
#6910 = ORIENTED_EDGE('',*,*,#6832,.T.);
#6911 = ORIENTED_EDGE('',*,*,#6043,.T.);
#6912 = ORIENTED_EDGE('',*,*,#6913,.T.);
#6913 = EDGE_CURVE('',#6044,#6914,#6916,.T.);
#6914 = VERTEX_POINT('',#6915);
#6915 = CARTESIAN_POINT('',(48.5,-35.,50.));
#6916 = SURFACE_CURVE('',#6917,(#6921,#6928),.PCURVE_S1.);
#6917 = LINE('',#6918,#6919);
#6918 = CARTESIAN_POINT('',(-50.,-35.,50.));
#6919 = VECTOR('',#6920,1.);
#6920 = DIRECTION('',(1.,0.,0.));
#6921 = PCURVE('',#6059,#6922);
#6922 = DEFINITIONAL_REPRESENTATION('',(#6923),#6927);
#6923 = LINE('',#6924,#6925);
#6924 = CARTESIAN_POINT('',(-50.,-35.));
#6925 = VECTOR('',#6926,1.);
#6926 = DIRECTION('',(1.,0.));
#6927 = ( GEOMETRIC_REPRESENTATION_CONTEXT(2) 
PARAMETRIC_REPRESENTATION_CONTEXT() REPRESENTATION_CONTEXT('2D SPACE',''
  ) );
#6928 = PCURVE('',#6188,#6929);
#6929 = DEFINITIONAL_REPRESENTATION('',(#6930),#6934);
#6930 = LINE('',#6931,#6932);
#6931 = CARTESIAN_POINT('',(0.,0.));
#6932 = VECTOR('',#6933,1.);
#6933 = DIRECTION('',(0.,1.));
#6934 = ( GEOMETRIC_REPRESENTATION_CONTEXT(2) 
PARAMETRIC_REPRESENTATION_CONTEXT() REPRESENTATION_CONTEXT('2D SPACE',''
  ) );
#6935 = ORIENTED_EDGE('',*,*,#6936,.F.);
#6936 = EDGE_CURVE('',#6804,#6914,#6937,.T.);
#6937 = SURFACE_CURVE('',#6938,(#6942,#6949),.PCURVE_S1.);
#6938 = LINE('',#6939,#6940);
#6939 = CARTESIAN_POINT('',(48.5,35.,50.));
#6940 = VECTOR('',#6941,1.);
#6941 = DIRECTION('',(-0.,-1.,-0.));
#6942 = PCURVE('',#6059,#6943);
#6943 = DEFINITIONAL_REPRESENTATION('',(#6944),#6948);
#6944 = LINE('',#6945,#6946);
#6945 = CARTESIAN_POINT('',(48.5,35.));
#6946 = VECTOR('',#6947,1.);
#6947 = DIRECTION('',(0.,-1.));
#6948 = ( GEOMETRIC_REPRESENTATION_CONTEXT(2) 
PARAMETRIC_REPRESENTATION_CONTEXT() REPRESENTATION_CONTEXT('2D SPACE',''
  ) );
#6949 = PCURVE('',#6950,#6955);
#6950 = CYLINDRICAL_SURFACE('',#6951,1.5);
#6951 = AXIS2_PLACEMENT_3D('',#6952,#6953,#6954);
#6952 = CARTESIAN_POINT('',(48.5,35.,48.5));
#6953 = DIRECTION('',(-0.,-1.,-0.));
#6954 = DIRECTION('',(0.,0.,1.));
#6955 = DEFINITIONAL_REPRESENTATION('',(#6956),#6960);
#6956 = LINE('',#6957,#6958);
#6957 = CARTESIAN_POINT('',(-0.,0.));
#6958 = VECTOR('',#6959,1.);
#6959 = DIRECTION('',(-0.,1.));
#6960 = ( GEOMETRIC_REPRESENTATION_CONTEXT(2) 
PARAMETRIC_REPRESENTATION_CONTEXT() REPRESENTATION_CONTEXT('2D SPACE',''
  ) );
#6961 = ADVANCED_FACE('',(#6962),#6134,.T.);
#6962 = FACE_BOUND('',#6963,.F.);
#6963 = EDGE_LOOP('',(#6964,#6965,#6966,#6989));
#6964 = ORIENTED_EDGE('',*,*,#6859,.F.);
#6965 = ORIENTED_EDGE('',*,*,#6119,.F.);
#6966 = ORIENTED_EDGE('',*,*,#6967,.T.);
#6967 = EDGE_CURVE('',#6096,#6968,#6970,.T.);
#6968 = VERTEX_POINT('',#6969);
#6969 = CARTESIAN_POINT('',(48.5,-45.,10.));
#6970 = SURFACE_CURVE('',#6971,(#6975,#6982),.PCURVE_S1.);
#6971 = LINE('',#6972,#6973);
#6972 = CARTESIAN_POINT('',(-50.,-45.,10.));
#6973 = VECTOR('',#6974,1.);
#6974 = DIRECTION('',(1.,0.,0.));
#6975 = PCURVE('',#6134,#6976);
#6976 = DEFINITIONAL_REPRESENTATION('',(#6977),#6981);
#6977 = LINE('',#6978,#6979);
#6978 = CARTESIAN_POINT('',(-1.570796326795,0.));
#6979 = VECTOR('',#6980,1.);
#6980 = DIRECTION('',(-0.,1.));
#6981 = ( GEOMETRIC_REPRESENTATION_CONTEXT(2) 
PARAMETRIC_REPRESENTATION_CONTEXT() REPRESENTATION_CONTEXT('2D SPACE',''
  ) );
#6982 = PCURVE('',#6218,#6983);
#6983 = DEFINITIONAL_REPRESENTATION('',(#6984),#6988);
#6984 = LINE('',#6985,#6986);
#6985 = CARTESIAN_POINT('',(0.,-10.));
#6986 = VECTOR('',#6987,1.);
#6987 = DIRECTION('',(1.,0.));
#6988 = ( GEOMETRIC_REPRESENTATION_CONTEXT(2) 
PARAMETRIC_REPRESENTATION_CONTEXT() REPRESENTATION_CONTEXT('2D SPACE',''
  ) );
#6989 = ORIENTED_EDGE('',*,*,#6990,.T.);
#6990 = EDGE_CURVE('',#6968,#6860,#6991,.T.);
#6991 = SURFACE_CURVE('',#6992,(#6997,#7004),.PCURVE_S1.);
#6992 = CIRCLE('',#6993,10.);
#6993 = AXIS2_PLACEMENT_3D('',#6994,#6995,#6996);
#6994 = CARTESIAN_POINT('',(48.5,-35.,10.));
#6995 = DIRECTION('',(1.,-0.,0.));
#6996 = DIRECTION('',(-0.,-1.,-1.7763568394E-16));
#6997 = PCURVE('',#6134,#6998);
#6998 = DEFINITIONAL_REPRESENTATION('',(#6999),#7003);
#6999 = LINE('',#7000,#7001);
#7000 = CARTESIAN_POINT('',(-1.570796326795,98.5));
#7001 = VECTOR('',#7002,1.);
#7002 = DIRECTION('',(1.,-0.));
#7003 = ( GEOMETRIC_REPRESENTATION_CONTEXT(2) 
PARAMETRIC_REPRESENTATION_CONTEXT() REPRESENTATION_CONTEXT('2D SPACE',''
  ) );
#7004 = PCURVE('',#7005,#7010);
#7005 = TOROIDAL_SURFACE('',#7006,8.5,1.5);
#7006 = AXIS2_PLACEMENT_3D('',#7007,#7008,#7009);
#7007 = CARTESIAN_POINT('',(48.5,-35.,10.));
#7008 = DIRECTION('',(1.,-0.,-0.));
#7009 = DIRECTION('',(-0.,-1.,-1.7763568394E-16));
#7010 = DEFINITIONAL_REPRESENTATION('',(#7011),#7015);
#7011 = LINE('',#7012,#7013);
#7012 = CARTESIAN_POINT('',(0.,0.));
#7013 = VECTOR('',#7014,1.);
#7014 = DIRECTION('',(1.,0.));
#7015 = ( GEOMETRIC_REPRESENTATION_CONTEXT(2) 
PARAMETRIC_REPRESENTATION_CONTEXT() REPRESENTATION_CONTEXT('2D SPACE',''
  ) );
#7016 = ADVANCED_FACE('',(#7017),#6188,.T.);
#7017 = FACE_BOUND('',#7018,.T.);
#7018 = EDGE_LOOP('',(#7019,#7020,#7021,#7044));
#7019 = ORIENTED_EDGE('',*,*,#6913,.F.);
#7020 = ORIENTED_EDGE('',*,*,#6173,.T.);
#7021 = ORIENTED_EDGE('',*,*,#7022,.T.);
#7022 = EDGE_CURVE('',#6152,#7023,#7025,.T.);
#7023 = VERTEX_POINT('',#7024);
#7024 = CARTESIAN_POINT('',(48.5,-45.,40.));
#7025 = SURFACE_CURVE('',#7026,(#7030,#7037),.PCURVE_S1.);
#7026 = LINE('',#7027,#7028);
#7027 = CARTESIAN_POINT('',(-50.,-45.,40.));
#7028 = VECTOR('',#7029,1.);
#7029 = DIRECTION('',(1.,0.,0.));
#7030 = PCURVE('',#6188,#7031);
#7031 = DEFINITIONAL_REPRESENTATION('',(#7032),#7036);
#7032 = LINE('',#7033,#7034);
#7033 = CARTESIAN_POINT('',(1.570796326795,0.));
#7034 = VECTOR('',#7035,1.);
#7035 = DIRECTION('',(0.,1.));
#7036 = ( GEOMETRIC_REPRESENTATION_CONTEXT(2) 
PARAMETRIC_REPRESENTATION_CONTEXT() REPRESENTATION_CONTEXT('2D SPACE',''
  ) );
#7037 = PCURVE('',#6218,#7038);
#7038 = DEFINITIONAL_REPRESENTATION('',(#7039),#7043);
#7039 = LINE('',#7040,#7041);
#7040 = CARTESIAN_POINT('',(0.,-40.));
#7041 = VECTOR('',#7042,1.);
#7042 = DIRECTION('',(1.,0.));
#7043 = ( GEOMETRIC_REPRESENTATION_CONTEXT(2) 
PARAMETRIC_REPRESENTATION_CONTEXT() REPRESENTATION_CONTEXT('2D SPACE',''
  ) );
#7044 = ORIENTED_EDGE('',*,*,#7045,.F.);
#7045 = EDGE_CURVE('',#6914,#7023,#7046,.T.);
#7046 = SURFACE_CURVE('',#7047,(#7052,#7059),.PCURVE_S1.);
#7047 = CIRCLE('',#7048,10.);
#7048 = AXIS2_PLACEMENT_3D('',#7049,#7050,#7051);
#7049 = CARTESIAN_POINT('',(48.5,-35.,40.));
#7050 = DIRECTION('',(1.,0.,-0.));
#7051 = DIRECTION('',(0.,0.,1.));
#7052 = PCURVE('',#6188,#7053);
#7053 = DEFINITIONAL_REPRESENTATION('',(#7054),#7058);
#7054 = LINE('',#7055,#7056);
#7055 = CARTESIAN_POINT('',(0.,98.5));
#7056 = VECTOR('',#7057,1.);
#7057 = DIRECTION('',(1.,0.));
#7058 = ( GEOMETRIC_REPRESENTATION_CONTEXT(2) 
PARAMETRIC_REPRESENTATION_CONTEXT() REPRESENTATION_CONTEXT('2D SPACE',''
  ) );
#7059 = PCURVE('',#7060,#7065);
#7060 = TOROIDAL_SURFACE('',#7061,8.5,1.5);
#7061 = AXIS2_PLACEMENT_3D('',#7062,#7063,#7064);
#7062 = CARTESIAN_POINT('',(48.5,-35.,40.));
#7063 = DIRECTION('',(1.,-0.,-0.));
#7064 = DIRECTION('',(0.,0.,1.));
#7065 = DEFINITIONAL_REPRESENTATION('',(#7066),#7070);
#7066 = LINE('',#7067,#7068);
#7067 = CARTESIAN_POINT('',(0.,0.));
#7068 = VECTOR('',#7069,1.);
#7069 = DIRECTION('',(1.,0.));
#7070 = ( GEOMETRIC_REPRESENTATION_CONTEXT(2) 
PARAMETRIC_REPRESENTATION_CONTEXT() REPRESENTATION_CONTEXT('2D SPACE',''
  ) );
#7071 = ADVANCED_FACE('',(#7072),#6218,.F.);
#7072 = FACE_BOUND('',#7073,.F.);
#7073 = EDGE_LOOP('',(#7074,#7075,#7076,#7077));
#7074 = ORIENTED_EDGE('',*,*,#6967,.F.);
#7075 = ORIENTED_EDGE('',*,*,#6204,.F.);
#7076 = ORIENTED_EDGE('',*,*,#7022,.T.);
#7077 = ORIENTED_EDGE('',*,*,#7078,.T.);
#7078 = EDGE_CURVE('',#7023,#6968,#7079,.T.);
#7079 = SURFACE_CURVE('',#7080,(#7084,#7091),.PCURVE_S1.);
#7080 = LINE('',#7081,#7082);
#7081 = CARTESIAN_POINT('',(48.5,-45.,40.));
#7082 = VECTOR('',#7083,1.);
#7083 = DIRECTION('',(-0.,-0.,-1.));
#7084 = PCURVE('',#6218,#7085);
#7085 = DEFINITIONAL_REPRESENTATION('',(#7086),#7090);
#7086 = LINE('',#7087,#7088);
#7087 = CARTESIAN_POINT('',(98.5,-40.));
#7088 = VECTOR('',#7089,1.);
#7089 = DIRECTION('',(-0.,1.));
#7090 = ( GEOMETRIC_REPRESENTATION_CONTEXT(2) 
PARAMETRIC_REPRESENTATION_CONTEXT() REPRESENTATION_CONTEXT('2D SPACE',''
  ) );
#7091 = PCURVE('',#7092,#7097);
#7092 = CYLINDRICAL_SURFACE('',#7093,1.5);
#7093 = AXIS2_PLACEMENT_3D('',#7094,#7095,#7096);
#7094 = CARTESIAN_POINT('',(48.5,-43.5,40.));
#7095 = DIRECTION('',(-0.,-0.,-1.));
#7096 = DIRECTION('',(0.,-1.,0.));
#7097 = DEFINITIONAL_REPRESENTATION('',(#7098),#7102);
#7098 = LINE('',#7099,#7100);
#7099 = CARTESIAN_POINT('',(-0.,0.));
#7100 = VECTOR('',#7101,1.);
#7101 = DIRECTION('',(-0.,1.));
#7102 = ( GEOMETRIC_REPRESENTATION_CONTEXT(2) 
PARAMETRIC_REPRESENTATION_CONTEXT() REPRESENTATION_CONTEXT('2D SPACE',''
  ) );
#7103 = ADVANCED_FACE('',(#7104),#6274,.T.);
#7104 = FACE_BOUND('',#7105,.T.);
#7105 = EDGE_LOOP('',(#7106,#7128,#7156,#7176));
#7106 = ORIENTED_EDGE('',*,*,#7107,.T.);
#7107 = EDGE_CURVE('',#6236,#7108,#7110,.T.);
#7108 = VERTEX_POINT('',#7109);
#7109 = CARTESIAN_POINT('',(50.,30.,47.999999981854));
#7110 = SURFACE_CURVE('',#7111,(#7116,#7122),.PCURVE_S1.);
#7111 = CIRCLE('',#7112,3.);
#7112 = AXIS2_PLACEMENT_3D('',#7113,#7114,#7115);
#7113 = CARTESIAN_POINT('',(47.,30.,47.999999981854));
#7114 = DIRECTION('',(0.,-1.,0.));
#7115 = DIRECTION('',(0.,0.,-1.));
#7116 = PCURVE('',#6274,#7117);
#7117 = DEFINITIONAL_REPRESENTATION('',(#7118),#7121);
#7118 = B_SPLINE_CURVE_WITH_KNOTS('',1,(#7119,#7120),.UNSPECIFIED.,.F.,
  .F.,(2,2),(0.,1.570796326795),.PIECEWISE_BEZIER_KNOTS.);
#7119 = CARTESIAN_POINT('',(0.,0.));
#7120 = CARTESIAN_POINT('',(1.570796326795,0.));
#7121 = ( GEOMETRIC_REPRESENTATION_CONTEXT(2) 
PARAMETRIC_REPRESENTATION_CONTEXT() REPRESENTATION_CONTEXT('2D SPACE',''
  ) );
#7122 = PCURVE('',#6351,#7123);
#7123 = DEFINITIONAL_REPRESENTATION('',(#7124),#7127);
#7124 = B_SPLINE_CURVE_WITH_KNOTS('',1,(#7125,#7126),.UNSPECIFIED.,.F.,
  .F.,(2,2),(0.,1.570796326795),.PIECEWISE_BEZIER_KNOTS.);
#7125 = CARTESIAN_POINT('',(-1.570796326795,3.14159265359));
#7126 = CARTESIAN_POINT('',(-1.570796326795,4.712388980385));
#7127 = ( GEOMETRIC_REPRESENTATION_CONTEXT(2) 
PARAMETRIC_REPRESENTATION_CONTEXT() REPRESENTATION_CONTEXT('2D SPACE',''
  ) );
#7128 = ORIENTED_EDGE('',*,*,#7129,.T.);
#7129 = EDGE_CURVE('',#7108,#7130,#7132,.T.);
#7130 = VERTEX_POINT('',#7131);
#7131 = CARTESIAN_POINT('',(50.,-30.,47.999999981854));
#7132 = SURFACE_CURVE('',#7133,(#7137,#7144),.PCURVE_S1.);
#7133 = LINE('',#7134,#7135);
#7134 = CARTESIAN_POINT('',(50.,30.,47.999999981854));
#7135 = VECTOR('',#7136,1.);
#7136 = DIRECTION('',(0.,-1.,0.));
#7137 = PCURVE('',#6274,#7138);
#7138 = DEFINITIONAL_REPRESENTATION('',(#7139),#7143);
#7139 = LINE('',#7140,#7141);
#7140 = CARTESIAN_POINT('',(1.570796326795,0.));
#7141 = VECTOR('',#7142,1.);
#7142 = DIRECTION('',(0.,1.));
#7143 = ( GEOMETRIC_REPRESENTATION_CONTEXT(2) 
PARAMETRIC_REPRESENTATION_CONTEXT() REPRESENTATION_CONTEXT('2D SPACE',''
  ) );
#7144 = PCURVE('',#7145,#7150);
#7145 = PLANE('',#7146);
#7146 = AXIS2_PLACEMENT_3D('',#7147,#7148,#7149);
#7147 = CARTESIAN_POINT('',(50.,-45.,0.));
#7148 = DIRECTION('',(-1.,0.,0.));
#7149 = DIRECTION('',(0.,1.,0.));
#7150 = DEFINITIONAL_REPRESENTATION('',(#7151),#7155);
#7151 = LINE('',#7152,#7153);
#7152 = CARTESIAN_POINT('',(75.,-47.99999998185));
#7153 = VECTOR('',#7154,1.);
#7154 = DIRECTION('',(-1.,0.));
#7155 = ( GEOMETRIC_REPRESENTATION_CONTEXT(2) 
PARAMETRIC_REPRESENTATION_CONTEXT() REPRESENTATION_CONTEXT('2D SPACE',''
  ) );
#7156 = ORIENTED_EDGE('',*,*,#7157,.F.);
#7157 = EDGE_CURVE('',#6259,#7130,#7158,.T.);
#7158 = SURFACE_CURVE('',#7159,(#7164,#7170),.PCURVE_S1.);
#7159 = CIRCLE('',#7160,3.);
#7160 = AXIS2_PLACEMENT_3D('',#7161,#7162,#7163);
#7161 = CARTESIAN_POINT('',(47.,-30.,47.999999981854));
#7162 = DIRECTION('',(0.,-1.,0.));
#7163 = DIRECTION('',(0.,0.,-1.));
#7164 = PCURVE('',#6274,#7165);
#7165 = DEFINITIONAL_REPRESENTATION('',(#7166),#7169);
#7166 = B_SPLINE_CURVE_WITH_KNOTS('',1,(#7167,#7168),.UNSPECIFIED.,.F.,
  .F.,(2,2),(0.,1.570796326795),.PIECEWISE_BEZIER_KNOTS.);
#7167 = CARTESIAN_POINT('',(0.,60.));
#7168 = CARTESIAN_POINT('',(1.570796326795,60.));
#7169 = ( GEOMETRIC_REPRESENTATION_CONTEXT(2) 
PARAMETRIC_REPRESENTATION_CONTEXT() REPRESENTATION_CONTEXT('2D SPACE',''
  ) );
#7170 = PCURVE('',#6406,#7171);
#7171 = DEFINITIONAL_REPRESENTATION('',(#7172),#7175);
#7172 = B_SPLINE_CURVE_WITH_KNOTS('',1,(#7173,#7174),.UNSPECIFIED.,.F.,
  .F.,(2,2),(0.,1.570796326795),.PIECEWISE_BEZIER_KNOTS.);
#7173 = CARTESIAN_POINT('',(2.22044604925E-16,3.14159265359));
#7174 = CARTESIAN_POINT('',(2.22044604925E-16,4.712388980385));
#7175 = ( GEOMETRIC_REPRESENTATION_CONTEXT(2) 
PARAMETRIC_REPRESENTATION_CONTEXT() REPRESENTATION_CONTEXT('2D SPACE',''
  ) );
#7176 = ORIENTED_EDGE('',*,*,#6258,.F.);
#7177 = ADVANCED_FACE('',(#7178),#6351,.T.);
#7178 = FACE_BOUND('',#7179,.F.);
#7179 = EDGE_LOOP('',(#7180,#7202,#7203,#7204));
#7180 = ORIENTED_EDGE('',*,*,#7181,.F.);
#7181 = EDGE_CURVE('',#6312,#7182,#7184,.T.);
#7182 = VERTEX_POINT('',#7183);
#7183 = CARTESIAN_POINT('',(50.,43.,34.999999981854));
#7184 = SURFACE_CURVE('',#7185,(#7190,#7196),.PCURVE_S1.);
#7185 = CIRCLE('',#7186,3.);
#7186 = AXIS2_PLACEMENT_3D('',#7187,#7188,#7189);
#7187 = CARTESIAN_POINT('',(47.,43.,34.999999981854));
#7188 = DIRECTION('',(0.,0.,1.));
#7189 = DIRECTION('',(0.,-1.,0.));
#7190 = PCURVE('',#6351,#7191);
#7191 = DEFINITIONAL_REPRESENTATION('',(#7192),#7195);
#7192 = B_SPLINE_CURVE_WITH_KNOTS('',1,(#7193,#7194),.UNSPECIFIED.,.F.,
  .F.,(2,2),(0.,1.570796326795),.PIECEWISE_BEZIER_KNOTS.);
#7193 = CARTESIAN_POINT('',(0.,3.14159265359));
#7194 = CARTESIAN_POINT('',(0.,4.712388980385));
#7195 = ( GEOMETRIC_REPRESENTATION_CONTEXT(2) 
PARAMETRIC_REPRESENTATION_CONTEXT() REPRESENTATION_CONTEXT('2D SPACE',''
  ) );
#7196 = PCURVE('',#6458,#7197);
#7197 = DEFINITIONAL_REPRESENTATION('',(#7198),#7201);
#7198 = B_SPLINE_CURVE_WITH_KNOTS('',1,(#7199,#7200),.UNSPECIFIED.,.F.,
  .F.,(2,2),(0.,1.570796326795),.PIECEWISE_BEZIER_KNOTS.);
#7199 = CARTESIAN_POINT('',(0.,20.));
#7200 = CARTESIAN_POINT('',(1.570796326795,20.));
#7201 = ( GEOMETRIC_REPRESENTATION_CONTEXT(2) 
PARAMETRIC_REPRESENTATION_CONTEXT() REPRESENTATION_CONTEXT('2D SPACE',''
  ) );
#7202 = ORIENTED_EDGE('',*,*,#6336,.T.);
#7203 = ORIENTED_EDGE('',*,*,#7107,.T.);
#7204 = ORIENTED_EDGE('',*,*,#7205,.F.);
#7205 = EDGE_CURVE('',#7182,#7108,#7206,.T.);
#7206 = SURFACE_CURVE('',#7207,(#7212,#7219),.PCURVE_S1.);
#7207 = CIRCLE('',#7208,13.);
#7208 = AXIS2_PLACEMENT_3D('',#7209,#7210,#7211);
#7209 = CARTESIAN_POINT('',(50.,30.,34.999999981854));
#7210 = DIRECTION('',(1.,0.,-0.));
#7211 = DIRECTION('',(0.,1.,0.));
#7212 = PCURVE('',#6351,#7213);
#7213 = DEFINITIONAL_REPRESENTATION('',(#7214),#7218);
#7214 = LINE('',#7215,#7216);
#7215 = CARTESIAN_POINT('',(-0.,4.712388980385));
#7216 = VECTOR('',#7217,1.);
#7217 = DIRECTION('',(-1.,0.));
#7218 = ( GEOMETRIC_REPRESENTATION_CONTEXT(2) 
PARAMETRIC_REPRESENTATION_CONTEXT() REPRESENTATION_CONTEXT('2D SPACE',''
  ) );
#7219 = PCURVE('',#7145,#7220);
#7220 = DEFINITIONAL_REPRESENTATION('',(#7221),#7229);
#7221 = ( BOUNDED_CURVE() B_SPLINE_CURVE(2,(#7222,#7223,#7224,#7225,
#7226,#7227,#7228),.UNSPECIFIED.,.T.,.F.) B_SPLINE_CURVE_WITH_KNOTS((1,2
    ,2,2,2,1),(-2.094395102393,0.,2.094395102393,4.188790204786,
6.28318530718,8.377580409573),.UNSPECIFIED.) CURVE() 
GEOMETRIC_REPRESENTATION_ITEM() RATIONAL_B_SPLINE_CURVE((1.,0.5,1.,0.5,
1.,0.5,1.)) REPRESENTATION_ITEM('') );
#7222 = CARTESIAN_POINT('',(88.,-34.99999998185));
#7223 = CARTESIAN_POINT('',(88.,-57.51666048025));
#7224 = CARTESIAN_POINT('',(68.5,-46.25833023105));
#7225 = CARTESIAN_POINT('',(49.,-34.99999998185));
#7226 = CARTESIAN_POINT('',(68.5,-23.74166973265));
#7227 = CARTESIAN_POINT('',(88.,-12.48333948345));
#7228 = CARTESIAN_POINT('',(88.,-34.99999998185));
#7229 = ( GEOMETRIC_REPRESENTATION_CONTEXT(2) 
PARAMETRIC_REPRESENTATION_CONTEXT() REPRESENTATION_CONTEXT('2D SPACE',''
  ) );
#7230 = ADVANCED_FACE('',(#7231),#6406,.T.);
#7231 = FACE_BOUND('',#7232,.F.);
#7232 = EDGE_LOOP('',(#7233,#7234,#7235,#7257));
#7233 = ORIENTED_EDGE('',*,*,#7157,.F.);
#7234 = ORIENTED_EDGE('',*,*,#6391,.T.);
#7235 = ORIENTED_EDGE('',*,*,#7236,.T.);
#7236 = EDGE_CURVE('',#6367,#7237,#7239,.T.);
#7237 = VERTEX_POINT('',#7238);
#7238 = CARTESIAN_POINT('',(50.,-43.,34.999999981854));
#7239 = SURFACE_CURVE('',#7240,(#7245,#7251),.PCURVE_S1.);
#7240 = CIRCLE('',#7241,3.);
#7241 = AXIS2_PLACEMENT_3D('',#7242,#7243,#7244);
#7242 = CARTESIAN_POINT('',(47.,-43.,34.999999981854));
#7243 = DIRECTION('',(0.,7.199442299765E-17,-1.));
#7244 = DIRECTION('',(0.,-1.,-7.199442299765E-17));
#7245 = PCURVE('',#6406,#7246);
#7246 = DEFINITIONAL_REPRESENTATION('',(#7247),#7250);
#7247 = B_SPLINE_CURVE_WITH_KNOTS('',1,(#7248,#7249),.UNSPECIFIED.,.F.,
  .F.,(2,2),(3.14159265359,4.712388980385),.PIECEWISE_BEZIER_KNOTS.);
#7248 = CARTESIAN_POINT('',(-1.570796326795,3.14159265359));
#7249 = CARTESIAN_POINT('',(-1.570796326795,4.712388980385));
#7250 = ( GEOMETRIC_REPRESENTATION_CONTEXT(2) 
PARAMETRIC_REPRESENTATION_CONTEXT() REPRESENTATION_CONTEXT('2D SPACE',''
  ) );
#7251 = PCURVE('',#6492,#7252);
#7252 = DEFINITIONAL_REPRESENTATION('',(#7253),#7256);
#7253 = B_SPLINE_CURVE_WITH_KNOTS('',1,(#7254,#7255),.UNSPECIFIED.,.F.,
  .F.,(2,2),(3.14159265359,4.712388980385),.PIECEWISE_BEZIER_KNOTS.);
#7254 = CARTESIAN_POINT('',(0.,0.));
#7255 = CARTESIAN_POINT('',(1.570796326795,0.));
#7256 = ( GEOMETRIC_REPRESENTATION_CONTEXT(2) 
PARAMETRIC_REPRESENTATION_CONTEXT() REPRESENTATION_CONTEXT('2D SPACE',''
  ) );
#7257 = ORIENTED_EDGE('',*,*,#7258,.F.);
#7258 = EDGE_CURVE('',#7130,#7237,#7259,.T.);
#7259 = SURFACE_CURVE('',#7260,(#7265,#7272),.PCURVE_S1.);
#7260 = CIRCLE('',#7261,13.);
#7261 = AXIS2_PLACEMENT_3D('',#7262,#7263,#7264);
#7262 = CARTESIAN_POINT('',(50.,-30.,34.999999981854));
#7263 = DIRECTION('',(1.,0.,-0.));
#7264 = DIRECTION('',(0.,-3.552713678801E-16,1.));
#7265 = PCURVE('',#6406,#7266);
#7266 = DEFINITIONAL_REPRESENTATION('',(#7267),#7271);
#7267 = LINE('',#7268,#7269);
#7268 = CARTESIAN_POINT('',(-0.,4.712388980385));
#7269 = VECTOR('',#7270,1.);
#7270 = DIRECTION('',(-1.,0.));
#7271 = ( GEOMETRIC_REPRESENTATION_CONTEXT(2) 
PARAMETRIC_REPRESENTATION_CONTEXT() REPRESENTATION_CONTEXT('2D SPACE',''
  ) );
#7272 = PCURVE('',#7145,#7273);
#7273 = DEFINITIONAL_REPRESENTATION('',(#7274),#7282);
#7274 = ( BOUNDED_CURVE() B_SPLINE_CURVE(2,(#7275,#7276,#7277,#7278,
#7279,#7280,#7281),.UNSPECIFIED.,.T.,.F.) B_SPLINE_CURVE_WITH_KNOTS((1,2
    ,2,2,2,1),(-2.094395102393,0.,2.094395102393,4.188790204786,
6.28318530718,8.377580409573),.UNSPECIFIED.) CURVE() 
GEOMETRIC_REPRESENTATION_ITEM() RATIONAL_B_SPLINE_CURVE((1.,0.5,1.,0.5,
1.,0.5,1.)) REPRESENTATION_ITEM('') );
#7275 = CARTESIAN_POINT('',(15.,-47.99999998185));
#7276 = CARTESIAN_POINT('',(-7.516660498395,-47.99999998185));
#7277 = CARTESIAN_POINT('',(3.741669750802,-28.49999998185));
#7278 = CARTESIAN_POINT('',(15.,-8.999999981854));
#7279 = CARTESIAN_POINT('',(26.258330249198,-28.49999998185));
#7280 = CARTESIAN_POINT('',(37.516660498395,-47.99999998185));
#7281 = CARTESIAN_POINT('',(15.,-47.99999998185));
#7282 = ( GEOMETRIC_REPRESENTATION_CONTEXT(2) 
PARAMETRIC_REPRESENTATION_CONTEXT() REPRESENTATION_CONTEXT('2D SPACE',''
  ) );
#7283 = ADVANCED_FACE('',(#7284),#6458,.T.);
#7284 = FACE_BOUND('',#7285,.T.);
#7285 = EDGE_LOOP('',(#7286,#7308,#7329,#7330));
#7286 = ORIENTED_EDGE('',*,*,#7287,.T.);
#7287 = EDGE_CURVE('',#6422,#7288,#7290,.T.);
#7288 = VERTEX_POINT('',#7289);
#7289 = CARTESIAN_POINT('',(50.,43.,14.999999981854));
#7290 = SURFACE_CURVE('',#7291,(#7296,#7302),.PCURVE_S1.);
#7291 = CIRCLE('',#7292,3.);
#7292 = AXIS2_PLACEMENT_3D('',#7293,#7294,#7295);
#7293 = CARTESIAN_POINT('',(47.,43.,14.999999981854));
#7294 = DIRECTION('',(0.,6.123233995737E-17,1.));
#7295 = DIRECTION('',(0.,1.,-6.123233995737E-17));
#7296 = PCURVE('',#6458,#7297);
#7297 = DEFINITIONAL_REPRESENTATION('',(#7298),#7301);
#7298 = B_SPLINE_CURVE_WITH_KNOTS('',1,(#7299,#7300),.UNSPECIFIED.,.F.,
  .F.,(2,2),(3.14159265359,4.712388980385),.PIECEWISE_BEZIER_KNOTS.);
#7299 = CARTESIAN_POINT('',(0.,0.));
#7300 = CARTESIAN_POINT('',(1.570796326795,0.));
#7301 = ( GEOMETRIC_REPRESENTATION_CONTEXT(2) 
PARAMETRIC_REPRESENTATION_CONTEXT() REPRESENTATION_CONTEXT('2D SPACE',''
  ) );
#7302 = PCURVE('',#6569,#7303);
#7303 = DEFINITIONAL_REPRESENTATION('',(#7304),#7307);
#7304 = B_SPLINE_CURVE_WITH_KNOTS('',1,(#7305,#7306),.UNSPECIFIED.,.F.,
  .F.,(2,2),(3.14159265359,4.712388980385),.PIECEWISE_BEZIER_KNOTS.);
#7305 = CARTESIAN_POINT('',(-1.570796326795,3.14159265359));
#7306 = CARTESIAN_POINT('',(-1.570796326795,4.712388980385));
#7307 = ( GEOMETRIC_REPRESENTATION_CONTEXT(2) 
PARAMETRIC_REPRESENTATION_CONTEXT() REPRESENTATION_CONTEXT('2D SPACE',''
  ) );
#7308 = ORIENTED_EDGE('',*,*,#7309,.T.);
#7309 = EDGE_CURVE('',#7288,#7182,#7310,.T.);
#7310 = SURFACE_CURVE('',#7311,(#7315,#7322),.PCURVE_S1.);
#7311 = LINE('',#7312,#7313);
#7312 = CARTESIAN_POINT('',(50.,43.,14.999999981854));
#7313 = VECTOR('',#7314,1.);
#7314 = DIRECTION('',(0.,0.,1.));
#7315 = PCURVE('',#6458,#7316);
#7316 = DEFINITIONAL_REPRESENTATION('',(#7317),#7321);
#7317 = LINE('',#7318,#7319);
#7318 = CARTESIAN_POINT('',(1.570796326795,0.));
#7319 = VECTOR('',#7320,1.);
#7320 = DIRECTION('',(0.,1.));
#7321 = ( GEOMETRIC_REPRESENTATION_CONTEXT(2) 
PARAMETRIC_REPRESENTATION_CONTEXT() REPRESENTATION_CONTEXT('2D SPACE',''
  ) );
#7322 = PCURVE('',#7145,#7323);
#7323 = DEFINITIONAL_REPRESENTATION('',(#7324),#7328);
#7324 = LINE('',#7325,#7326);
#7325 = CARTESIAN_POINT('',(88.,-14.99999998185));
#7326 = VECTOR('',#7327,1.);
#7327 = DIRECTION('',(0.,-1.));
#7328 = ( GEOMETRIC_REPRESENTATION_CONTEXT(2) 
PARAMETRIC_REPRESENTATION_CONTEXT() REPRESENTATION_CONTEXT('2D SPACE',''
  ) );
#7329 = ORIENTED_EDGE('',*,*,#7181,.F.);
#7330 = ORIENTED_EDGE('',*,*,#6444,.F.);
#7331 = ADVANCED_FACE('',(#7332),#6492,.T.);
#7332 = FACE_BOUND('',#7333,.T.);
#7333 = EDGE_LOOP('',(#7334,#7335,#7358,#7378));
#7334 = ORIENTED_EDGE('',*,*,#7236,.T.);
#7335 = ORIENTED_EDGE('',*,*,#7336,.T.);
#7336 = EDGE_CURVE('',#7237,#7337,#7339,.T.);
#7337 = VERTEX_POINT('',#7338);
#7338 = CARTESIAN_POINT('',(50.,-43.,14.999999981854));
#7339 = SURFACE_CURVE('',#7340,(#7344,#7351),.PCURVE_S1.);
#7340 = LINE('',#7341,#7342);
#7341 = CARTESIAN_POINT('',(50.,-43.,34.999999981854));
#7342 = VECTOR('',#7343,1.);
#7343 = DIRECTION('',(0.,0.,-1.));
#7344 = PCURVE('',#6492,#7345);
#7345 = DEFINITIONAL_REPRESENTATION('',(#7346),#7350);
#7346 = LINE('',#7347,#7348);
#7347 = CARTESIAN_POINT('',(1.570796326795,0.));
#7348 = VECTOR('',#7349,1.);
#7349 = DIRECTION('',(0.,1.));
#7350 = ( GEOMETRIC_REPRESENTATION_CONTEXT(2) 
PARAMETRIC_REPRESENTATION_CONTEXT() REPRESENTATION_CONTEXT('2D SPACE',''
  ) );
#7351 = PCURVE('',#7145,#7352);
#7352 = DEFINITIONAL_REPRESENTATION('',(#7353),#7357);
#7353 = LINE('',#7354,#7355);
#7354 = CARTESIAN_POINT('',(2.,-34.99999998185));
#7355 = VECTOR('',#7356,1.);
#7356 = DIRECTION('',(0.,1.));
#7357 = ( GEOMETRIC_REPRESENTATION_CONTEXT(2) 
PARAMETRIC_REPRESENTATION_CONTEXT() REPRESENTATION_CONTEXT('2D SPACE',''
  ) );
#7358 = ORIENTED_EDGE('',*,*,#7359,.F.);
#7359 = EDGE_CURVE('',#6477,#7337,#7360,.T.);
#7360 = SURFACE_CURVE('',#7361,(#7366,#7372),.PCURVE_S1.);
#7361 = CIRCLE('',#7362,3.);
#7362 = AXIS2_PLACEMENT_3D('',#7363,#7364,#7365);
#7363 = CARTESIAN_POINT('',(47.,-43.,14.999999981854));
#7364 = DIRECTION('',(0.,0.,-1.));
#7365 = DIRECTION('',(0.,1.,0.));
#7366 = PCURVE('',#6492,#7367);
#7367 = DEFINITIONAL_REPRESENTATION('',(#7368),#7371);
#7368 = B_SPLINE_CURVE_WITH_KNOTS('',1,(#7369,#7370),.UNSPECIFIED.,.F.,
  .F.,(2,2),(0.,1.570796326795),.PIECEWISE_BEZIER_KNOTS.);
#7369 = CARTESIAN_POINT('',(0.,20.));
#7370 = CARTESIAN_POINT('',(1.570796326795,20.));
#7371 = ( GEOMETRIC_REPRESENTATION_CONTEXT(2) 
PARAMETRIC_REPRESENTATION_CONTEXT() REPRESENTATION_CONTEXT('2D SPACE',''
  ) );
#7372 = PCURVE('',#6624,#7373);
#7373 = DEFINITIONAL_REPRESENTATION('',(#7374),#7377);
#7374 = B_SPLINE_CURVE_WITH_KNOTS('',1,(#7375,#7376),.UNSPECIFIED.,.F.,
  .F.,(2,2),(0.,1.570796326795),.PIECEWISE_BEZIER_KNOTS.);
#7375 = CARTESIAN_POINT('',(2.22044604925E-16,3.14159265359));
#7376 = CARTESIAN_POINT('',(2.22044604925E-16,4.712388980385));
#7377 = ( GEOMETRIC_REPRESENTATION_CONTEXT(2) 
PARAMETRIC_REPRESENTATION_CONTEXT() REPRESENTATION_CONTEXT('2D SPACE',''
  ) );
#7378 = ORIENTED_EDGE('',*,*,#6476,.F.);
#7379 = ADVANCED_FACE('',(#7380),#6569,.T.);
#7380 = FACE_BOUND('',#7381,.F.);
#7381 = EDGE_LOOP('',(#7382,#7404,#7405,#7406));
#7382 = ORIENTED_EDGE('',*,*,#7383,.F.);
#7383 = EDGE_CURVE('',#6532,#7384,#7386,.T.);
#7384 = VERTEX_POINT('',#7385);
#7385 = CARTESIAN_POINT('',(50.,30.,1.999999981854));
#7386 = SURFACE_CURVE('',#7387,(#7392,#7398),.PCURVE_S1.);
#7387 = CIRCLE('',#7388,3.);
#7388 = AXIS2_PLACEMENT_3D('',#7389,#7390,#7391);
#7389 = CARTESIAN_POINT('',(47.,30.,1.999999981854));
#7390 = DIRECTION('',(0.,1.,0.));
#7391 = DIRECTION('',(0.,-0.,1.));
#7392 = PCURVE('',#6569,#7393);
#7393 = DEFINITIONAL_REPRESENTATION('',(#7394),#7397);
#7394 = B_SPLINE_CURVE_WITH_KNOTS('',1,(#7395,#7396),.UNSPECIFIED.,.F.,
  .F.,(2,2),(0.,1.570796326795),.PIECEWISE_BEZIER_KNOTS.);
#7395 = CARTESIAN_POINT('',(0.,3.14159265359));
#7396 = CARTESIAN_POINT('',(0.,4.712388980385));
#7397 = ( GEOMETRIC_REPRESENTATION_CONTEXT(2) 
PARAMETRIC_REPRESENTATION_CONTEXT() REPRESENTATION_CONTEXT('2D SPACE',''
  ) );
#7398 = PCURVE('',#6654,#7399);
#7399 = DEFINITIONAL_REPRESENTATION('',(#7400),#7403);
#7400 = B_SPLINE_CURVE_WITH_KNOTS('',1,(#7401,#7402),.UNSPECIFIED.,.F.,
  .F.,(2,2),(0.,1.570796326795),.PIECEWISE_BEZIER_KNOTS.);
#7401 = CARTESIAN_POINT('',(0.,60.));
#7402 = CARTESIAN_POINT('',(1.570796326795,60.));
#7403 = ( GEOMETRIC_REPRESENTATION_CONTEXT(2) 
PARAMETRIC_REPRESENTATION_CONTEXT() REPRESENTATION_CONTEXT('2D SPACE',''
  ) );
#7404 = ORIENTED_EDGE('',*,*,#6554,.T.);
#7405 = ORIENTED_EDGE('',*,*,#7287,.T.);
#7406 = ORIENTED_EDGE('',*,*,#7407,.F.);
#7407 = EDGE_CURVE('',#7384,#7288,#7408,.T.);
#7408 = SURFACE_CURVE('',#7409,(#7414,#7421),.PCURVE_S1.);
#7409 = CIRCLE('',#7410,13.);
#7410 = AXIS2_PLACEMENT_3D('',#7411,#7412,#7413);
#7411 = CARTESIAN_POINT('',(50.,30.,14.999999981854));
#7412 = DIRECTION('',(1.,-0.,0.));
#7413 = DIRECTION('',(0.,0.,-1.));
#7414 = PCURVE('',#6569,#7415);
#7415 = DEFINITIONAL_REPRESENTATION('',(#7416),#7420);
#7416 = LINE('',#7417,#7418);
#7417 = CARTESIAN_POINT('',(-0.,4.712388980385));
#7418 = VECTOR('',#7419,1.);
#7419 = DIRECTION('',(-1.,0.));
#7420 = ( GEOMETRIC_REPRESENTATION_CONTEXT(2) 
PARAMETRIC_REPRESENTATION_CONTEXT() REPRESENTATION_CONTEXT('2D SPACE',''
  ) );
#7421 = PCURVE('',#7145,#7422);
#7422 = DEFINITIONAL_REPRESENTATION('',(#7423),#7431);
#7423 = ( BOUNDED_CURVE() B_SPLINE_CURVE(2,(#7424,#7425,#7426,#7427,
#7428,#7429,#7430),.UNSPECIFIED.,.T.,.F.) B_SPLINE_CURVE_WITH_KNOTS((1,2
    ,2,2,2,1),(-2.094395102393,0.,2.094395102393,4.188790204786,
6.28318530718,8.377580409573),.UNSPECIFIED.) CURVE() 
GEOMETRIC_REPRESENTATION_ITEM() RATIONAL_B_SPLINE_CURVE((1.,0.5,1.,0.5,
1.,0.5,1.)) REPRESENTATION_ITEM('') );
#7424 = CARTESIAN_POINT('',(75.,-1.999999981854));
#7425 = CARTESIAN_POINT('',(97.516660498395,-1.999999981854));
#7426 = CARTESIAN_POINT('',(86.258330249198,-21.49999998185));
#7427 = CARTESIAN_POINT('',(75.,-40.99999998185));
#7428 = CARTESIAN_POINT('',(63.741669750802,-21.49999998185));
#7429 = CARTESIAN_POINT('',(52.483339501605,-1.999999981855));
#7430 = CARTESIAN_POINT('',(75.,-1.999999981854));
#7431 = ( GEOMETRIC_REPRESENTATION_CONTEXT(2) 
PARAMETRIC_REPRESENTATION_CONTEXT() REPRESENTATION_CONTEXT('2D SPACE',''
  ) );
#7432 = ADVANCED_FACE('',(#7433),#6624,.T.);
#7433 = FACE_BOUND('',#7434,.F.);
#7434 = EDGE_LOOP('',(#7435,#7436,#7437,#7459));
#7435 = ORIENTED_EDGE('',*,*,#7359,.F.);
#7436 = ORIENTED_EDGE('',*,*,#6609,.T.);
#7437 = ORIENTED_EDGE('',*,*,#7438,.T.);
#7438 = EDGE_CURVE('',#6585,#7439,#7441,.T.);
#7439 = VERTEX_POINT('',#7440);
#7440 = CARTESIAN_POINT('',(50.,-30.,1.999999981854));
#7441 = SURFACE_CURVE('',#7442,(#7447,#7453),.PCURVE_S1.);
#7442 = CIRCLE('',#7443,3.);
#7443 = AXIS2_PLACEMENT_3D('',#7444,#7445,#7446);
#7444 = CARTESIAN_POINT('',(47.,-30.,1.999999981854));
#7445 = DIRECTION('',(0.,1.,-1.056412609424E-16));
#7446 = DIRECTION('',(0.,-1.056412609424E-16,-1.));
#7447 = PCURVE('',#6624,#7448);
#7448 = DEFINITIONAL_REPRESENTATION('',(#7449),#7452);
#7449 = B_SPLINE_CURVE_WITH_KNOTS('',1,(#7450,#7451),.UNSPECIFIED.,.F.,
  .F.,(2,2),(3.14159265359,4.712388980385),.PIECEWISE_BEZIER_KNOTS.);
#7450 = CARTESIAN_POINT('',(-1.570796326795,3.14159265359));
#7451 = CARTESIAN_POINT('',(-1.570796326795,4.712388980385));
#7452 = ( GEOMETRIC_REPRESENTATION_CONTEXT(2) 
PARAMETRIC_REPRESENTATION_CONTEXT() REPRESENTATION_CONTEXT('2D SPACE',''
  ) );
#7453 = PCURVE('',#6654,#7454);
#7454 = DEFINITIONAL_REPRESENTATION('',(#7455),#7458);
#7455 = B_SPLINE_CURVE_WITH_KNOTS('',1,(#7456,#7457),.UNSPECIFIED.,.F.,
  .F.,(2,2),(3.14159265359,4.712388980385),.PIECEWISE_BEZIER_KNOTS.);
#7456 = CARTESIAN_POINT('',(0.,0.));
#7457 = CARTESIAN_POINT('',(1.570796326795,0.));
#7458 = ( GEOMETRIC_REPRESENTATION_CONTEXT(2) 
PARAMETRIC_REPRESENTATION_CONTEXT() REPRESENTATION_CONTEXT('2D SPACE',''
  ) );
#7459 = ORIENTED_EDGE('',*,*,#7460,.F.);
#7460 = EDGE_CURVE('',#7337,#7439,#7461,.T.);
#7461 = SURFACE_CURVE('',#7462,(#7467,#7474),.PCURVE_S1.);
#7462 = CIRCLE('',#7463,13.);
#7463 = AXIS2_PLACEMENT_3D('',#7464,#7465,#7466);
#7464 = CARTESIAN_POINT('',(50.,-30.,14.999999981854));
#7465 = DIRECTION('',(1.,-0.,0.));
#7466 = DIRECTION('',(-0.,-1.,-1.7763568394E-16));
#7467 = PCURVE('',#6624,#7468);
#7468 = DEFINITIONAL_REPRESENTATION('',(#7469),#7473);
#7469 = LINE('',#7470,#7471);
#7470 = CARTESIAN_POINT('',(-0.,4.712388980385));
#7471 = VECTOR('',#7472,1.);
#7472 = DIRECTION('',(-1.,0.));
#7473 = ( GEOMETRIC_REPRESENTATION_CONTEXT(2) 
PARAMETRIC_REPRESENTATION_CONTEXT() REPRESENTATION_CONTEXT('2D SPACE',''
  ) );
#7474 = PCURVE('',#7145,#7475);
#7475 = DEFINITIONAL_REPRESENTATION('',(#7476),#7484);
#7476 = ( BOUNDED_CURVE() B_SPLINE_CURVE(2,(#7477,#7478,#7479,#7480,
#7481,#7482,#7483),.UNSPECIFIED.,.T.,.F.) B_SPLINE_CURVE_WITH_KNOTS((1,2
    ,2,2,2,1),(-2.094395102393,0.,2.094395102393,4.188790204786,
6.28318530718,8.377580409573),.UNSPECIFIED.) CURVE() 
GEOMETRIC_REPRESENTATION_ITEM() RATIONAL_B_SPLINE_CURVE((1.,0.5,1.,0.5,
1.,0.5,1.)) REPRESENTATION_ITEM('') );
#7477 = CARTESIAN_POINT('',(2.,-14.99999998185));
#7478 = CARTESIAN_POINT('',(2.,7.516660516541));
#7479 = CARTESIAN_POINT('',(21.5,-3.741669732657));
#7480 = CARTESIAN_POINT('',(41.,-14.99999998185));
#7481 = CARTESIAN_POINT('',(21.5,-26.25833023105));
#7482 = CARTESIAN_POINT('',(2.,-37.51666048025));
#7483 = CARTESIAN_POINT('',(2.,-14.99999998185));
#7484 = ( GEOMETRIC_REPRESENTATION_CONTEXT(2) 
PARAMETRIC_REPRESENTATION_CONTEXT() REPRESENTATION_CONTEXT('2D SPACE',''
  ) );
#7485 = ADVANCED_FACE('',(#7486),#6654,.T.);
#7486 = FACE_BOUND('',#7487,.T.);
#7487 = EDGE_LOOP('',(#7488,#7489,#7510,#7511));
#7488 = ORIENTED_EDGE('',*,*,#7438,.T.);
#7489 = ORIENTED_EDGE('',*,*,#7490,.T.);
#7490 = EDGE_CURVE('',#7439,#7384,#7491,.T.);
#7491 = SURFACE_CURVE('',#7492,(#7496,#7503),.PCURVE_S1.);
#7492 = LINE('',#7493,#7494);
#7493 = CARTESIAN_POINT('',(50.,-30.,1.999999981854));
#7494 = VECTOR('',#7495,1.);
#7495 = DIRECTION('',(0.,1.,0.));
#7496 = PCURVE('',#6654,#7497);
#7497 = DEFINITIONAL_REPRESENTATION('',(#7498),#7502);
#7498 = LINE('',#7499,#7500);
#7499 = CARTESIAN_POINT('',(1.570796326795,0.));
#7500 = VECTOR('',#7501,1.);
#7501 = DIRECTION('',(0.,1.));
#7502 = ( GEOMETRIC_REPRESENTATION_CONTEXT(2) 
PARAMETRIC_REPRESENTATION_CONTEXT() REPRESENTATION_CONTEXT('2D SPACE',''
  ) );
#7503 = PCURVE('',#7145,#7504);
#7504 = DEFINITIONAL_REPRESENTATION('',(#7505),#7509);
#7505 = LINE('',#7506,#7507);
#7506 = CARTESIAN_POINT('',(15.,-1.999999981854));
#7507 = VECTOR('',#7508,1.);
#7508 = DIRECTION('',(1.,0.));
#7509 = ( GEOMETRIC_REPRESENTATION_CONTEXT(2) 
PARAMETRIC_REPRESENTATION_CONTEXT() REPRESENTATION_CONTEXT('2D SPACE',''
  ) );
#7510 = ORIENTED_EDGE('',*,*,#7383,.F.);
#7511 = ORIENTED_EDGE('',*,*,#6640,.F.);
#7512 = ADVANCED_FACE('',(#7513),#6710,.T.);
#7513 = FACE_BOUND('',#7514,.F.);
#7514 = EDGE_LOOP('',(#7515,#7537,#7560,#7580));
#7515 = ORIENTED_EDGE('',*,*,#7516,.T.);
#7516 = EDGE_CURVE('',#6672,#7517,#7519,.T.);
#7517 = VERTEX_POINT('',#7518);
#7518 = CARTESIAN_POINT('',(50.,43.5,10.));
#7519 = SURFACE_CURVE('',#7520,(#7525,#7531),.PCURVE_S1.);
#7520 = CIRCLE('',#7521,1.5);
#7521 = AXIS2_PLACEMENT_3D('',#7522,#7523,#7524);
#7522 = CARTESIAN_POINT('',(48.5,43.5,10.));
#7523 = DIRECTION('',(-0.,0.,-1.));
#7524 = DIRECTION('',(-0.,1.,0.));
#7525 = PCURVE('',#6710,#7526);
#7526 = DEFINITIONAL_REPRESENTATION('',(#7527),#7530);
#7527 = B_SPLINE_CURVE_WITH_KNOTS('',1,(#7528,#7529),.UNSPECIFIED.,.F.,
  .F.,(2,2),(0.,1.570796326795),.PIECEWISE_BEZIER_KNOTS.);
#7528 = CARTESIAN_POINT('',(0.,0.));
#7529 = CARTESIAN_POINT('',(-1.570796326795,0.));
#7530 = ( GEOMETRIC_REPRESENTATION_CONTEXT(2) 
PARAMETRIC_REPRESENTATION_CONTEXT() REPRESENTATION_CONTEXT('2D SPACE',''
  ) );
#7531 = PCURVE('',#6765,#7532);
#7532 = DEFINITIONAL_REPRESENTATION('',(#7533),#7536);
#7533 = B_SPLINE_CURVE_WITH_KNOTS('',1,(#7534,#7535),.UNSPECIFIED.,.F.,
  .F.,(2,2),(0.,1.570796326795),.PIECEWISE_BEZIER_KNOTS.);
#7534 = CARTESIAN_POINT('',(1.570796326795,0.));
#7535 = CARTESIAN_POINT('',(1.570796326795,1.570796326795));
#7536 = ( GEOMETRIC_REPRESENTATION_CONTEXT(2) 
PARAMETRIC_REPRESENTATION_CONTEXT() REPRESENTATION_CONTEXT('2D SPACE',''
  ) );
#7537 = ORIENTED_EDGE('',*,*,#7538,.T.);
#7538 = EDGE_CURVE('',#7517,#7539,#7541,.T.);
#7539 = VERTEX_POINT('',#7540);
#7540 = CARTESIAN_POINT('',(50.,43.5,40.));
#7541 = SURFACE_CURVE('',#7542,(#7546,#7553),.PCURVE_S1.);
#7542 = LINE('',#7543,#7544);
#7543 = CARTESIAN_POINT('',(50.,43.5,10.));
#7544 = VECTOR('',#7545,1.);
#7545 = DIRECTION('',(0.,0.,1.));
#7546 = PCURVE('',#6710,#7547);
#7547 = DEFINITIONAL_REPRESENTATION('',(#7548),#7552);
#7548 = LINE('',#7549,#7550);
#7549 = CARTESIAN_POINT('',(-1.570796326795,0.));
#7550 = VECTOR('',#7551,1.);
#7551 = DIRECTION('',(-0.,1.));
#7552 = ( GEOMETRIC_REPRESENTATION_CONTEXT(2) 
PARAMETRIC_REPRESENTATION_CONTEXT() REPRESENTATION_CONTEXT('2D SPACE',''
  ) );
#7553 = PCURVE('',#7145,#7554);
#7554 = DEFINITIONAL_REPRESENTATION('',(#7555),#7559);
#7555 = LINE('',#7556,#7557);
#7556 = CARTESIAN_POINT('',(88.5,-10.));
#7557 = VECTOR('',#7558,1.);
#7558 = DIRECTION('',(0.,-1.));
#7559 = ( GEOMETRIC_REPRESENTATION_CONTEXT(2) 
PARAMETRIC_REPRESENTATION_CONTEXT() REPRESENTATION_CONTEXT('2D SPACE',''
  ) );
#7560 = ORIENTED_EDGE('',*,*,#7561,.F.);
#7561 = EDGE_CURVE('',#6695,#7539,#7562,.T.);
#7562 = SURFACE_CURVE('',#7563,(#7568,#7574),.PCURVE_S1.);
#7563 = CIRCLE('',#7564,1.5);
#7564 = AXIS2_PLACEMENT_3D('',#7565,#7566,#7567);
#7565 = CARTESIAN_POINT('',(48.5,43.5,40.));
#7566 = DIRECTION('',(-0.,0.,-1.));
#7567 = DIRECTION('',(-0.,1.,0.));
#7568 = PCURVE('',#6710,#7569);
#7569 = DEFINITIONAL_REPRESENTATION('',(#7570),#7573);
#7570 = B_SPLINE_CURVE_WITH_KNOTS('',1,(#7571,#7572),.UNSPECIFIED.,.F.,
  .F.,(2,2),(0.,1.570796326795),.PIECEWISE_BEZIER_KNOTS.);
#7571 = CARTESIAN_POINT('',(0.,30.));
#7572 = CARTESIAN_POINT('',(-1.570796326795,30.));
#7573 = ( GEOMETRIC_REPRESENTATION_CONTEXT(2) 
PARAMETRIC_REPRESENTATION_CONTEXT() REPRESENTATION_CONTEXT('2D SPACE',''
  ) );
#7574 = PCURVE('',#6820,#7575);
#7575 = DEFINITIONAL_REPRESENTATION('',(#7576),#7579);
#7576 = B_SPLINE_CURVE_WITH_KNOTS('',1,(#7577,#7578),.UNSPECIFIED.,.F.,
  .F.,(2,2),(0.,1.570796326795),.PIECEWISE_BEZIER_KNOTS.);
#7577 = CARTESIAN_POINT('',(0.,0.));
#7578 = CARTESIAN_POINT('',(0.,1.570796326795));
#7579 = ( GEOMETRIC_REPRESENTATION_CONTEXT(2) 
PARAMETRIC_REPRESENTATION_CONTEXT() REPRESENTATION_CONTEXT('2D SPACE',''
  ) );
#7580 = ORIENTED_EDGE('',*,*,#6694,.F.);
#7581 = ADVANCED_FACE('',(#7582),#6765,.T.);
#7582 = FACE_BOUND('',#7583,.T.);
#7583 = EDGE_LOOP('',(#7584,#7606,#7607,#7608));
#7584 = ORIENTED_EDGE('',*,*,#7585,.F.);
#7585 = EDGE_CURVE('',#6749,#7586,#7588,.T.);
#7586 = VERTEX_POINT('',#7587);
#7587 = CARTESIAN_POINT('',(50.,35.,1.5));
#7588 = SURFACE_CURVE('',#7589,(#7594,#7600),.PCURVE_S1.);
#7589 = CIRCLE('',#7590,1.5);
#7590 = AXIS2_PLACEMENT_3D('',#7591,#7592,#7593);
#7591 = CARTESIAN_POINT('',(48.5,35.,1.5));
#7592 = DIRECTION('',(0.,-1.,-0.));
#7593 = DIRECTION('',(0.,0.,-1.));
#7594 = PCURVE('',#6765,#7595);
#7595 = DEFINITIONAL_REPRESENTATION('',(#7596),#7599);
#7596 = B_SPLINE_CURVE_WITH_KNOTS('',1,(#7597,#7598),.UNSPECIFIED.,.F.,
  .F.,(2,2),(0.,1.570796326795),.PIECEWISE_BEZIER_KNOTS.);
#7597 = CARTESIAN_POINT('',(0.,0.));
#7598 = CARTESIAN_POINT('',(0.,1.570796326795));
#7599 = ( GEOMETRIC_REPRESENTATION_CONTEXT(2) 
PARAMETRIC_REPRESENTATION_CONTEXT() REPRESENTATION_CONTEXT('2D SPACE',''
  ) );
#7600 = PCURVE('',#6896,#7601);
#7601 = DEFINITIONAL_REPRESENTATION('',(#7602),#7605);
#7602 = B_SPLINE_CURVE_WITH_KNOTS('',1,(#7603,#7604),.UNSPECIFIED.,.F.,
  .F.,(2,2),(0.,1.570796326795),.PIECEWISE_BEZIER_KNOTS.);
#7603 = CARTESIAN_POINT('',(0.,70.));
#7604 = CARTESIAN_POINT('',(-1.570796326795,70.));
#7605 = ( GEOMETRIC_REPRESENTATION_CONTEXT(2) 
PARAMETRIC_REPRESENTATION_CONTEXT() REPRESENTATION_CONTEXT('2D SPACE',''
  ) );
#7606 = ORIENTED_EDGE('',*,*,#6748,.T.);
#7607 = ORIENTED_EDGE('',*,*,#7516,.T.);
#7608 = ORIENTED_EDGE('',*,*,#7609,.F.);
#7609 = EDGE_CURVE('',#7586,#7517,#7610,.T.);
#7610 = SURFACE_CURVE('',#7611,(#7616,#7623),.PCURVE_S1.);
#7611 = CIRCLE('',#7612,8.5);
#7612 = AXIS2_PLACEMENT_3D('',#7613,#7614,#7615);
#7613 = CARTESIAN_POINT('',(50.,35.,10.));
#7614 = DIRECTION('',(1.,-0.,0.));
#7615 = DIRECTION('',(0.,0.,-1.));
#7616 = PCURVE('',#6765,#7617);
#7617 = DEFINITIONAL_REPRESENTATION('',(#7618),#7622);
#7618 = LINE('',#7619,#7620);
#7619 = CARTESIAN_POINT('',(0.,1.570796326795));
#7620 = VECTOR('',#7621,1.);
#7621 = DIRECTION('',(1.,0.));
#7622 = ( GEOMETRIC_REPRESENTATION_CONTEXT(2) 
PARAMETRIC_REPRESENTATION_CONTEXT() REPRESENTATION_CONTEXT('2D SPACE',''
  ) );
#7623 = PCURVE('',#7145,#7624);
#7624 = DEFINITIONAL_REPRESENTATION('',(#7625),#7633);
#7625 = ( BOUNDED_CURVE() B_SPLINE_CURVE(2,(#7626,#7627,#7628,#7629,
#7630,#7631,#7632),.UNSPECIFIED.,.T.,.F.) B_SPLINE_CURVE_WITH_KNOTS((1,2
    ,2,2,2,1),(-2.094395102393,0.,2.094395102393,4.188790204786,
6.28318530718,8.377580409573),.UNSPECIFIED.) CURVE() 
GEOMETRIC_REPRESENTATION_ITEM() RATIONAL_B_SPLINE_CURVE((1.,0.5,1.,0.5,
1.,0.5,1.)) REPRESENTATION_ITEM('') );
#7626 = CARTESIAN_POINT('',(80.,-1.5));
#7627 = CARTESIAN_POINT('',(94.722431864335,-1.5));
#7628 = CARTESIAN_POINT('',(87.361215932168,-14.25));
#7629 = CARTESIAN_POINT('',(80.,-27.));
#7630 = CARTESIAN_POINT('',(72.638784067832,-14.25));
#7631 = CARTESIAN_POINT('',(65.277568135665,-1.5));
#7632 = CARTESIAN_POINT('',(80.,-1.5));
#7633 = ( GEOMETRIC_REPRESENTATION_CONTEXT(2) 
PARAMETRIC_REPRESENTATION_CONTEXT() REPRESENTATION_CONTEXT('2D SPACE',''
  ) );
#7634 = ADVANCED_FACE('',(#7635),#6820,.T.);
#7635 = FACE_BOUND('',#7636,.T.);
#7636 = EDGE_LOOP('',(#7637,#7638,#7639,#7661));
#7637 = ORIENTED_EDGE('',*,*,#7561,.F.);
#7638 = ORIENTED_EDGE('',*,*,#6803,.T.);
#7639 = ORIENTED_EDGE('',*,*,#7640,.T.);
#7640 = EDGE_CURVE('',#6804,#7641,#7643,.T.);
#7641 = VERTEX_POINT('',#7642);
#7642 = CARTESIAN_POINT('',(50.,35.,48.5));
#7643 = SURFACE_CURVE('',#7644,(#7649,#7655),.PCURVE_S1.);
#7644 = CIRCLE('',#7645,1.5);
#7645 = AXIS2_PLACEMENT_3D('',#7646,#7647,#7648);
#7646 = CARTESIAN_POINT('',(48.5,35.,48.5));
#7647 = DIRECTION('',(0.,1.,-6.123233995737E-17));
#7648 = DIRECTION('',(0.,6.123233995737E-17,1.));
#7649 = PCURVE('',#6820,#7650);
#7650 = DEFINITIONAL_REPRESENTATION('',(#7651),#7654);
#7651 = B_SPLINE_CURVE_WITH_KNOTS('',1,(#7652,#7653),.UNSPECIFIED.,.F.,
  .F.,(2,2),(0.,1.570796326795),.PIECEWISE_BEZIER_KNOTS.);
#7652 = CARTESIAN_POINT('',(1.570796326795,0.));
#7653 = CARTESIAN_POINT('',(1.570796326795,1.570796326795));
#7654 = ( GEOMETRIC_REPRESENTATION_CONTEXT(2) 
PARAMETRIC_REPRESENTATION_CONTEXT() REPRESENTATION_CONTEXT('2D SPACE',''
  ) );
#7655 = PCURVE('',#6950,#7656);
#7656 = DEFINITIONAL_REPRESENTATION('',(#7657),#7660);
#7657 = B_SPLINE_CURVE_WITH_KNOTS('',1,(#7658,#7659),.UNSPECIFIED.,.F.,
  .F.,(2,2),(0.,1.570796326795),.PIECEWISE_BEZIER_KNOTS.);
#7658 = CARTESIAN_POINT('',(0.,0.));
#7659 = CARTESIAN_POINT('',(-1.570796326795,0.));
#7660 = ( GEOMETRIC_REPRESENTATION_CONTEXT(2) 
PARAMETRIC_REPRESENTATION_CONTEXT() REPRESENTATION_CONTEXT('2D SPACE',''
  ) );
#7661 = ORIENTED_EDGE('',*,*,#7662,.F.);
#7662 = EDGE_CURVE('',#7539,#7641,#7663,.T.);
#7663 = SURFACE_CURVE('',#7664,(#7669,#7676),.PCURVE_S1.);
#7664 = CIRCLE('',#7665,8.5);
#7665 = AXIS2_PLACEMENT_3D('',#7666,#7667,#7668);
#7666 = CARTESIAN_POINT('',(50.,35.,40.));
#7667 = DIRECTION('',(1.,0.,-0.));
#7668 = DIRECTION('',(0.,1.,0.));
#7669 = PCURVE('',#6820,#7670);
#7670 = DEFINITIONAL_REPRESENTATION('',(#7671),#7675);
#7671 = LINE('',#7672,#7673);
#7672 = CARTESIAN_POINT('',(0.,1.570796326795));
#7673 = VECTOR('',#7674,1.);
#7674 = DIRECTION('',(1.,0.));
#7675 = ( GEOMETRIC_REPRESENTATION_CONTEXT(2) 
PARAMETRIC_REPRESENTATION_CONTEXT() REPRESENTATION_CONTEXT('2D SPACE',''
  ) );
#7676 = PCURVE('',#7145,#7677);
#7677 = DEFINITIONAL_REPRESENTATION('',(#7678),#7686);
#7678 = ( BOUNDED_CURVE() B_SPLINE_CURVE(2,(#7679,#7680,#7681,#7682,
#7683,#7684,#7685),.UNSPECIFIED.,.T.,.F.) B_SPLINE_CURVE_WITH_KNOTS((1,2
    ,2,2,2,1),(-2.094395102393,0.,2.094395102393,4.188790204786,
6.28318530718,8.377580409573),.UNSPECIFIED.) CURVE() 
GEOMETRIC_REPRESENTATION_ITEM() RATIONAL_B_SPLINE_CURVE((1.,0.5,1.,0.5,
1.,0.5,1.)) REPRESENTATION_ITEM('') );
#7679 = CARTESIAN_POINT('',(88.5,-40.));
#7680 = CARTESIAN_POINT('',(88.5,-54.72243186433));
#7681 = CARTESIAN_POINT('',(75.75,-47.36121593216));
#7682 = CARTESIAN_POINT('',(63.,-40.));
#7683 = CARTESIAN_POINT('',(75.75,-32.63878406783));
#7684 = CARTESIAN_POINT('',(88.5,-25.27756813566));
#7685 = CARTESIAN_POINT('',(88.5,-40.));
#7686 = ( GEOMETRIC_REPRESENTATION_CONTEXT(2) 
PARAMETRIC_REPRESENTATION_CONTEXT() REPRESENTATION_CONTEXT('2D SPACE',''
  ) );
#7687 = ADVANCED_FACE('',(#7688),#6896,.T.);
#7688 = FACE_BOUND('',#7689,.F.);
#7689 = EDGE_LOOP('',(#7690,#7712,#7733,#7734));
#7690 = ORIENTED_EDGE('',*,*,#7691,.T.);
#7691 = EDGE_CURVE('',#6860,#7692,#7694,.T.);
#7692 = VERTEX_POINT('',#7693);
#7693 = CARTESIAN_POINT('',(50.,-35.,1.5));
#7694 = SURFACE_CURVE('',#7695,(#7700,#7706),.PCURVE_S1.);
#7695 = CIRCLE('',#7696,1.5);
#7696 = AXIS2_PLACEMENT_3D('',#7697,#7698,#7699);
#7697 = CARTESIAN_POINT('',(48.5,-35.,1.5));
#7698 = DIRECTION('',(0.,-1.,1.056412609424E-16));
#7699 = DIRECTION('',(0.,-1.056412609424E-16,-1.));
#7700 = PCURVE('',#6896,#7701);
#7701 = DEFINITIONAL_REPRESENTATION('',(#7702),#7705);
#7702 = B_SPLINE_CURVE_WITH_KNOTS('',1,(#7703,#7704),.UNSPECIFIED.,.F.,
  .F.,(2,2),(0.,1.570796326795),.PIECEWISE_BEZIER_KNOTS.);
#7703 = CARTESIAN_POINT('',(0.,0.));
#7704 = CARTESIAN_POINT('',(-1.570796326795,0.));
#7705 = ( GEOMETRIC_REPRESENTATION_CONTEXT(2) 
PARAMETRIC_REPRESENTATION_CONTEXT() REPRESENTATION_CONTEXT('2D SPACE',''
  ) );
#7706 = PCURVE('',#7005,#7707);
#7707 = DEFINITIONAL_REPRESENTATION('',(#7708),#7711);
#7708 = B_SPLINE_CURVE_WITH_KNOTS('',1,(#7709,#7710),.UNSPECIFIED.,.F.,
  .F.,(2,2),(0.,1.570796326795),.PIECEWISE_BEZIER_KNOTS.);
#7709 = CARTESIAN_POINT('',(1.570796326795,0.));
#7710 = CARTESIAN_POINT('',(1.570796326795,1.570796326795));
#7711 = ( GEOMETRIC_REPRESENTATION_CONTEXT(2) 
PARAMETRIC_REPRESENTATION_CONTEXT() REPRESENTATION_CONTEXT('2D SPACE',''
  ) );
#7712 = ORIENTED_EDGE('',*,*,#7713,.T.);
#7713 = EDGE_CURVE('',#7692,#7586,#7714,.T.);
#7714 = SURFACE_CURVE('',#7715,(#7719,#7726),.PCURVE_S1.);
#7715 = LINE('',#7716,#7717);
#7716 = CARTESIAN_POINT('',(50.,-35.,1.5));
#7717 = VECTOR('',#7718,1.);
#7718 = DIRECTION('',(0.,1.,0.));
#7719 = PCURVE('',#6896,#7720);
#7720 = DEFINITIONAL_REPRESENTATION('',(#7721),#7725);
#7721 = LINE('',#7722,#7723);
#7722 = CARTESIAN_POINT('',(-1.570796326795,0.));
#7723 = VECTOR('',#7724,1.);
#7724 = DIRECTION('',(-0.,1.));
#7725 = ( GEOMETRIC_REPRESENTATION_CONTEXT(2) 
PARAMETRIC_REPRESENTATION_CONTEXT() REPRESENTATION_CONTEXT('2D SPACE',''
  ) );
#7726 = PCURVE('',#7145,#7727);
#7727 = DEFINITIONAL_REPRESENTATION('',(#7728),#7732);
#7728 = LINE('',#7729,#7730);
#7729 = CARTESIAN_POINT('',(10.,-1.5));
#7730 = VECTOR('',#7731,1.);
#7731 = DIRECTION('',(1.,0.));
#7732 = ( GEOMETRIC_REPRESENTATION_CONTEXT(2) 
PARAMETRIC_REPRESENTATION_CONTEXT() REPRESENTATION_CONTEXT('2D SPACE',''
  ) );
#7733 = ORIENTED_EDGE('',*,*,#7585,.F.);
#7734 = ORIENTED_EDGE('',*,*,#6882,.F.);
#7735 = ADVANCED_FACE('',(#7736),#6950,.T.);
#7736 = FACE_BOUND('',#7737,.F.);
#7737 = EDGE_LOOP('',(#7738,#7739,#7762,#7782));
#7738 = ORIENTED_EDGE('',*,*,#7640,.T.);
#7739 = ORIENTED_EDGE('',*,*,#7740,.T.);
#7740 = EDGE_CURVE('',#7641,#7741,#7743,.T.);
#7741 = VERTEX_POINT('',#7742);
#7742 = CARTESIAN_POINT('',(50.,-35.,48.5));
#7743 = SURFACE_CURVE('',#7744,(#7748,#7755),.PCURVE_S1.);
#7744 = LINE('',#7745,#7746);
#7745 = CARTESIAN_POINT('',(50.,35.,48.5));
#7746 = VECTOR('',#7747,1.);
#7747 = DIRECTION('',(-0.,-1.,-0.));
#7748 = PCURVE('',#6950,#7749);
#7749 = DEFINITIONAL_REPRESENTATION('',(#7750),#7754);
#7750 = LINE('',#7751,#7752);
#7751 = CARTESIAN_POINT('',(-1.570796326795,0.));
#7752 = VECTOR('',#7753,1.);
#7753 = DIRECTION('',(-0.,1.));
#7754 = ( GEOMETRIC_REPRESENTATION_CONTEXT(2) 
PARAMETRIC_REPRESENTATION_CONTEXT() REPRESENTATION_CONTEXT('2D SPACE',''
  ) );
#7755 = PCURVE('',#7145,#7756);
#7756 = DEFINITIONAL_REPRESENTATION('',(#7757),#7761);
#7757 = LINE('',#7758,#7759);
#7758 = CARTESIAN_POINT('',(80.,-48.5));
#7759 = VECTOR('',#7760,1.);
#7760 = DIRECTION('',(-1.,0.));
#7761 = ( GEOMETRIC_REPRESENTATION_CONTEXT(2) 
PARAMETRIC_REPRESENTATION_CONTEXT() REPRESENTATION_CONTEXT('2D SPACE',''
  ) );
#7762 = ORIENTED_EDGE('',*,*,#7763,.F.);
#7763 = EDGE_CURVE('',#6914,#7741,#7764,.T.);
#7764 = SURFACE_CURVE('',#7765,(#7770,#7776),.PCURVE_S1.);
#7765 = CIRCLE('',#7766,1.5);
#7766 = AXIS2_PLACEMENT_3D('',#7767,#7768,#7769);
#7767 = CARTESIAN_POINT('',(48.5,-35.,48.5));
#7768 = DIRECTION('',(0.,1.,0.));
#7769 = DIRECTION('',(0.,-0.,1.));
#7770 = PCURVE('',#6950,#7771);
#7771 = DEFINITIONAL_REPRESENTATION('',(#7772),#7775);
#7772 = B_SPLINE_CURVE_WITH_KNOTS('',1,(#7773,#7774),.UNSPECIFIED.,.F.,
  .F.,(2,2),(0.,1.570796326795),.PIECEWISE_BEZIER_KNOTS.);
#7773 = CARTESIAN_POINT('',(0.,70.));
#7774 = CARTESIAN_POINT('',(-1.570796326795,70.));
#7775 = ( GEOMETRIC_REPRESENTATION_CONTEXT(2) 
PARAMETRIC_REPRESENTATION_CONTEXT() REPRESENTATION_CONTEXT('2D SPACE',''
  ) );
#7776 = PCURVE('',#7060,#7777);
#7777 = DEFINITIONAL_REPRESENTATION('',(#7778),#7781);
#7778 = B_SPLINE_CURVE_WITH_KNOTS('',1,(#7779,#7780),.UNSPECIFIED.,.F.,
  .F.,(2,2),(0.,1.570796326795),.PIECEWISE_BEZIER_KNOTS.);
#7779 = CARTESIAN_POINT('',(0.,0.));
#7780 = CARTESIAN_POINT('',(0.,1.570796326795));
#7781 = ( GEOMETRIC_REPRESENTATION_CONTEXT(2) 
PARAMETRIC_REPRESENTATION_CONTEXT() REPRESENTATION_CONTEXT('2D SPACE',''
  ) );
#7782 = ORIENTED_EDGE('',*,*,#6936,.F.);
#7783 = ADVANCED_FACE('',(#7784),#7005,.T.);
#7784 = FACE_BOUND('',#7785,.T.);
#7785 = EDGE_LOOP('',(#7786,#7808,#7809,#7810));
#7786 = ORIENTED_EDGE('',*,*,#7787,.F.);
#7787 = EDGE_CURVE('',#6968,#7788,#7790,.T.);
#7788 = VERTEX_POINT('',#7789);
#7789 = CARTESIAN_POINT('',(50.,-43.5,10.));
#7790 = SURFACE_CURVE('',#7791,(#7796,#7802),.PCURVE_S1.);
#7791 = CIRCLE('',#7792,1.5);
#7792 = AXIS2_PLACEMENT_3D('',#7793,#7794,#7795);
#7793 = CARTESIAN_POINT('',(48.5,-43.5,10.));
#7794 = DIRECTION('',(0.,0.,1.));
#7795 = DIRECTION('',(0.,-1.,0.));
#7796 = PCURVE('',#7005,#7797);
#7797 = DEFINITIONAL_REPRESENTATION('',(#7798),#7801);
#7798 = B_SPLINE_CURVE_WITH_KNOTS('',1,(#7799,#7800),.UNSPECIFIED.,.F.,
  .F.,(2,2),(0.,1.570796326795),.PIECEWISE_BEZIER_KNOTS.);
#7799 = CARTESIAN_POINT('',(-2.22044604925E-16,0.));
#7800 = CARTESIAN_POINT('',(-2.22044604925E-16,1.570796326795));
#7801 = ( GEOMETRIC_REPRESENTATION_CONTEXT(2) 
PARAMETRIC_REPRESENTATION_CONTEXT() REPRESENTATION_CONTEXT('2D SPACE',''
  ) );
#7802 = PCURVE('',#7092,#7803);
#7803 = DEFINITIONAL_REPRESENTATION('',(#7804),#7807);
#7804 = B_SPLINE_CURVE_WITH_KNOTS('',1,(#7805,#7806),.UNSPECIFIED.,.F.,
  .F.,(2,2),(0.,1.570796326795),.PIECEWISE_BEZIER_KNOTS.);
#7805 = CARTESIAN_POINT('',(0.,30.));
#7806 = CARTESIAN_POINT('',(-1.570796326795,30.));
#7807 = ( GEOMETRIC_REPRESENTATION_CONTEXT(2) 
PARAMETRIC_REPRESENTATION_CONTEXT() REPRESENTATION_CONTEXT('2D SPACE',''
  ) );
#7808 = ORIENTED_EDGE('',*,*,#6990,.T.);
#7809 = ORIENTED_EDGE('',*,*,#7691,.T.);
#7810 = ORIENTED_EDGE('',*,*,#7811,.F.);
#7811 = EDGE_CURVE('',#7788,#7692,#7812,.T.);
#7812 = SURFACE_CURVE('',#7813,(#7818,#7825),.PCURVE_S1.);
#7813 = CIRCLE('',#7814,8.5);
#7814 = AXIS2_PLACEMENT_3D('',#7815,#7816,#7817);
#7815 = CARTESIAN_POINT('',(50.,-35.,10.));
#7816 = DIRECTION('',(1.,-0.,0.));
#7817 = DIRECTION('',(-0.,-1.,-1.7763568394E-16));
#7818 = PCURVE('',#7005,#7819);
#7819 = DEFINITIONAL_REPRESENTATION('',(#7820),#7824);
#7820 = LINE('',#7821,#7822);
#7821 = CARTESIAN_POINT('',(0.,1.570796326795));
#7822 = VECTOR('',#7823,1.);
#7823 = DIRECTION('',(1.,0.));
#7824 = ( GEOMETRIC_REPRESENTATION_CONTEXT(2) 
PARAMETRIC_REPRESENTATION_CONTEXT() REPRESENTATION_CONTEXT('2D SPACE',''
  ) );
#7825 = PCURVE('',#7145,#7826);
#7826 = DEFINITIONAL_REPRESENTATION('',(#7827),#7835);
#7827 = ( BOUNDED_CURVE() B_SPLINE_CURVE(2,(#7828,#7829,#7830,#7831,
#7832,#7833,#7834),.UNSPECIFIED.,.T.,.F.) B_SPLINE_CURVE_WITH_KNOTS((1,2
    ,2,2,2,1),(-2.094395102393,0.,2.094395102393,4.188790204786,
6.28318530718,8.377580409573),.UNSPECIFIED.) CURVE() 
GEOMETRIC_REPRESENTATION_ITEM() RATIONAL_B_SPLINE_CURVE((1.,0.5,1.,0.5,
1.,0.5,1.)) REPRESENTATION_ITEM('') );
#7828 = CARTESIAN_POINT('',(1.5,-10.));
#7829 = CARTESIAN_POINT('',(1.5,4.722431864335));
#7830 = CARTESIAN_POINT('',(14.25,-2.638784067832));
#7831 = CARTESIAN_POINT('',(27.,-10.));
#7832 = CARTESIAN_POINT('',(14.25,-17.36121593216));
#7833 = CARTESIAN_POINT('',(1.5,-24.72243186433));
#7834 = CARTESIAN_POINT('',(1.5,-10.));
#7835 = ( GEOMETRIC_REPRESENTATION_CONTEXT(2) 
PARAMETRIC_REPRESENTATION_CONTEXT() REPRESENTATION_CONTEXT('2D SPACE',''
  ) );
#7836 = ADVANCED_FACE('',(#7837),#7060,.T.);
#7837 = FACE_BOUND('',#7838,.T.);
#7838 = EDGE_LOOP('',(#7839,#7840,#7841,#7863));
#7839 = ORIENTED_EDGE('',*,*,#7763,.F.);
#7840 = ORIENTED_EDGE('',*,*,#7045,.T.);
#7841 = ORIENTED_EDGE('',*,*,#7842,.T.);
#7842 = EDGE_CURVE('',#7023,#7843,#7845,.T.);
#7843 = VERTEX_POINT('',#7844);
#7844 = CARTESIAN_POINT('',(50.,-43.5,40.));
#7845 = SURFACE_CURVE('',#7846,(#7851,#7857),.PCURVE_S1.);
#7846 = CIRCLE('',#7847,1.5);
#7847 = AXIS2_PLACEMENT_3D('',#7848,#7849,#7850);
#7848 = CARTESIAN_POINT('',(48.5,-43.5,40.));
#7849 = DIRECTION('',(0.,6.123233995737E-17,1.));
#7850 = DIRECTION('',(0.,-1.,6.123233995737E-17));
#7851 = PCURVE('',#7060,#7852);
#7852 = DEFINITIONAL_REPRESENTATION('',(#7853),#7856);
#7853 = B_SPLINE_CURVE_WITH_KNOTS('',1,(#7854,#7855),.UNSPECIFIED.,.F.,
  .F.,(2,2),(0.,1.570796326795),.PIECEWISE_BEZIER_KNOTS.);
#7854 = CARTESIAN_POINT('',(1.570796326795,0.));
#7855 = CARTESIAN_POINT('',(1.570796326795,1.570796326795));
#7856 = ( GEOMETRIC_REPRESENTATION_CONTEXT(2) 
PARAMETRIC_REPRESENTATION_CONTEXT() REPRESENTATION_CONTEXT('2D SPACE',''
  ) );
#7857 = PCURVE('',#7092,#7858);
#7858 = DEFINITIONAL_REPRESENTATION('',(#7859),#7862);
#7859 = B_SPLINE_CURVE_WITH_KNOTS('',1,(#7860,#7861),.UNSPECIFIED.,.F.,
  .F.,(2,2),(0.,1.570796326795),.PIECEWISE_BEZIER_KNOTS.);
#7860 = CARTESIAN_POINT('',(0.,0.));
#7861 = CARTESIAN_POINT('',(-1.570796326795,0.));
#7862 = ( GEOMETRIC_REPRESENTATION_CONTEXT(2) 
PARAMETRIC_REPRESENTATION_CONTEXT() REPRESENTATION_CONTEXT('2D SPACE',''
  ) );
#7863 = ORIENTED_EDGE('',*,*,#7864,.F.);
#7864 = EDGE_CURVE('',#7741,#7843,#7865,.T.);
#7865 = SURFACE_CURVE('',#7866,(#7871,#7878),.PCURVE_S1.);
#7866 = CIRCLE('',#7867,8.5);
#7867 = AXIS2_PLACEMENT_3D('',#7868,#7869,#7870);
#7868 = CARTESIAN_POINT('',(50.,-35.,40.));
#7869 = DIRECTION('',(1.,0.,-0.));
#7870 = DIRECTION('',(0.,0.,1.));
#7871 = PCURVE('',#7060,#7872);
#7872 = DEFINITIONAL_REPRESENTATION('',(#7873),#7877);
#7873 = LINE('',#7874,#7875);
#7874 = CARTESIAN_POINT('',(0.,1.570796326795));
#7875 = VECTOR('',#7876,1.);
#7876 = DIRECTION('',(1.,0.));
#7877 = ( GEOMETRIC_REPRESENTATION_CONTEXT(2) 
PARAMETRIC_REPRESENTATION_CONTEXT() REPRESENTATION_CONTEXT('2D SPACE',''
  ) );
#7878 = PCURVE('',#7145,#7879);
#7879 = DEFINITIONAL_REPRESENTATION('',(#7880),#7888);
#7880 = ( BOUNDED_CURVE() B_SPLINE_CURVE(2,(#7881,#7882,#7883,#7884,
#7885,#7886,#7887),.UNSPECIFIED.,.T.,.F.) B_SPLINE_CURVE_WITH_KNOTS((1,2
    ,2,2,2,1),(-2.094395102393,0.,2.094395102393,4.188790204786,
6.28318530718,8.377580409573),.UNSPECIFIED.) CURVE() 
GEOMETRIC_REPRESENTATION_ITEM() RATIONAL_B_SPLINE_CURVE((1.,0.5,1.,0.5,
1.,0.5,1.)) REPRESENTATION_ITEM('') );
#7881 = CARTESIAN_POINT('',(10.,-48.5));
#7882 = CARTESIAN_POINT('',(-4.722431864335,-48.5));
#7883 = CARTESIAN_POINT('',(2.638784067832,-35.75));
#7884 = CARTESIAN_POINT('',(10.,-23.));
#7885 = CARTESIAN_POINT('',(17.361215932168,-35.75));
#7886 = CARTESIAN_POINT('',(24.722431864335,-48.5));
#7887 = CARTESIAN_POINT('',(10.,-48.5));
#7888 = ( GEOMETRIC_REPRESENTATION_CONTEXT(2) 
PARAMETRIC_REPRESENTATION_CONTEXT() REPRESENTATION_CONTEXT('2D SPACE',''
  ) );
#7889 = ADVANCED_FACE('',(#7890),#7092,.T.);
#7890 = FACE_BOUND('',#7891,.F.);
#7891 = EDGE_LOOP('',(#7892,#7893,#7914,#7915));
#7892 = ORIENTED_EDGE('',*,*,#7842,.T.);
#7893 = ORIENTED_EDGE('',*,*,#7894,.T.);
#7894 = EDGE_CURVE('',#7843,#7788,#7895,.T.);
#7895 = SURFACE_CURVE('',#7896,(#7900,#7907),.PCURVE_S1.);
#7896 = LINE('',#7897,#7898);
#7897 = CARTESIAN_POINT('',(50.,-43.5,40.));
#7898 = VECTOR('',#7899,1.);
#7899 = DIRECTION('',(-0.,-0.,-1.));
#7900 = PCURVE('',#7092,#7901);
#7901 = DEFINITIONAL_REPRESENTATION('',(#7902),#7906);
#7902 = LINE('',#7903,#7904);
#7903 = CARTESIAN_POINT('',(-1.570796326795,0.));
#7904 = VECTOR('',#7905,1.);
#7905 = DIRECTION('',(-0.,1.));
#7906 = ( GEOMETRIC_REPRESENTATION_CONTEXT(2) 
PARAMETRIC_REPRESENTATION_CONTEXT() REPRESENTATION_CONTEXT('2D SPACE',''
  ) );
#7907 = PCURVE('',#7145,#7908);
#7908 = DEFINITIONAL_REPRESENTATION('',(#7909),#7913);
#7909 = LINE('',#7910,#7911);
#7910 = CARTESIAN_POINT('',(1.5,-40.));
#7911 = VECTOR('',#7912,1.);
#7912 = DIRECTION('',(-0.,1.));
#7913 = ( GEOMETRIC_REPRESENTATION_CONTEXT(2) 
PARAMETRIC_REPRESENTATION_CONTEXT() REPRESENTATION_CONTEXT('2D SPACE',''
  ) );
#7914 = ORIENTED_EDGE('',*,*,#7787,.F.);
#7915 = ORIENTED_EDGE('',*,*,#7078,.F.);
#7916 = ADVANCED_FACE('',(#7917,#7927),#7145,.F.);
#7917 = FACE_BOUND('',#7918,.F.);
#7918 = EDGE_LOOP('',(#7919,#7920,#7921,#7922,#7923,#7924,#7925,#7926));
#7919 = ORIENTED_EDGE('',*,*,#7538,.F.);
#7920 = ORIENTED_EDGE('',*,*,#7609,.F.);
#7921 = ORIENTED_EDGE('',*,*,#7713,.F.);
#7922 = ORIENTED_EDGE('',*,*,#7811,.F.);
#7923 = ORIENTED_EDGE('',*,*,#7894,.F.);
#7924 = ORIENTED_EDGE('',*,*,#7864,.F.);
#7925 = ORIENTED_EDGE('',*,*,#7740,.F.);
#7926 = ORIENTED_EDGE('',*,*,#7662,.F.);
#7927 = FACE_BOUND('',#7928,.F.);
#7928 = EDGE_LOOP('',(#7929,#7930,#7931,#7932,#7933,#7934,#7935,#7936));
#7929 = ORIENTED_EDGE('',*,*,#7129,.T.);
#7930 = ORIENTED_EDGE('',*,*,#7258,.T.);
#7931 = ORIENTED_EDGE('',*,*,#7336,.T.);
#7932 = ORIENTED_EDGE('',*,*,#7460,.T.);
#7933 = ORIENTED_EDGE('',*,*,#7490,.T.);
#7934 = ORIENTED_EDGE('',*,*,#7407,.T.);
#7935 = ORIENTED_EDGE('',*,*,#7309,.T.);
#7936 = ORIENTED_EDGE('',*,*,#7205,.T.);
#7937 = ( GEOMETRIC_REPRESENTATION_CONTEXT(3) 
GLOBAL_UNCERTAINTY_ASSIGNED_CONTEXT((#7941)) 
GLOBAL_UNIT_ASSIGNED_CONTEXT((#7938,#7939,#7940)) REPRESENTATION_CONTEXT
('Context #1','3D Context with UNIT and UNCERTAINTY') );
#7938 = ( LENGTH_UNIT() NAMED_UNIT(*) SI_UNIT(.MILLI.,.METRE.) );
#7939 = ( NAMED_UNIT(*) PLANE_ANGLE_UNIT() SI_UNIT($,.RADIAN.) );
#7940 = ( NAMED_UNIT(*) SI_UNIT($,.STERADIAN.) SOLID_ANGLE_UNIT() );
#7941 = UNCERTAINTY_MEASURE_WITH_UNIT(LENGTH_MEASURE(1.E-07),#7938,
  'distance_accuracy_value','confusion accuracy');
#7942 = PRODUCT_RELATED_PRODUCT_CATEGORY('part',$,(#7));
ENDSEC;
END-ISO-10303-21;
